# Blender 4.1.1
# www.blender.org
mtllib item.mtl
o Cube
v 1.000000 1.000000 -1.000000
v 1.000000 -1.000000 -1.000000
v 1.000000 1.000000 1.000000
v 1.000000 -1.000000 1.000000
v -1.000000 1.000000 -1.000000
v -1.000000 -1.000000 -1.000000
v -1.000000 1.000000 1.000000
v -1.000000 -1.000000 1.000000
vn -0.0000 1.0000 -0.0000
vn -0.0000 -0.0000 1.0000
vn -1.0000 -0.0000 -0.0000
vn -0.0000 -1.0000 -0.0000
vn 1.0000 -0.0000 -0.0000
vn -0.0000 -0.0000 -1.0000
vt 0.625000 0.500000
vt 0.875000 0.500000
vt 0.875000 0.750000
vt 0.625000 0.750000
vt 0.375000 0.750000
vt 0.625000 1.000000
vt 0.375000 1.000000
vt 0.375000 0.000000
vt 0.625000 0.000000
vt 0.625000 0.250000
vt 0.375000 0.250000
vt 0.125000 0.500000
vt 0.375000 0.500000
vt 0.125000 0.750000
s 0
usemtl Material
f 1/1/1 5/2/1 7/3/1 3/4/1
f 4/5/2 3/4/2 7/6/2 8/7/2
f 8/8/3 7/9/3 5/10/3 6/11/3
f 6/12/4 2/13/4 4/5/4 8/14/4
f 2/13/5 1/1/5 3/4/5 4/5/5
f 6/11/6 5/10/6 1/1/6 2/13/6
o Crystal_03
v -7.987541 0.293119 -17.367031
v -8.297304 -2.449376 -15.397531
v -8.545235 -0.742005 -15.789858
v -8.288796 0.378676 -15.449326
v -7.586650 -4.962339 -13.196478
v -8.103803 -4.004692 -13.478135
v -8.340669 -2.695323 -13.867084
v -8.506251 -0.766645 -14.126464
v -8.411016 0.710861 -13.897397
v -8.296917 1.485373 -13.172792
v -7.725323 -5.007924 -11.557258
v -8.144684 -4.334520 -11.712051
v -8.278335 -2.868958 -12.016120
v -8.433957 -0.811063 -12.204576
v -8.539208 0.993003 -11.983571
v -8.373733 1.950767 -11.324307
v -7.947956 -5.109109 -9.728235
v -8.077418 -4.518441 -9.713767
v -8.204243 -3.045041 -9.815539
v -8.348781 -0.872063 -9.980685
v -8.478552 1.235756 -9.887893
v -8.351158 2.419312 -9.312016
v -7.985439 -5.031073 -7.851373
v -8.010859 -4.628972 -7.496029
v -8.115798 -3.240833 -7.460343
v -8.259897 -0.998432 -7.617691
v -8.403359 1.356759 -7.643010
v -8.297688 2.828824 -7.264228
v -8.056550 3.316847 -6.338122
v -7.944208 -4.723455 -5.288824
v -8.036536 -3.349818 -5.211763
v -8.176592 -1.071617 -5.336680
v -8.329226 1.463622 -5.397251
v -8.301660 3.160415 -5.156208
v -7.890477 3.814805 -4.697439
v -7.871426 -4.669855 -3.119368
v -7.966160 -3.292331 -3.102351
v -8.104557 -0.972783 -3.168805
v -8.262362 1.658610 -3.205929
v -8.356370 3.304954 -3.097635
v -7.958035 4.000136 -2.959044
v -7.524364 4.623631 -2.891358
v -7.803782 -4.587491 -1.040267
v -7.895532 -3.140801 -1.028857
v -8.031574 -0.773994 -1.027175
v -8.187523 1.906914 -1.054503
v -8.276354 3.420134 -1.062822
v -8.043345 4.175989 -1.129796
v -7.723560 -4.550321 1.049915
v -7.809561 -3.040102 1.093281
v -7.950930 -0.558076 1.123386
v -8.103121 2.082276 1.106466
v -8.210370 3.860196 1.024164
v -8.123788 4.387540 0.907233
v -7.714274 -2.984211 3.248336
v -7.858846 -0.470757 3.316847
v -8.009029 2.117687 3.291508
v -8.115259 3.850066 3.166239
v -8.158968 4.455375 2.995072
v -7.764912 -0.441257 5.435777
v -7.915935 2.115300 5.402568
v -8.020112 3.801042 5.273956
v -7.816438 1.948512 7.395776
v -6.609281 -0.495946 -23.508604
v -6.859915 0.264896 -23.504398
v -6.662124 -2.290334 -21.270596
v -7.203122 -0.519218 -21.409544
v -7.464269 0.350685 -21.494068
v -6.060970 -5.921690 -19.218918
v -6.633162 -4.398078 -18.962389
v -7.268884 -2.332515 -19.105885
v -7.777059 -0.561896 -19.359346
v -7.765682 0.306293 -19.427933
v -6.821305 -5.621366 -16.914293
v -7.300638 -4.237507 -16.822052
v -7.835609 -2.352056 -17.110533
v -8.266210 -0.710802 -17.486431
v -7.758296 1.240462 -17.217695
v -7.164367 -5.420039 -14.965306
v -7.838942 -4.079101 -15.134620
v -8.114912 1.321884 -14.847466
v -6.929780 -5.757813 -13.244823
v -8.149579 2.023810 -12.807778
v -6.896432 -5.731277 -11.568686
v -8.030526 2.666586 -10.580131
v -7.117403 -5.561423 -9.721949
v -7.876694 3.309575 -7.978660
v -7.707099 -5.189041 -7.805570
v -7.512267 4.138022 -5.948122
v -7.895935 -5.036902 -5.929789
v -7.149446 4.855397 -4.094527
v -7.802833 -5.021711 -3.298182
v -6.949322 5.315714 -2.810489
v -7.752735 -5.000734 -1.068688
v -7.270595 5.137432 -1.569258
v -7.687920 -4.995379 1.022484
v -7.891649 4.692224 0.732560
v -7.602143 -4.983371 3.087184
v -7.627404 -4.515134 3.161387
v -7.979468 4.623161 2.879394
v -7.503580 -4.926795 5.183831
v -7.526993 -4.481897 5.263031
v -7.616502 -2.945146 5.363983
v -8.062201 4.382352 5.105384
v -7.869711 4.557462 4.976163
v -7.405625 -4.824131 7.305774
v -7.427519 -4.443475 7.346605
v -7.513099 -3.032618 7.410874
v -7.663548 -0.615717 7.435958
v -7.922168 3.685415 7.324079
v -7.964349 4.307033 7.213823
v -7.675475 4.534844 7.093777
v -7.309363 -4.732063 9.418994
v -7.327343 -4.440830 9.428010
v -7.402765 -3.248985 9.430323
v -7.549005 -0.971658 9.396504
v -7.711293 1.666528 9.376246
v -7.822222 3.530857 9.389519
v -7.868434 4.249324 9.347754
v -7.456617 4.527006 9.178719
v -7.212401 -4.659533 11.505847
v -7.227013 -4.433212 11.505651
v -7.291925 -3.461921 11.466921
v -7.435216 -1.278179 11.406858
v -7.609419 1.457422 11.426422
v -7.729124 3.460459 11.497902
v -7.770360 4.224124 11.456374
v -7.067563 -4.553461 13.562081
v -7.129051 -4.330868 13.581065
v -7.178199 -3.595122 13.555735
v -7.323625 -1.398093 13.503172
v -7.506408 1.412520 13.544117
v -7.635704 3.446167 13.634442
v -7.641108 4.164795 13.655883
v -6.892290 -4.445799 15.596774
v -7.017837 -4.246642 15.669814
v -7.061615 -3.601665 15.680515
v -7.210393 -1.419052 15.653279
v -7.398987 1.415485 15.684842
v -7.531180 3.422129 15.748531
v -7.520876 4.080477 15.778868
v -6.744472 -4.338032 17.616198
v -6.869172 -4.147577 17.753309
v -6.937361 -3.548700 17.810966
v -7.086153 -1.409613 17.805677
v -7.283164 1.407594 17.809011
v -7.419167 3.374755 17.836521
v -7.399160 3.989704 17.863403
v -6.585979 -4.236382 19.584831
v -6.704439 -4.036911 19.814718
v -6.810610 -3.485872 19.908016
v -6.952935 -1.446795 19.912489
v -7.151743 1.330995 19.887339
v -7.289626 3.280470 19.888798
v -7.276980 3.899060 19.916979
v -6.548222 -3.950866 21.818031
v -6.667077 -3.464274 21.947174
v -6.800377 -1.551274 21.956932
v -6.992456 1.153885 21.930628
v -7.125284 3.129724 21.925091
v -7.137444 3.785670 21.951950
v -6.486962 -4.019193 23.912786
v -6.520076 -3.468251 23.981131
v -6.644052 -1.659312 24.001328
v -6.816519 0.984603 24.003662
v -6.934927 2.966606 23.996635
v -6.959967 3.673454 23.987244
v -6.344089 -3.885380 25.966990
v -6.374715 -3.379761 26.020081
v -6.488085 -1.644715 26.074141
v -6.615361 0.961830 26.106136
v -6.721683 2.943023 26.078951
v -6.727021 3.584760 25.958277
v -6.195865 -3.816516 28.013252
v -6.221098 -3.314965 28.080111
v -6.307603 -1.576605 28.155888
v -6.377728 1.031678 28.192572
v -6.466155 3.045263 28.119459
v -6.030735 -3.807273 30.007462
v -6.044036 -3.245028 30.150135
v -6.104982 -1.502420 30.254383
v -6.114604 1.084424 30.268003
v -5.853350 -3.238411 32.195137
v -4.717992 -0.541786 -29.956539
v -4.920372 0.113183 -29.799206
v -4.914198 -1.912372 -27.784605
v -5.408719 -0.416545 -27.756981
v -5.505174 0.229534 -27.750200
v -4.778178 -4.212290 -25.650314
v -5.516996 -1.993202 -25.608526
v -6.052490 -0.381093 -25.581997
v -6.176480 0.357553 -25.335709
v -4.655952 -6.299769 -23.691053
v -5.327289 -4.438900 -23.473402
v -6.066729 -2.189239 -23.464977
v -6.389029 0.672005 -23.571194
v -4.799524 -7.127061 -22.115786
v -5.316730 -6.181419 -21.518799
v -5.954627 -4.486016 -21.228891
v -6.892981 0.896718 -21.519352
v -5.400166 -6.751291 -19.924139
v -7.401428 1.092200 -19.191713
v -5.900352 -6.426927 -17.634665
v -6.972155 1.808655 -17.568657
v -6.150785 -6.238979 -15.485462
v -6.777413 2.518436 -15.222838
v -6.084239 -6.229636 -13.685624
v -6.517920 3.283755 -12.796515
v -5.914311 -6.272360 -11.789925
v -6.189183 4.085243 -10.369314
v -5.795928 -6.281599 -9.710000
v -5.907311 4.849489 -7.960694
v -5.821033 -6.210956 -7.567293
v -5.674557 5.497278 -5.938713
v -6.036746 -6.037113 -5.440660
v -5.750384 5.846651 -4.267808
v -6.250217 -5.862047 -3.165739
v -5.998044 5.970655 -3.003833
v -6.451907 -5.701483 -1.014570
v -6.253814 5.787805 -1.421542
v -6.628223 -5.563441 1.022083
v -6.396508 5.589054 0.682087
v -6.737359 -5.462831 3.029560
v -6.527583 5.393070 2.830829
v -6.813135 -5.370577 5.100828
v -6.486710 5.290300 4.934515
v -6.893600 -5.236176 7.244125
v -6.357418 5.232877 7.064733
v -6.876847 -5.085203 9.390928
v -6.392715 5.089374 9.158645
v -6.762552 -4.986470 11.498107
v -6.800627 4.764723 10.983485
v -6.621202 -4.904305 13.569668
v -6.665716 4.685016 13.508811
v -6.480483 -4.820804 15.612277
v -6.588449 4.593212 15.716112
v -6.375292 -4.715331 17.634096
v -6.482233 4.488639 17.831316
v -6.328910 -4.581058 19.594662
v -6.356894 4.376401 19.916191
v -6.331524 -4.295473 21.333723
v -6.237415 4.244794 21.991352
v -6.369044 -4.235358 23.842051
v -6.141583 4.090675 24.045803
v -6.233823 -4.135828 26.051334
v -6.089702 3.915110 25.984711
v -6.152618 -4.019981 28.161598
v -6.226228 3.658721 27.660738
v -6.006675 -3.943139 30.131130
v -6.152880 3.068866 30.215319
v -5.914273 3.553475 30.033367
v -5.865611 -3.850379 31.789396
v -5.870860 -1.478513 32.320217
v -5.861670 1.070503 32.310551
v -5.873100 3.023164 32.254738
v -5.682562 3.424738 32.178204
v -5.639766 -3.799094 34.176556
v -5.638077 -3.164070 34.279133
v -5.626578 -1.494138 34.371803
v -5.613604 0.984108 34.366673
v -5.612852 2.908269 34.319252
v -5.486556 3.274230 34.280918
v -5.402792 -3.745897 36.298573
v -5.403859 -3.078565 36.313759
v -5.380642 -1.514303 36.439514
v -5.359085 0.874232 36.476814
v -5.349466 2.788099 36.441452
v -5.272035 3.123558 36.391403
v -5.154804 -3.653425 38.415073
v -5.154317 -2.977541 38.392345
v -5.118184 -1.493781 38.565315
v -5.087357 0.787557 38.647038
v -5.076260 2.666665 38.614056
v -5.043018 2.966876 38.533386
v -4.871817 -3.542768 40.635128
v -4.867014 -2.816272 40.621563
v -4.829619 -1.403347 40.805428
v -4.797759 0.758004 40.893421
v -4.792295 2.568477 40.835091
v -4.793338 2.811849 40.709675
v -4.564916 -3.501284 42.938885
v -4.549275 -2.650928 42.997818
v -4.514100 -1.255075 43.170586
v -4.491521 0.784252 43.217682
v -4.497780 2.515075 43.101345
v -4.431264 2.726437 42.860859
v -4.233607 -2.551551 45.377514
v -4.198678 -1.095127 45.549984
v -4.184482 0.837820 45.558514
v -4.172602 2.474768 45.375801
v -3.936315 -2.415843 47.621117
v -3.922163 -0.971015 47.641567
v -3.971017 0.574195 47.193428
v -3.800189 1.749670 46.646923
v -3.813637 -1.155501 48.448944
v -3.826250 0.141377 48.020267
v -3.306825 1.426292 47.639080
v -3.289044 -0.796088 -34.350830
v -3.254807 -0.036494 -33.983562
v -2.929847 -4.078732 -32.148365
v -3.513956 -2.136027 -32.263927
v -4.014853 -0.641925 -32.139214
v -4.021305 0.175665 -31.568569
v -3.021573 -5.766759 -29.972702
v -3.561517 -4.039272 -30.048637
v -4.225107 -1.998300 -30.052160
v -4.014103 0.730269 -29.809534
v -3.208142 -7.062266 -27.874846
v -3.577192 -5.910210 -27.901831
v -4.207575 -4.050138 -27.824619
v -4.267633 1.106378 -27.856564
v -3.634652 -7.341026 -26.068880
v -4.099402 -6.120898 -25.839144
v -4.619426 1.455327 -25.767979
v -4.074768 -7.513710 -23.853819
v -4.889132 1.836555 -23.769838
v -3.819498 -7.651068 -22.202183
v -5.216109 2.113435 -21.712828
v -3.872860 -7.575590 -20.103531
v -5.387647 2.450685 -19.803246
v -3.960238 -7.479995 -17.863195
v -4.334280 3.632118 -18.192020
v -3.891135 -7.469612 -15.733001
v -4.010642 4.511565 -15.498918
v -3.641941 -7.560106 -13.777644
v -3.671038 5.358982 -12.955988
v -3.329729 -7.680027 -11.747098
v -3.314176 6.171207 -10.547935
v -3.142100 -7.725814 -9.576297
v -3.239551 6.776100 -8.154101
v -3.181454 -7.646720 -7.384532
v -3.297019 7.191943 -6.201426
v -3.453366 -7.441523 -5.227169
v -3.597367 7.313654 -4.781303
v -3.819814 -7.185130 -3.064376
v -3.798020 7.198267 -3.327128
v -4.176961 -6.936400 -0.976181
v -3.852762 7.058747 -1.448562
v -4.468484 -6.725549 1.021277
v -3.945686 6.883528 0.698025
v -4.638970 -6.580173 2.997320
v -4.102018 6.674101 2.860935
v -4.752883 -6.454803 5.044371
v -4.111514 6.545127 4.976656
v -4.890413 -6.265021 7.187756
v -4.028967 6.459756 7.128970
v -4.968050 -6.066309 9.365598
v -4.125478 6.276116 9.293476
v -4.894168 -5.944694 11.513212
v -4.425456 5.989610 11.375191
v -4.727302 -5.866731 13.611543
v -4.559412 5.782291 13.556000
v -4.609928 -5.760209 15.679870
v -4.583673 5.629385 15.674335
v -4.614838 -5.594938 17.739910
v -4.526737 5.491564 17.771067
v -4.764645 -5.360462 19.781820
v -4.441974 5.360648 19.867683
v -4.837564 -5.167748 21.795321
v -4.367138 5.215427 21.973064
v -4.757327 -5.039089 23.993896
v -4.338387 5.032298 24.069939
v -4.641478 -4.931200 26.172428
v -4.357218 4.823971 26.084803
v -4.529140 -4.824966 28.309393
v -4.371519 4.618593 27.996149
v -4.469404 -4.702233 30.349346
v -4.232115 4.470654 30.070368
v -4.437932 -4.575017 32.280548
v -4.075596 4.323461 32.153011
v -4.304471 -4.481123 34.366131
v -3.922804 4.166028 34.235828
v -4.171725 -4.376271 36.468090
v -3.771392 3.998899 36.341393
v -4.068612 -4.256970 38.635735
v -3.631093 3.805991 38.500469
v -3.975447 -4.124284 40.874336
v -3.537497 3.565917 40.705570
v -3.889701 -3.979374 43.092621
v -3.540678 3.260141 42.889065
v -4.020510 -3.723632 45.026711
v -3.837237 2.799971 44.894848
v -3.613322 -3.636541 47.593822
v -3.018420 2.904186 46.621788
v -3.395965 -3.617054 48.775528
v -3.763272 -2.384955 48.640137
v -3.757455 -1.238219 48.489307
v -3.418056 0.289714 48.313137
v -2.827319 1.684184 48.084927
v -2.543823 2.434949 47.788643
v -1.337918 -0.784363 -41.114620
v -1.149215 -3.474580 -38.516853
v -1.512148 -2.208458 -38.682438
v -2.003154 -0.762925 -38.861950
v -1.418421 0.058717 -38.519669
v -1.735103 -4.030767 -36.044006
v -2.169436 -2.318189 -36.450260
v -2.613521 -0.902827 -36.508701
v -2.169906 0.196560 -35.907059
v -1.990349 -5.033896 -34.147827
v -2.337000 -3.973207 -34.216995
v -2.827795 -2.244853 -34.387211
v -2.154414 0.873438 -34.000385
v -2.491831 -5.744452 -31.796087
v -2.267834 1.474324 -31.878693
v -2.799537 -6.609198 -29.791147
v -2.166869 2.177925 -29.925688
v -3.032416 -7.290164 -27.461353
v -2.106133 2.777998 -27.937502
v -2.926541 -7.736793 -25.981153
v -2.151986 3.302775 -25.873821
v -2.817731 -8.212194 -24.051378
v -2.279291 3.777680 -23.784025
v -2.412932 -8.398836 -22.021950
v -2.626912 4.061985 -21.682055
v -2.102725 -8.521555 -19.880058
v -3.347632 3.957491 -19.896578
v -0.506118 6.133160 -19.641384
v -1.903016 -8.585841 -17.753847
v -0.999333 6.227077 -17.703222
v -1.707180 -8.649529 -15.706757
v -0.962477 6.802013 -15.401930
v -1.486717 -8.726750 -13.720998
v -0.808588 7.432280 -13.167721
v -1.252570 -8.807728 -11.660672
v -0.415251 8.151773 -11.292276
v -1.125340 -8.822785 -9.510786
v -0.876956 8.404002 -8.700495
v -1.169906 -8.737335 -7.360826
v -1.217625 8.614498 -6.726942
v -1.379890 -8.560392 -5.234348
v -1.589933 8.481265 -5.231854
v -1.659228 -8.346561 -3.107004
v -1.653280 8.339573 -3.423980
v -1.931597 -8.138065 -1.006760
v -1.586211 8.253522 -1.372550
v -2.145940 -7.963330 1.048130
v -1.579041 8.128410 0.812248
v -2.246228 -7.843155 3.080613
v -1.674515 7.951304 2.965555
v -2.271177 -7.719049 5.128391
v -1.679592 7.823624 5.079998
v -2.346435 -7.554908 7.226544
v -1.619449 7.721534 7.236236
v -2.410403 -7.364430 9.375063
v -1.682603 7.547451 9.421714
v -2.376170 -7.211530 11.530127
v -1.871568 7.310281 11.542489
v -2.278059 -7.090049 13.656714
v -1.998197 7.104164 13.604872
v -2.205032 -6.960252 15.758135
v -2.049591 6.925793 15.642286
v -2.205101 -6.796504 17.849840
v -2.040415 6.764546 17.702120
v -2.285719 -6.596640 19.932194
v -2.006512 6.611868 19.789749
v -2.362708 -6.396821 22.015612
v -1.973339 6.448034 21.907856
v -2.339686 -6.240143 24.154593
v -1.978828 6.259275 24.043356
v -2.259396 -6.110396 26.305138
v -2.017497 6.048567 26.128399
v -2.182816 -5.980430 28.441454
v -2.026804 5.852417 28.126740
v -2.153334 -5.832479 30.520836
v -1.960431 5.694142 30.129507
v -2.138712 -5.677936 32.528118
v -1.870218 5.536827 32.147053
v -2.088241 -5.538778 34.546314
v -1.782164 5.366470 34.191025
v -2.057476 -5.387945 36.609806
v -1.698015 5.178513 36.292873
v -2.073884 -5.205904 38.776539
v -1.638244 4.955366 38.483173
v -2.109627 -5.001874 41.027008
v -1.637380 4.680788 40.746269
v -2.137269 -4.789629 43.297207
v -1.719775 4.333576 43.044613
v -2.169321 -4.578444 45.527271
v -1.866026 3.930347 45.360012
v -2.055247 -4.437674 47.741665
v -1.740361 3.710808 47.518257
v -1.964879 -4.360213 49.044292
v -2.702948 -3.101067 48.849915
v -2.939150 -1.375653 48.673264
v -2.599562 0.803856 48.538548
v -1.920423 2.524004 48.489822
v -1.197797 3.791477 48.385635
v 0.249262 -0.114168 -42.994125
v -0.615836 -3.287630 -40.480690
v -0.874054 -2.101015 -40.844704
v -0.373190 0.254411 -40.450417
v -0.922431 -3.829896 -38.764668
v -0.256441 0.964772 -38.550571
v -1.128991 -4.443599 -36.728283
v -0.379589 1.584109 -36.342239
v -1.376842 -5.104400 -34.591904
v -0.297368 2.347970 -34.175571
v -1.721282 -5.805676 -32.365448
v -0.154230 3.131505 -32.001270
v -1.828191 -6.456292 -30.187916
v 0.163757 3.935673 -29.931990
v -1.941912 -7.037947 -28.251085
v 0.443301 4.681740 -27.902775
v -1.505596 -7.696643 -25.807562
v 0.571957 5.325484 -25.833044
v -1.267219 -8.312120 -23.570591
v 0.563597 5.903800 -23.684795
v -1.004949 -8.886343 -21.432610
v 0.431811 6.446578 -21.266443
v -0.637688 -9.284707 -19.428677
v 1.103790 7.367836 -19.496456
v -0.407872 -9.378810 -17.534405
v 1.061407 7.827044 -17.426119
v -0.303107 -9.397464 -15.651491
v 0.920785 8.243067 -15.211836
v -0.265179 -9.378186 -13.691248
v 0.593319 8.467647 -13.188555
v 1.337394 9.006699 -13.246392
v -0.227619 -9.354540 -11.629420
v 0.847552 9.089799 -11.294655
v -0.219890 -9.306075 -9.507029
v 0.386622 9.243120 -9.144705
v -0.243650 -9.231165 -7.381677
v -0.032133 9.381463 -7.234268
v -0.307576 -9.132547 -5.262844
v -0.273466 9.195192 -5.464223
v -0.395471 -9.021048 -3.135587
v -0.274426 9.071099 -3.426278
v -0.482464 -8.910938 -1.010342
v -0.196456 8.982582 -1.248704
v -0.549647 -8.807997 1.098845
v -0.165159 8.869544 0.940666
v -0.560173 -8.692639 3.182601
v -0.186593 8.732953 3.066740
v -0.518825 -8.599410 5.241631
v -0.165791 8.615314 5.158280
v -0.516614 -8.460196 7.296788
v -0.117927 8.503424 7.298757
v -0.564632 -8.271169 9.405830
v -0.122370 8.356184 9.488894
v -0.568112 -8.099294 11.552419
v -0.166167 8.188209 11.627787
v -0.536014 -7.946041 13.691504
v -0.211455 8.022589 13.648727
v -0.510868 -7.787055 15.812180
v -0.281874 7.829126 15.649740
v -0.497093 -7.624460 17.923164
v -0.312741 7.649781 17.682205
v -0.509649 -7.453105 20.029274
v -0.313699 7.481077 19.748400
v -0.538379 -7.275825 22.139545
v -0.305692 7.306069 21.867403
v -0.517577 -7.121799 24.268854
v -0.298810 7.125346 24.030035
v -0.471452 -6.979541 26.401623
v -0.299027 6.935289 26.162634
v -0.419172 -6.838140 28.527376
v -0.286198 6.757357 28.201050
v -0.399472 -6.678732 30.626034
v -0.241843 6.593397 30.174355
v -0.388401 -6.515576 32.669136
v -0.198969 6.425074 32.139896
v -0.355254 -6.366558 34.666397
v -0.166813 6.240360 34.149784
v -0.347969 -6.203090 36.691555
v -0.148215 6.036358 36.253723
v -0.405975 -5.994358 38.841084
v -0.154224 5.792254 38.474327
v -0.477530 -5.767101 41.087463
v -0.167896 5.516973 40.767197
v -0.521941 -5.543730 43.391968
v -0.222711 5.195402 43.112255
v -0.540783 -5.328955 45.733555
v -0.306656 4.833090 45.525394
v -0.520339 -5.148143 47.901009
v -0.317681 4.528191 47.799561
v -0.527894 -5.021399 49.303616
v -0.729890 -4.646596 49.252632
v -1.044328 -3.477785 49.113537
v -1.168211 -1.467283 48.928085
v -1.002498 1.119777 48.734646
v -0.732861 3.260146 48.593925
v -0.352876 4.331501 48.558434
v -0.156767 4.467740 48.574543
v 1.078005 0.159227 -44.053543
v 1.084121 -2.323954 -42.959797
v 1.045753 0.569836 -42.835289
v 0.882209 -2.998603 -40.702641
v 0.968390 1.219988 -40.711937
v 0.784942 -3.570422 -38.759506
v 1.126153 2.034144 -38.634113
v 0.609574 -4.153693 -36.827229
v 1.239467 2.772894 -36.460487
v 0.386229 -4.804500 -34.717735
v 1.388821 3.614300 -34.203232
v 0.229533 -5.504315 -32.425262
v 1.549497 4.393342 -32.028824
v 0.279706 -6.188607 -30.084743
v 1.837346 5.179395 -29.937731
v 0.439078 -6.840369 -27.801399
v 2.137876 5.966215 -27.864859
v 0.640924 -7.501384 -25.470634
v 2.281113 6.622381 -25.794125
v 0.627948 -8.156946 -23.274418
v 2.308135 7.186487 -23.756901
v 0.511453 -8.748398 -21.218525
v 2.231500 7.680476 -21.673042
v 0.413040 -9.281335 -19.353464
v 2.269819 8.197507 -19.651461
v 0.354370 -9.676152 -17.641104
v 2.097347 8.587402 -17.489017
v 0.315774 -9.694060 -15.766849
v 1.730269 8.883750 -15.043695
v 0.239489 -9.645293 -13.731983
v 1.474087 9.041146 -13.539340
v 0.173266 -9.565807 -11.614528
v 1.143901 9.219660 -11.689805
v 0.139736 -9.496169 -9.475814
v 0.791958 9.424467 -9.666928
v 0.176804 -9.404969 -7.326712
v 0.530876 9.609693 -7.624604
v 0.288769 -9.217534 -5.187541
v 0.375783 9.547032 -5.555778
v 0.388623 -9.046765 -3.069458
v 0.427825 9.443178 -3.407873
v 0.441577 -8.903613 -0.966231
v 0.442025 9.317878 -1.190391
v 0.447787 -8.754573 1.115896
v 0.450442 9.192877 0.991874
v 0.420540 -8.625241 3.176304
v 0.467809 9.076426 3.106325
v 0.409574 -8.484776 5.236262
v 0.502006 8.964825 5.192252
v 0.398779 -8.341760 7.325006
v 0.537580 8.846732 7.311106
v 0.385674 -8.197344 9.444829
v 0.545902 8.706673 9.474707
v 0.397638 -8.035987 11.573476
v 0.531095 8.549725 11.635494
v 0.412450 -7.873622 13.697104
v 0.498099 8.378547 13.732793
v 0.419364 -7.717385 15.813700
v 0.460031 8.191575 15.776670
v 0.449506 -7.547069 17.926874
v 0.460558 7.990425 17.786127
v 0.470849 -7.383455 20.043390
v 0.463117 7.805522 19.815968
v 0.429015 -7.262984 22.167336
v 0.461351 7.638959 21.918941
v 0.384922 -7.156134 24.296106
v 0.480081 7.474284 24.074591
v 0.378128 -7.053584 26.423708
v 0.500906 7.323488 26.202095
v 0.394102 -6.967166 28.545605
v 0.520593 7.161432 28.253443
v 0.406314 -6.887697 30.652227
v 0.552198 6.985967 30.234512
v 0.421010 -6.770820 32.711197
v 0.571160 6.802121 32.199783
v 0.438783 -6.635034 34.723282
v 0.569719 6.597444 34.218678
v 0.463405 -6.470436 36.777275
v 0.558426 6.377375 36.335709
v 0.476878 -6.302298 38.939835
v 0.556860 6.148368 38.564297
v 0.473680 -6.085842 41.195419
v 0.585519 5.894202 40.869774
v 0.572420 -5.789097 43.538544
v 0.646397 5.638689 43.241894
v 0.733265 -5.475185 45.927464
v 0.731791 5.373795 45.678436
v 0.879651 -5.243221 48.075043
v 0.836371 5.136849 47.922398
v 0.980423 -5.177677 49.492825
v 0.939391 -4.656780 49.487621
v 0.995720 -3.516009 49.402325
v 1.141186 -1.409379 49.246288
v 1.227935 1.222827 49.037750
v 1.179244 3.353736 48.852978
v 1.067957 4.567736 48.737011
v 1.021750 4.977915 48.697021
v 2.242692 -2.187706 -42.846100
v 1.940311 -1.226352 -43.083534
v 1.335285 0.658212 -42.579994
v 2.602216 -2.762494 -40.595924
v 2.484877 -1.369927 -41.050743
v 1.979847 0.459442 -40.760983
v 1.485166 1.680443 -40.529831
v 2.565714 -3.322620 -38.639145
v 2.356786 0.767967 -38.747253
v 1.840129 2.620375 -38.284512
v 2.715335 -3.855400 -36.717724
v 2.672192 1.162047 -36.717869
v 2.186200 2.853458 -36.450485
v 2.015420 3.446440 -36.333179
v 2.751269 -4.484390 -34.559349
v 2.368565 3.477751 -34.343113
v 2.141783 4.357641 -33.912987
v 2.855786 -5.149960 -32.251743
v 2.301043 4.838242 -32.133171
v 2.270540 5.021835 -31.949017
v 2.995395 -5.824939 -29.897291
v 2.513749 5.344568 -30.072273
v 2.421949 5.657809 -29.960106
v 3.027069 -6.488173 -27.641356
v 2.581817 6.377822 -27.766247
v 2.930685 -7.141157 -25.490808
v 2.727876 7.101516 -25.614700
v 2.598882 -7.791961 -23.496859
v 2.876325 7.661273 -23.729809
v 2.214898 -8.402869 -21.627068
v 2.993867 8.089791 -21.882555
v 1.966949 -8.864152 -19.839367
v 2.868055 8.288511 -19.947412
v 1.787476 -8.927964 -17.996861
v 2.653173 8.412804 -17.999989
v 1.695405 -8.913426 -16.008528
v 2.473621 8.514966 -15.906601
v 1.505746 -8.939717 -13.858064
v 2.397340 8.554008 -13.968872
v 1.292774 -8.960952 -11.643186
v 2.291373 8.611864 -11.933972
v 1.256656 -8.876579 -9.433011
v 2.141897 8.697931 -9.801234
v 1.453486 -8.651884 -7.234794
v 2.046146 8.733356 -7.671358
v 1.766566 -8.320361 -5.077512
v 2.032926 8.659523 -5.589677
v 2.058033 -7.993585 -2.984099
v 1.995404 8.595607 -3.469358
v 2.241473 -7.730714 -0.916522
v 1.955509 8.525757 -1.268517
v 2.317279 -7.536574 1.138377
v 1.963730 8.399201 0.926713
v 2.295309 -7.406250 3.184603
v 2.073240 8.209806 3.070170
v 2.203198 -7.320571 5.242461
v 2.195247 8.005527 5.195140
v 2.088386 -7.244785 7.326309
v 2.286908 7.796836 7.330540
v 2.031477 -7.130728 9.419240
v 2.325678 7.617381 9.470289
v 2.041822 -6.973533 11.516953
v 2.282310 7.484482 11.610438
v 2.061337 -6.809986 13.635828
v 2.204995 7.370050 13.722263
v 2.081261 -6.645000 15.765149
v 2.172531 7.229287 15.784973
v 2.127747 -6.463645 17.877914
v 2.179996 7.063994 17.809114
v 2.157955 -6.294819 19.969296
v 2.168762 6.906580 19.854017
v 2.105656 -6.182017 22.065678
v 2.152104 6.745072 21.959110
v 2.034244 -6.090167 24.183176
v 2.180871 6.553128 24.081816
v 1.982090 -6.004647 26.317381
v 2.219275 6.354115 26.156879
v 1.940379 -5.931306 28.454237
v 2.193102 6.193266 28.217064
v 1.893224 -5.860983 30.580599
v 2.127455 6.059869 30.235983
v 1.848996 -5.757185 32.676758
v 2.046220 5.937643 32.240540
v 1.823389 -5.629694 34.744743
v 1.965248 5.812962 34.282841
v 1.815215 -5.486722 36.842113
v 1.897869 5.672572 36.405785
v 1.825329 -5.324055 39.026302
v 1.869201 5.477130 38.631325
v 1.873874 -5.126289 41.313499
v 1.924681 5.252155 40.955502
v 1.983883 -4.877795 43.692616
v 2.040642 4.954810 43.348000
v 2.134964 -4.600442 46.066010
v 2.226472 4.701700 45.759354
v 2.208564 -4.398398 48.174801
v 2.314550 4.478553 47.966671
v 2.182327 -4.317673 49.594376
v 2.825630 -3.184167 49.623333
v 3.161305 -1.196751 49.511356
v 3.208063 1.176257 49.318932
v 2.920268 3.116707 49.116425
v 2.366813 4.340220 48.937386
v 3.284826 -2.908168 -39.704258
v 2.955468 -2.648325 -40.809479
v 3.448630 -3.281708 -38.300606
v 3.489234 -3.040524 -38.941868
v 2.981189 -1.425183 -39.018478
v 3.762960 -3.687502 -36.185272
v 3.831186 -3.134915 -36.786369
v 3.409116 -1.302158 -36.925907
v 4.088866 -4.387168 -33.965008
v 4.506032 -3.242459 -34.627430
v 3.778929 -1.028696 -34.702927
v 2.946155 1.684863 -34.570908
v 4.441137 -5.014066 -31.885487
v 5.086145 -3.631677 -32.483559
v 4.225063 -0.992667 -32.511845
v 3.266784 1.946186 -32.488903
v 2.582086 3.926050 -32.368519
v 4.781640 -5.593225 -29.748360
v 4.779432 -1.337336 -30.443289
v 3.710338 1.794613 -30.503819
v 2.891705 4.138389 -30.382143
v 4.955231 -6.142405 -27.803961
v 4.187350 1.535538 -28.551043
v 3.240008 4.291189 -28.323883
v 2.754267 6.008451 -27.574673
v 4.867207 -6.716554 -25.916573
v 3.608338 4.344376 -26.355078
v 3.006614 6.202981 -25.898561
v 2.814090 6.876049 -25.599428
v 4.557262 -7.320673 -24.060209
v 3.341846 6.405956 -23.761684
v 3.029849 7.482754 -23.266594
v 4.269313 -7.548225 -22.141550
v 3.334541 7.558515 -21.492764
v 3.145110 7.970208 -21.648819
v 4.096225 -7.597607 -20.222244
v 3.724741 7.548223 -19.475468
v 3.238881 8.055774 -19.831669
v 4.044802 -7.556169 -18.269938
v 3.357545 7.971013 -17.919401
v 4.014150 -7.485593 -16.176786
v 3.617069 7.797602 -15.872674
v 3.796985 -7.516034 -13.949114
v 3.825830 7.657828 -13.972307
v 3.512347 -7.582480 -11.667556
v 4.014497 7.531120 -11.914714
v 3.436372 -7.504325 -9.387235
v 4.122829 7.456879 -9.732467
v 3.668251 -7.216749 -7.126995
v 4.224375 7.359512 -7.571747
v 4.099006 -6.800622 -4.946872
v 4.344804 7.187185 -5.524808
v 4.520370 -6.390615 -2.885782
v 4.374321 7.071003 -3.486389
v 4.781806 -6.078160 -0.842695
v 4.361887 6.970216 -1.340379
v 4.882200 -5.864984 1.192312
v 4.397133 6.830704 0.859867
v 4.839229 -5.739482 3.222220
v 4.533953 6.624136 3.045488
v 4.686065 -5.684644 5.257887
v 4.694542 6.403051 5.226025
v 4.495310 -5.656472 7.303076
v 4.824275 6.184256 7.386500
v 4.378345 -5.580794 9.346457
v 4.879334 6.006561 9.486124
v 4.347813 -5.446814 11.407254
v 4.811670 5.905231 11.582210
v 4.341070 -5.294454 13.517309
v 4.690733 5.838508 13.666448
v 4.334311 -5.142238 15.654531
v 4.611419 5.738505 15.731642
v 4.350189 -4.982986 17.762598
v 4.571229 5.609045 17.783998
v 4.349067 -4.839079 19.822927
v 4.514536 5.483455 19.864174
v 4.250144 -4.750870 21.904242
v 4.463140 5.347386 21.983799
v 4.140491 -4.672165 24.022137
v 4.469769 5.172774 24.068691
v 4.050353 -4.586005 26.171497
v 4.512096 4.981985 26.060528
v 3.963928 -4.501164 28.328480
v 4.429166 4.853372 28.178196
v 3.872055 -4.421776 30.482803
v 4.313417 4.747682 30.242678
v 3.779486 -4.343818 32.627777
v 4.189878 4.649511 32.276016
v 3.707731 -4.251623 34.757999
v 4.066680 4.549432 34.323120
v 3.649310 -4.148996 36.898243
v 3.953893 4.440982 36.430878
v 3.613950 -4.025390 39.090221
v 3.878747 4.308574 38.640587
v 3.608618 -3.868448 41.362217
v 3.868080 4.142892 40.960262
v 3.663663 -3.662955 43.700279
v 3.933002 3.962904 43.334137
v 3.749462 -3.438374 45.995872
v 4.021475 3.754439 45.659161
v 3.689237 -3.331340 48.127174
v 3.956584 3.576977 47.903580
v 3.685457 -3.237966 49.492516
v 4.162506 -2.654676 49.648071
v 4.471827 -0.984392 49.676895
v 4.506557 1.036157 49.512722
v 4.241556 2.650399 49.340618
v 3.989641 3.378250 49.244667
v 4.618995 -4.252131 -32.862183
v 4.348023 -3.996705 -33.908802
v 4.993258 -4.681117 -31.394440
v 4.907261 -4.490947 -31.909349
v 5.427385 -5.275141 -29.401114
v 5.552190 -4.908142 -29.873217
v 5.698052 -4.134912 -30.404478
v 5.662467 -5.795939 -27.845087
v 6.223779 -5.088587 -27.927607
v 6.237531 -4.391849 -28.320915
v 5.352750 -1.728914 -28.445906
v 6.044594 -6.199674 -26.086441
v 5.904725 -2.038005 -26.282686
v 4.689754 1.275624 -26.474970
v 6.326037 -6.365623 -24.301296
v 6.579282 -2.436217 -23.783575
v 5.350874 0.805934 -23.993168
v 4.124669 4.183949 -24.037975
v 6.321204 -6.309493 -22.333315
v 6.135149 0.192269 -21.240931
v 4.794444 3.765756 -21.428644
v 3.803015 6.335362 -21.498814
v 6.364503 -6.206429 -20.336361
v 6.821702 -0.229504 -18.667801
v 5.468148 3.321101 -18.850752
v 4.345635 6.097291 -19.153641
v 6.427915 -6.068090 -18.297758
v 4.906111 5.778614 -16.887886
v 4.203008 7.364598 -17.349138
v 6.470601 -5.932119 -16.145842
v 5.473591 5.400443 -14.717070
v 4.812430 6.978139 -14.969975
v 6.304967 -5.919349 -13.913966
v 5.452526 6.290041 -13.065528
v 5.079435 6.870668 -13.529969
v 6.048882 -5.955317 -11.646024
v 6.034518 5.834759 -11.037837
v 5.539216 6.576430 -11.612886
v 5.928583 -5.896711 -9.356304
v 5.930283 6.329744 -9.485897
v 6.035983 -5.687433 -7.070157
v 6.224558 6.066506 -7.340774
v 6.300623 -5.374026 -4.893216
v 6.451240 5.816811 -5.309621
v 6.595581 -5.048661 -2.899470
v 6.460974 5.710791 -3.344124
v 6.721066 -4.812408 -0.815294
v 6.475930 5.596717 -1.298026
v 6.707031 -4.660365 1.230287
v 6.343298 5.571211 0.859752
v 6.592650 -4.568018 3.253625
v 6.058478 5.643131 3.016079
v 6.421169 -4.514193 5.266211
v 6.061750 5.529807 5.151277
v 6.216104 -4.491596 7.268844
v 6.102731 5.380760 7.242638
v 6.049979 -4.450183 9.260232
v 6.091683 5.247030 9.325158
v 5.956079 -4.361489 11.276802
v 6.248465 5.002687 11.471619
v 5.895628 -4.248262 13.347266
v 6.602905 4.633405 13.596419
v 5.851009 -4.124378 15.446485
v 6.501570 4.557759 15.667107
v 5.838043 -3.982827 17.524939
v 6.420659 4.472265 17.743439
v 5.804584 -3.846617 19.536413
v 6.314743 4.386209 19.841297
v 5.649384 -3.759584 21.709312
v 5.928354 -3.084619 21.493252
v 6.210516 4.291122 21.953781
v 5.523227 -3.670395 23.887083
v 5.790096 -3.101782 23.828375
v 5.924096 -1.085496 23.893290
v 6.153857 4.164156 23.979118
v 5.409812 -3.593278 26.066689
v 5.662621 -3.120440 26.057108
v 5.777216 -1.178573 26.105810
v 5.944158 1.431592 26.171564
v 6.024961 3.314518 26.121410
v 6.089178 3.998126 25.712379
v 5.298132 -3.524370 28.238214
v 5.558835 -3.126504 28.231579
v 5.642426 -1.250753 28.249201
v 5.780154 1.335579 28.277151
v 5.839105 3.238355 28.255545
v 5.851153 3.953498 28.133543
v 5.186378 -3.458442 30.403473
v 5.497631 -3.107055 30.376669
v 5.536048 -1.272546 30.346230
v 5.641024 1.284520 30.324642
v 5.682148 3.171346 30.292797
v 5.602422 3.892346 30.244211
v 5.060925 -3.403232 32.570976
v 5.427534 -3.077896 32.516415
v 5.447523 -1.261125 32.441498
v 5.515481 1.264298 32.373260
v 5.553956 3.120396 32.317581
v 5.377291 3.812047 32.281384
v 4.939050 -3.345656 34.737640
v 5.310522 -3.021333 34.677048
v 5.343085 -1.239890 34.575272
v 5.397558 1.244523 34.469231
v 5.437401 3.042607 34.379658
v 5.237214 3.717051 34.323212
v 4.822674 -3.284147 36.903454
v 5.190846 -2.966624 36.868694
v 5.232774 -1.214500 36.757519
v 5.290930 1.220693 36.618210
v 5.329487 2.998502 36.495316
v 5.304905 3.615281 36.431816
v 4.731484 -3.203135 39.083786
v 5.085085 -2.878780 39.084358
v 5.113265 -1.164706 38.979286
v 5.183372 1.200276 38.816021
v 5.216471 2.931461 38.664524
v 5.227666 3.494039 38.611942
v 4.645272 -3.116292 41.298000
v 4.980958 -2.758024 41.315861
v 5.007254 -1.075911 41.237148
v 5.064595 1.193810 41.067814
v 5.110390 2.842815 40.905514
v 5.114469 3.403523 40.887337
v 4.591975 -3.005484 43.505680
v 4.875354 -2.653661 43.499405
v 4.922480 -0.995113 43.490063
v 4.980259 1.170861 43.337688
v 5.029989 2.749713 43.138447
v 5.022367 3.272288 43.152893
v 4.729765 -2.768293 45.448750
v 4.809008 -0.969313 45.678818
v 4.881299 1.135047 45.552113
v 4.952305 2.852746 45.127663
v 4.489247 -2.550284 47.939903
v 4.655697 -0.902054 47.861465
v 4.745515 1.035642 47.790115
v 4.809855 2.615432 47.767246
v 4.294868 -2.461732 49.393608
v 4.517365 -0.890444 49.415913
v 4.601568 1.032239 49.428604
v 4.679620 2.552028 49.359993
v 6.035409 -5.394643 -27.777103
v 6.669826 -5.484173 -25.862904
v 6.907144 -5.172500 -25.871838
v 6.781655 -4.523364 -26.128429
v 7.311231 -5.580272 -24.030729
v 7.607483 -5.275429 -23.800253
v 7.391213 -4.509360 -23.725315
v 7.766328 -5.423207 -22.241676
v 8.070781 -5.205898 -21.709898
v 7.891552 -4.517838 -21.339308
v 7.296357 -2.830272 -21.160587
v 7.879598 -5.256586 -20.206026
v 8.253379 -4.389997 -19.226217
v 7.814652 -2.973506 -18.798946
v 7.980368 -5.087233 -18.166613
v 8.132249 -2.773747 -16.774178
v 7.285659 -0.301351 -16.446793
v 6.038425 3.022799 -16.533211
v 8.046808 -4.928546 -16.019587
v 8.333759 -2.346504 -14.916473
v 7.596246 -0.111562 -14.478876
v 6.512229 2.846756 -14.451195
v 7.944098 -4.870808 -13.828333
v 8.521057 -4.271103 -13.765106
v 7.869828 0.115583 -12.630953
v 6.968121 2.641008 -12.495443
v 6.060658 4.904456 -12.702288
v 7.742821 -4.869435 -11.616317
v 8.355656 -4.250368 -11.612766
v 7.385707 2.519772 -10.569098
v 6.620581 4.501370 -10.660641
v 7.577589 -4.839712 -9.367343
v 8.173093 -4.288436 -9.417830
v 8.299676 -2.950565 -9.538706
v 7.717240 2.639869 -8.637514
v 7.113086 4.304740 -8.562599
v 6.586061 5.521915 -8.913498
v 7.520375 -4.734306 -7.108770
v 7.994014 -4.298993 -7.206760
v 8.126391 -2.960808 -7.392463
v 8.317972 -0.866304 -7.515049
v 7.553539 4.216354 -6.520103
v 7.103645 5.195691 -6.932760
v 7.540087 -4.582353 -4.992488
v 7.820304 -4.334606 -5.084215
v 7.937972 -3.124576 -5.224028
v 8.138430 -0.978806 -5.387268
v 6.946627 5.233284 -4.995176
v 7.663744 -4.383299 -3.281133
v 7.744515 -3.374774 -3.119855
v 7.939353 -1.266548 -3.230990
v 8.177767 1.417682 -3.268790
v 6.901155 5.198400 -3.167280
v 7.478997 -4.310532 -0.887820
v 7.557041 -3.463310 -0.940703
v 7.746675 -1.444892 -1.076815
v 8.006223 1.328285 -1.206749
v 6.890265 5.114926 -1.272269
v 7.277949 -4.257470 1.225661
v 7.383019 -3.438451 1.162207
v 7.568460 -1.470217 1.046273
v 7.833832 1.323167 0.913557
v 8.050767 3.666800 0.816220
v 6.981533 4.971550 0.840589
v 7.062323 -4.148704 3.257534
v 7.216969 -3.377063 3.221761
v 7.397736 -1.428468 3.154121
v 7.663317 1.378295 3.070221
v 7.849059 3.499964 2.998797
v 7.317489 4.063293 2.951601
v 6.753402 4.923219 2.955770
v 6.879347 -4.075353 5.260303
v 7.058319 -3.300833 5.254044
v 7.235662 -1.350583 5.244430
v 7.496261 1.453065 5.231135
v 7.598453 3.277089 5.161196
v 7.149967 4.006373 5.007193
v 6.628241 4.840539 5.009236
v 6.684555 -4.015983 7.236486
v 6.899560 -3.215064 7.250120
v 7.082100 -1.260011 7.287523
v 7.333599 1.533550 7.331192
v 7.452090 3.371742 7.273572
v 7.111590 3.998888 6.885853
v 6.693730 4.750010 6.896630
v 6.513878 -3.962060 9.187417
v 6.744766 -3.143555 9.201909
v 6.936233 -1.172355 9.263053
v 7.179022 1.610963 9.335659
v 7.277762 3.339720 9.272725
v 6.745871 4.290244 8.890218
v 6.464824 -3.988062 11.149861
v 6.616310 -3.065644 11.133736
v 6.801592 -1.059859 11.208402
v 7.024996 1.676870 11.323297
v 7.141018 3.383435 11.360245
v 6.740348 4.245687 11.332791
v 6.391419 -3.890498 13.124182
v 6.495442 -2.930524 13.076272
v 6.675990 -0.870843 13.165925
v 6.876470 1.783609 13.324127
v 7.023889 3.642860 13.442632
v 7.064088 4.342223 13.511734
v 6.268816 -3.772191 15.106139
v 6.369052 -2.747623 15.047869
v 6.547761 -0.679046 15.170334
v 6.724576 1.893666 15.367334
v 6.850235 3.634007 15.511549
v 6.895485 4.293596 15.594875
v 6.145815 -3.601993 17.072695
v 6.230714 -2.751092 17.013876
v 6.404293 -0.675244 17.215515
v 6.566421 1.883504 17.453991
v 6.678126 3.582552 17.604965
v 6.721943 4.270499 17.678185
v 6.074554 -3.130052 18.857885
v 6.247669 -0.872595 19.302900
v 6.406232 1.756346 19.581333
v 6.513489 3.492102 19.718777
v 6.555051 4.210110 19.761356
v 6.081845 -0.989502 21.612560
v 6.248344 1.640477 21.788227
v 6.353851 3.410063 21.866461
v 6.393904 4.131505 21.857119
v 6.094419 1.539252 24.003162
v 6.187802 3.330627 24.017385
v 6.227228 4.048979 23.909937
v 8.349867 -4.938943 -19.742243
v 8.609305 -4.662570 -17.901033
v 8.504337 -4.088283 -17.352148
v 8.612249 -4.411288 -15.873658
v 8.700949 -3.661773 -15.521625
v 8.607060 -3.284926 -13.593976
v 8.503051 -1.866916 -13.127560
v 8.460560 -3.047338 -11.606434
v 8.592000 -1.357725 -11.405843
v 8.114422 0.387840 -10.850781
v 8.465894 -1.031011 -9.525924
v 8.278654 0.852192 -9.126530
v 8.446267 1.356589 -7.318696
v 7.974963 3.003750 -6.641685
v 8.349096 1.518119 -5.316002
v 8.222240 3.303020 -4.844839
v 7.637081 4.204484 -4.449786
v 8.277481 3.429723 -3.059365
v 7.845800 3.794125 -3.048731
v 7.349339 4.600278 -3.095513
v 8.204396 3.560039 -1.251908
v 7.537163 4.178417 -1.652374
v 7.538291 4.131898 0.813638
v 0.516101 -0.177745 -43.739887
v -0.427421 -0.864311 -43.288918
v -0.271805 -1.989103 -42.833221
v -0.011501 -2.487737 -42.944180
v -0.494217 -0.915436 -43.211411
v 1.110255 0.101979 -44.108524
v 1.070131 0.143065 -44.075748
v 0.005357 -2.477711 -42.970947
v 1.123839 -2.176564 -43.474663
v 1.862706 -1.922982 -44.021637
v 1.252073 -0.109617 -44.216984
v 1.602164 -1.203077 -44.259354
v 1.299484 -1.787234 -43.919617
vn -0.9503 0.2664 -0.1612
vn -0.9570 -0.2808 -0.0722
vn -0.9901 -0.1389 0.0211
vn -0.9924 0.0787 -0.0950
vn -0.9563 0.2621 -0.1295
vn -0.8600 -0.4976 -0.1128
vn -0.9848 -0.1731 0.0169
vn -0.9961 -0.0807 0.0356
vn -0.9969 -0.0509 -0.0593
vn -0.9668 0.2355 -0.0995
vn -0.8466 -0.5319 -0.0205
vn -0.9960 -0.0853 0.0267
vn -0.9967 -0.0721 0.0362
vn -0.9974 -0.0630 0.0362
vn -0.9933 0.1145 -0.0155
vn -0.9960 -0.0856 0.0256
vn -0.9960 -0.0836 0.0305
vn -0.9974 -0.0637 0.0341
vn -0.9975 -0.0604 0.0367
vn -0.9976 0.0684 0.0124
vn -0.8127 0.5755 -0.0916
vn -0.9936 -0.1034 0.0460
vn -0.9966 -0.0761 0.0314
vn -0.9975 -0.0617 0.0345
vn -0.9975 -0.0604 0.0358
vn -0.9998 0.0169 -0.0045
vn -0.8126 0.5754 -0.0924
vn -0.9970 -0.0690 0.0351
vn -0.9976 -0.0594 0.0359
vn -0.9976 -0.0593 0.0357
vn -0.9982 -0.0555 -0.0226
vn -0.8567 0.5083 -0.0875
vn -0.8056 0.5756 -0.1402
vn -0.9972 -0.0635 0.0386
vn -0.9976 -0.0574 0.0393
vn -0.9975 -0.0576 0.0413
vn -0.9974 -0.0583 0.0425
vn -0.9549 0.2880 -0.0722
vn -0.8126 0.5753 -0.0932
vn -0.9974 -0.0580 0.0432
vn -0.9974 -0.0573 0.0432
vn -0.9974 -0.0572 0.0436
vn -0.9973 -0.0581 0.0438
vn -0.9872 0.1500 -0.0546
vn -0.9972 -0.0581 0.0464
vn -0.9973 -0.0586 0.0442
vn -0.9974 -0.0574 0.0439
vn -0.9973 -0.0581 0.0440
vn -0.9873 0.1573 -0.0217
vn -0.9972 -0.0586 0.0472
vn -0.9974 -0.0580 0.0437
vn -0.9973 -0.0595 0.0436
vn -0.9973 -0.0583 0.0449
vn -0.9973 -0.0589 0.0449
vn -0.9168 -0.3007 -0.2627
vn -0.9168 -0.3008 -0.2628
vn -0.9169 -0.3004 -0.2628
vn -0.9168 -0.3007 -0.2629
vn -0.9438 -0.2973 -0.1441
vn -0.9168 -0.3000 -0.2634
vn -0.9167 -0.3004 -0.2633
vn -0.9166 -0.3008 -0.2633
vn -0.9942 0.0046 -0.1070
vn -0.8923 0.4416 -0.0932
vn -0.8573 -0.4604 -0.2303
vn -0.9165 -0.3005 -0.2641
vn -0.9435 -0.1980 -0.2656
vn -0.9531 0.2561 -0.1612
vn -0.7715 -0.6359 -0.0196
vn -0.8847 -0.4568 -0.0930
vn -0.9287 0.3454 -0.1347
vn -0.6562 -0.7507 -0.0764
vn -0.8508 0.5152 -0.1032
vn -0.4749 -0.8736 -0.1061
vn -0.8456 0.5219 -0.1120
vn -0.4967 -0.8675 0.0262
vn -0.8095 0.5799 -0.0913
vn -0.4960 -0.8681 0.0205
vn -0.7890 0.6090 -0.0812
vn -0.9770 -0.2098 0.0380
vn -0.7578 0.6428 -0.1123
vn -0.9915 -0.1250 0.0372
vn -0.9958 -0.0822 0.0397
vn -0.7974 0.5952 -0.1000
vn -0.9957 -0.0823 0.0418
vn -0.7990 0.6011 -0.0133
vn -0.9969 -0.0611 0.0486
vn -0.9971 -0.0593 0.0486
vn -0.6510 0.7570 0.0560
vn -0.9968 -0.0626 0.0487
vn -0.9969 -0.0626 0.0477
vn -0.9971 -0.0604 0.0453
vn -0.9972 -0.0598 0.0443
vn -0.6463 0.7601 0.0674
vn -0.9969 -0.0630 0.0481
vn -0.9969 -0.0626 0.0478
vn -0.9969 -0.0625 0.0469
vn -0.9973 -0.0588 0.0446
vn -0.9972 -0.0597 0.0445
vn -0.9973 -0.0600 0.0432
vn -0.6008 0.7967 0.0661
vn -0.9968 -0.0643 0.0484
vn -0.9969 -0.0632 0.0476
vn -0.9969 -0.0633 0.0468
vn -0.9972 -0.0610 0.0433
vn -0.9973 -0.0596 0.0420
vn -0.9971 -0.0615 0.0456
vn -0.4745 0.8797 0.0326
vn -0.9609 -0.2705 0.0587
vn -0.9967 -0.0646 0.0501
vn -0.9967 -0.0640 0.0494
vn -0.9968 -0.0638 0.0471
vn -0.9969 -0.0653 0.0432
vn -0.9971 -0.0507 0.0572
vn -0.8329 -0.5494 0.0665
vn -0.9962 -0.0685 0.0544
vn -0.9966 -0.0647 0.0519
vn -0.9965 -0.0669 0.0501
vn -0.9966 -0.0672 0.0485
vn -0.9983 0.0130 0.0571
vn -0.8043 -0.5881 0.0854
vn -0.9911 -0.1187 0.0608
vn -0.9959 -0.0691 0.0578
vn -0.9961 -0.0697 0.0541
vn -0.9962 -0.0696 0.0519
vn -0.9978 0.0299 0.0596
vn -0.8035 -0.5875 0.0958
vn -0.9778 -0.1994 0.0651
vn -0.9957 -0.0696 0.0617
vn -0.9957 -0.0697 0.0604
vn -0.9958 -0.0697 0.0597
vn -0.9980 0.0177 0.0602
vn -0.8027 -0.5884 0.0969
vn -0.9645 -0.2543 0.0706
vn -0.9951 -0.0696 0.0707
vn -0.9949 -0.0706 0.0714
vn -0.9947 -0.0704 0.0751
vn -0.9974 0.0172 0.0694
vn -0.9951 -0.0687 0.0718
vn -0.9949 -0.0697 0.0724
vn -0.9944 -0.0698 0.0787
vn -0.9941 -0.0666 0.0861
vn -0.9961 -0.0220 0.0856
vn -0.9949 -0.0680 0.0739
vn -0.9949 -0.0674 0.0753
vn -0.9934 -0.0649 0.0943
vn -0.9931 -0.0590 0.1010
vn -0.9927 -0.0336 0.1158
vn -0.9953 -0.0602 0.0761
vn -0.9947 -0.0533 0.0880
vn -0.9931 -0.0283 0.1141
vn -0.9913 -0.0390 0.1261
vn -0.9022 0.4215 0.0919
vn -0.9952 -0.0455 0.0867
vn -0.9944 -0.0406 0.0975
vn -0.9920 -0.0044 0.1259
vn -0.9919 -0.0158 0.1262
vn -0.9948 -0.0466 0.0911
vn -0.9949 -0.0404 0.0929
vn -0.9155 -0.2977 -0.2706
vn -0.9542 -0.1397 -0.2644
vn -0.9164 -0.3001 -0.2650
vn -0.9161 -0.2999 -0.2663
vn -0.9618 -0.0736 -0.2635
vn -0.9171 -0.3001 -0.2626
vn -0.9170 -0.3003 -0.2626
vn -0.9168 -0.3005 -0.2629
vn -0.9621 -0.0740 -0.2625
vn -0.6564 0.7251 -0.2083
vn -0.9069 -0.3333 -0.2577
vn -0.9170 -0.3001 -0.2626
vn -0.9169 -0.3004 -0.2626
vn -0.6542 0.7175 -0.2393
vn -0.8453 -0.4876 -0.2185
vn -0.9170 -0.3001 -0.2628
vn -0.6904 0.7184 -0.0853
vn -0.7136 -0.6851 -0.1461
vn -0.6260 0.7610 -0.1703
vn -0.6383 -0.7691 -0.0329
vn -0.6273 0.7583 -0.1774
vn -0.5224 -0.8474 -0.0951
vn -0.6837 0.6864 -0.2478
vn -0.4784 -0.8779 0.0234
vn -0.5989 0.7774 -0.1923
vn -0.4786 -0.8777 0.0235
vn -0.6054 0.7763 -0.1755
vn -0.4785 -0.8778 0.0233
vn -0.6015 0.7716 -0.2069
vn -0.4784 -0.8778 0.0232
vn -0.5830 0.7896 -0.1915
vn -0.4774 -0.8784 0.0228
vn -0.5831 0.7895 -0.1917
vn -0.4748 -0.8798 0.0212
vn -0.5666 0.8240 0.0036
vn -0.4724 -0.8812 0.0169
vn -0.5427 0.8388 0.0424
vn -0.4724 -0.8812 0.0185
vn -0.5127 0.8573 0.0469
vn -0.5360 -0.8429 0.0479
vn -0.4665 0.8830 0.0522
vn -0.6207 -0.7812 0.0665
vn -0.4665 0.8830 0.0521
vn -0.6288 -0.7751 0.0624
vn -0.4659 0.8833 0.0527
vn -0.5864 -0.8081 0.0553
vn -0.4659 0.8833 0.0530
vn -0.5850 -0.8068 0.0828
vn -0.4665 0.8830 0.0528
vn -0.6162 -0.7819 0.0945
vn -0.4637 0.8844 0.0530
vn -0.6725 -0.7348 0.0884
vn -0.4773 0.8762 0.0673
vn -0.7138 -0.6941 0.0933
vn -0.4751 0.8774 0.0670
vn -0.7992 -0.5933 0.0962
vn -0.4590 0.8848 0.0808
vn -0.8765 -0.4814 0.0099
vn -0.4557 0.8857 0.0886
vn -0.9223 -0.3762 0.0887
vn -0.4612 0.8825 0.0922
vn -0.9835 -0.1745 0.0474
vn -0.4612 0.8819 0.0973
vn -0.9914 -0.1050 0.0776
vn -0.8708 0.4756 0.1248
vn -0.9915 -0.0940 0.0896
vn -0.9924 0.0040 0.1229
vn -0.9924 -0.0023 0.1229
vn -0.8714 0.4751 0.1226
vn -0.9945 -0.0431 0.0950
vn -0.9945 -0.0172 0.1033
vn -0.9928 0.0040 0.1199
vn -0.9922 -0.0022 0.1249
vn -0.8889 0.4436 0.1146
vn -0.9934 -0.0042 0.1145
vn -0.9930 0.0052 0.1182
vn -0.9928 0.0054 0.1200
vn -0.9924 0.0034 0.1234
vn -0.9347 0.3350 0.1189
vn -0.9929 0.0047 0.1190
vn -0.9924 0.0099 0.1224
vn -0.9922 0.0089 0.1246
vn -0.9921 0.0073 0.1252
vn -0.9632 0.2403 0.1206
vn -0.9918 0.0089 0.1272
vn -0.9918 0.0097 0.1274
vn -0.9917 0.0094 0.1280
vn -0.9918 0.0081 0.1272
vn -0.9823 0.1418 0.1228
vn -0.9912 0.0091 0.1319
vn -0.9913 0.0087 0.1317
vn -0.9914 0.0080 0.1305
vn -0.9916 0.0071 0.1290
vn -0.9822 0.0827 0.1686
vn -0.9676 0.0003 0.2523
vn -0.9914 0.0083 0.1309
vn -0.9915 0.0067 0.1299
vn -0.9899 0.0059 0.1416
vn -0.6136 0.7830 0.1016
vn -0.9914 0.0079 0.1306
vn -0.9914 0.0067 0.1305
vn -0.9524 0.0406 0.3022
vn -0.9908 0.0078 0.1350
vn -0.9827 0.0222 0.1837
vn -0.7884 0.3498 0.5061
vn -0.9167 -0.2839 -0.2811
vn -0.9262 0.2108 -0.3125
vn -0.9157 -0.2979 -0.2699
vn -0.9141 -0.2977 -0.2754
vn -0.9145 -0.2910 -0.2812
vn -0.9282 0.2080 -0.3086
vn -0.5469 0.7991 -0.2497
vn -0.9163 -0.2989 -0.2666
vn -0.9159 -0.2993 -0.2675
vn -0.9164 -0.2979 -0.2672
vn -0.5500 0.8039 -0.2262
vn -0.9171 -0.2998 -0.2628
vn -0.9169 -0.3001 -0.2630
vn -0.5759 0.7851 -0.2282
vn -0.8838 -0.3881 -0.2613
vn -0.6025 0.7651 -0.2273
vn -0.4715 -0.8818 -0.0005
vn -0.6172 0.7608 -0.2005
vn -0.4729 -0.8809 0.0214
vn -0.5908 0.7838 -0.1915
vn -0.4750 -0.8797 0.0209
vn -0.5883 0.7856 -0.1914
vn -0.4764 -0.8790 0.0214
vn -0.5882 0.7863 -0.1891
vn -0.4763 -0.8790 0.0222
vn -0.5857 0.7892 -0.1848
vn -0.4776 -0.8783 0.0230
vn -0.5859 0.7898 -0.1815
vn -0.5848 0.7904 -0.1824
vn -0.4788 -0.8776 0.0233
vn -0.5839 0.7904 -0.1855
vn -0.4790 -0.8775 0.0232
vn -0.5836 0.7892 -0.1911
vn -0.4787 -0.8777 0.0226
vn -0.5651 0.8249 -0.0125
vn -0.4787 -0.8777 0.0227
vn -0.4809 0.8753 0.0510
vn -0.4738 -0.8805 0.0187
vn -0.4667 0.8829 0.0519
vn -0.4737 -0.8804 0.0239
vn -0.4667 0.8829 0.0518
vn -0.4651 -0.8850 0.0224
vn -0.4669 0.8828 0.0517
vn -0.4557 -0.8893 0.0387
vn -0.4672 0.8826 0.0521
vn -0.4555 -0.8878 0.0660
vn -0.4666 0.8828 0.0541
vn -0.4558 -0.8876 0.0659
vn -0.4656 0.8833 0.0545
vn -0.4532 -0.8887 0.0691
vn -0.4623 0.8850 0.0557
vn -0.4497 -0.8903 0.0714
vn -0.4623 0.8848 0.0586
vn -0.4497 -0.8904 0.0698
vn -0.4568 0.8867 0.0707
vn -0.4493 -0.8905 0.0716
vn -0.4533 0.8883 0.0738
vn -0.4551 -0.8788 0.1436
vn -0.4542 0.8875 0.0774
vn -0.5072 -0.8617 0.0131
vn -0.4584 0.8848 0.0836
vn -0.4503 -0.8903 0.0677
vn -0.4620 0.8826 0.0869
vn -0.4499 -0.8906 0.0662
vn -0.4668 0.8791 0.0965
vn -0.4494 -0.8908 0.0668
vn -0.4716 0.8760 0.1009
vn -0.4695 -0.8805 0.0657
vn -0.4779 0.8723 0.1040
vn -0.4616 -0.8844 0.0694
vn -0.4840 0.8685 0.1073
vn -0.4625 -0.8836 0.0733
vn -0.4985 0.8606 0.1042
vn -0.4955 -0.8657 0.0712
vn -0.5059 0.8556 0.1093
vn -0.5563 -0.8278 0.0722
vn -0.5111 0.8519 0.1144
vn -0.5587 -0.8245 0.0893
vn -0.5132 0.8501 0.1183
vn -0.5867 -0.8070 0.0670
vn -0.5132 0.8500 0.1191
vn -0.9561 -0.2562 0.1422
vn -0.5218 0.8299 0.1973
vn -0.9518 -0.2556 0.1694
vn -0.7066 0.4896 0.5109
vn -0.4587 0.1182 0.8807
vn -0.3752 0.1880 0.9077
vn -0.6233 0.4431 0.6443
vn -0.7230 0.4721 0.5045
vn -0.8928 -0.3679 -0.2601
vn -0.7051 0.6341 -0.3175
vn -0.9115 -0.2983 -0.2831
vn -0.9055 -0.3392 -0.2550
vn -0.8348 0.4822 -0.2656
vn -0.9045 -0.3144 -0.2881
vn -0.9124 -0.2980 -0.2806
vn -0.9185 -0.2856 -0.2734
vn -0.8258 0.4879 -0.2827
vn -0.6179 0.7425 -0.2586
vn -0.9081 -0.3148 -0.2763
vn -0.9167 -0.2876 -0.2774
vn -0.6202 0.7455 -0.2443
vn -0.9153 -0.2993 -0.2696
vn -0.6080 0.7565 -0.2411
vn -0.1142 -0.8898 -0.4419
vn -0.6097 0.7599 -0.2255
vn -0.4988 -0.8311 -0.2461
vn -0.6008 0.7658 -0.2292
vn -0.4993 -0.8474 -0.1806
vn -0.5899 0.7748 -0.2274
vn -0.4706 -0.8822 0.0127
vn -0.5851 0.7852 -0.2030
vn -0.4730 -0.8809 0.0180
vn -0.5887 0.7853 -0.1917
vn -0.5860 0.7876 -0.1904
vn -0.4741 -0.8803 0.0179
vn -0.5888 0.7854 -0.1909
vn -0.5857 0.7883 -0.1886
vn -0.4754 -0.8796 0.0181
vn -0.5860 0.7884 -0.1870
vn -0.4763 -0.8791 0.0187
vn -0.5867 0.7886 -0.1844
vn -0.4777 -0.8783 0.0198
vn -0.5860 0.7900 -0.1802
vn -0.4783 -0.8779 0.0222
vn -0.5861 0.7897 -0.1813
vn -0.4767 -0.8788 0.0232
vn -0.5863 0.7886 -0.1853
vn -0.4747 -0.8798 0.0239
vn -0.5753 0.8149 -0.0707
vn -0.4730 -0.8807 0.0243
vn -0.4936 0.8682 0.0508
vn -0.4729 -0.8807 0.0261
vn -0.4673 0.8826 0.0523
vn -0.4704 -0.8821 0.0245
vn -0.4670 0.8827 0.0521
vn -0.4673 -0.8837 0.0247
vn -0.4669 0.8828 0.0519
vn -0.4545 -0.8903 0.0292
vn -0.4664 0.8830 0.0522
vn -0.4523 -0.8905 0.0498
vn -0.4651 0.8835 0.0548
vn -0.4518 -0.8897 0.0651
vn -0.4651 0.8834 0.0569
vn -0.4488 -0.8912 0.0659
vn -0.4633 0.8843 0.0576
vn -0.4487 -0.8910 0.0688
vn -0.4616 0.8850 0.0601
vn -0.4472 -0.8916 0.0706
vn -0.4586 0.8862 0.0660
vn -0.4477 -0.8914 0.0704
vn -0.4536 0.8883 0.0716
vn -0.4486 -0.8911 0.0694
vn -0.4529 0.8886 0.0723
vn -0.4487 -0.8910 0.0690
vn -0.4537 0.8879 0.0758
vn -0.4476 -0.8915 0.0701
vn -0.4548 0.8873 0.0773
vn -0.4457 -0.8924 0.0705
vn -0.4591 0.8847 0.0809
vn -0.4457 -0.8926 0.0678
vn -0.4633 0.8822 0.0844
vn -0.4438 -0.8936 0.0668
vn -0.4742 0.8763 0.0850
vn -0.4416 -0.8948 0.0661
vn -0.4799 0.8727 0.0895
vn -0.4375 -0.8966 0.0684
vn -0.4794 0.8718 0.1011
vn -0.4344 -0.8978 0.0722
vn -0.4853 0.8690 0.0971
vn -0.4344 -0.8980 0.0701
vn -0.4902 0.8657 0.1016
vn -0.4294 -0.9000 0.0748
vn -0.4962 0.8619 0.1048
vn -0.4259 -0.9013 0.0791
vn -0.5047 0.8561 0.1112
vn -0.4354 -0.8968 0.0787
vn -0.5117 0.8513 0.1159
vn -0.4618 -0.8834 0.0799
vn -0.5223 0.8295 0.1976
vn -0.4717 -0.8777 0.0849
vn -0.6847 0.5359 0.4940
vn -0.1526 0.0628 0.9863
vn -0.1399 0.0819 0.9868
vn -0.1919 0.1544 0.9692
vn -0.4338 0.3215 0.8417
vn -0.6864 0.4761 0.5497
vn -0.9021 -0.2934 -0.3166
vn -0.8831 -0.3702 -0.2883
vn -0.6548 0.6908 -0.3067
vn -0.8859 -0.3728 -0.2761
vn -0.9136 -0.2981 -0.2765
vn -0.5998 0.7608 -0.2476
vn -0.7486 -0.5865 -0.3093
vn -0.5999 0.7610 -0.2469
vn -0.7345 -0.6195 -0.2768
vn -0.6303 0.7332 -0.2552
vn -0.3185 -0.8865 -0.3358
vn -0.6170 0.7479 -0.2448
vn -0.0184 -0.9171 -0.3983
vn -0.6074 0.7569 -0.2413
vn 0.0341 -0.9577 -0.2856
vn -0.5881 0.7791 -0.2172
vn 0.0627 -0.9542 -0.2924
vn -0.5828 0.7844 -0.2124
vn 0.0208 -0.9634 -0.2673
vn -0.5803 0.7859 -0.2138
vn -0.0381 -0.9957 -0.0840
vn -0.5837 0.7849 -0.2080
vn -0.3245 -0.9459 -0.0072
vn -0.5872 0.7876 -0.1870
vn -0.4660 -0.8846 0.0170
vn -0.5867 0.7880 -0.1868
vn -0.4705 -0.8822 0.0176
vn -0.5865 0.7879 -0.1875
vn -0.4706 -0.8822 0.0179
vn -0.5858 0.7896 -0.1824
vn -0.5861 0.7894 -0.1825
vn -0.4708 -0.8820 0.0188
vn -0.5861 0.7900 -0.1801
vn -0.5867 0.7894 -0.1806
vn -0.4711 -0.8818 0.0217
vn -0.5866 0.7892 -0.1820
vn -0.4699 -0.8824 0.0253
vn -0.5881 0.7871 -0.1859
vn -0.4700 -0.8822 0.0270
vn -0.5385 0.8425 0.0152
vn -0.4702 -0.8821 0.0269
vn -0.4687 0.8817 0.0535
vn -0.4702 -0.8822 0.0265
vn -0.4676 0.8824 0.0526
vn -0.4682 -0.8832 0.0263
vn -0.4674 0.8825 0.0522
vn -0.4512 -0.8919 0.0305
vn -0.4673 0.8826 0.0519
vn -0.4509 -0.8912 0.0494
vn -0.4672 0.8826 0.0522
vn -0.4445 -0.8942 0.0540
vn -0.4650 0.8836 0.0548
vn -0.4445 -0.8930 0.0699
vn -0.4630 0.8844 0.0585
vn -0.4403 -0.8951 0.0705
vn -0.4614 0.8852 0.0601
vn -0.4403 -0.8950 0.0714
vn -0.4593 0.8861 0.0623
vn -0.4410 -0.8947 0.0706
vn -0.4574 0.8865 0.0696
vn -0.4393 -0.8956 0.0701
vn -0.4541 0.8881 0.0715
vn -0.4364 -0.8971 0.0692
vn -0.4542 0.8880 0.0723
vn -0.4369 -0.8968 0.0699
vn -0.4540 0.8878 0.0750
vn -0.4369 -0.8968 0.0704
vn -0.4548 0.8874 0.0756
vn -0.4392 -0.8957 0.0692
vn -0.4563 0.8863 0.0789
vn -0.4390 -0.8957 0.0704
vn -0.4583 0.8852 0.0801
vn -0.4369 -0.8966 0.0722
vn -0.4625 0.8825 0.0851
vn -0.4353 -0.8972 0.0740
vn -0.4636 0.8815 0.0895
vn -0.4340 -0.8978 0.0742
vn -0.4672 0.8797 0.0883
vn -0.4321 -0.8988 0.0741
vn -0.4722 0.8770 0.0892
vn -0.4321 -0.8986 0.0756
vn -0.4803 0.8720 0.0946
vn -0.4256 -0.9018 0.0750
vn -0.4882 0.8668 0.1012
vn -0.4255 -0.9015 0.0791
vn -0.4929 0.8635 0.1069
vn -0.4255 -0.9015 0.0793
vn -0.4996 0.8591 0.1116
vn -0.4255 -0.9015 0.0792
vn -0.5116 0.8519 0.1117
vn -0.4284 -0.9001 0.0790
vn -0.5190 0.8178 0.2486
vn -0.1546 0.0509 0.9867
vn -0.1484 0.0774 0.9859
vn -0.1381 0.0825 0.9870
vn -0.1378 0.0825 0.9870
vn -0.1375 0.0822 0.9871
vn -0.2055 0.1960 0.9588
vn -0.5547 0.7576 0.3440
vn -0.6038 0.7465 -0.2797
vn 0.1383 -0.9514 -0.2750
vn -0.5971 0.7607 -0.2547
vn 0.1453 -0.9506 -0.2744
vn -0.5973 0.7626 -0.2484
vn 0.1432 -0.9515 -0.2722
vn -0.6022 0.7593 -0.2465
vn 0.1426 -0.9499 -0.2780
vn -0.5849 0.7717 -0.2499
vn 0.1383 -0.9506 -0.2780
vn -0.5854 0.7743 -0.2405
vn 0.1344 -0.9512 -0.2776
vn -0.5835 0.7832 -0.2147
vn 0.1319 -0.9507 -0.2806
vn -0.5874 0.7812 -0.2114
vn 0.1318 -0.9510 -0.2799
vn -0.5881 0.7820 -0.2067
vn 0.1221 -0.9512 -0.2832
vn -0.5876 0.7808 -0.2125
vn 0.1206 -0.9549 -0.2713
vn -0.5850 0.7840 -0.2074
vn 0.1185 -0.9695 -0.2144
vn -0.5840 0.7894 -0.1892
vn 0.0068 -0.9987 -0.0504
vn -0.5859 0.7881 -0.1888
vn -0.4299 -0.9028 0.0150
vn -0.5863 0.7890 -0.1836
vn -0.4666 -0.8843 0.0177
vn -0.5899 0.7866 -0.1827
vn -0.4667 -0.8842 0.0186
vn -0.5867 0.7894 -0.1809
vn -0.4667 -0.8841 0.0219
vn -0.5881 0.7880 -0.1821
vn -0.4689 -0.8829 0.0259
vn -0.5538 0.8199 -0.1452
vn -0.3853 -0.9223 0.0313
vn -0.3757 0.9267 -0.0001
vn -0.1466 -0.9881 0.0457
vn -0.4699 0.8811 0.0540
vn -0.0370 -0.9981 0.0502
vn -0.4681 0.8821 0.0528
vn 0.0056 -0.9988 0.0489
vn -0.4678 0.8823 0.0523
vn 0.0688 -0.9961 0.0555
vn -0.4666 0.8829 0.0525
vn 0.0688 -0.9967 0.0437
vn -0.4652 0.8835 0.0549
vn 0.1227 -0.9902 0.0669
vn -0.4640 0.8840 0.0571
vn 0.1250 -0.9879 0.0914
vn -0.4640 0.8839 0.0590
vn 0.0740 -0.9941 0.0797
vn -0.4626 0.8845 0.0611
vn 0.0637 -0.9955 0.0704
vn -0.4536 0.8888 0.0654
vn 0.0755 -0.9944 0.0737
vn -0.4539 0.8883 0.0699
vn 0.0743 -0.9943 0.0761
vn -0.4117 0.9068 0.0909
vn 0.0809 -0.9934 0.0813
vn -0.3902 0.9169 0.0840
vn 0.0694 -0.9940 0.0845
vn -0.4011 0.9132 0.0720
vn 0.0112 -0.9973 0.0720
vn -0.4112 0.9086 0.0730
vn -0.0400 -0.9969 0.0674
vn -0.4383 0.8963 0.0678
vn -0.0884 -0.9937 0.0683
vn -0.4504 0.8897 0.0746
vn -0.1579 -0.9845 0.0763
vn -0.4468 0.8905 0.0860
vn -0.2526 -0.9644 0.0784
vn -0.4435 0.8920 0.0877
vn -0.3035 -0.9498 0.0759
vn -0.4413 0.8928 0.0902
vn -0.3243 -0.9428 0.0773
vn -0.4413 0.8928 0.0905
vn -0.3198 -0.9439 0.0830
vn -0.4417 0.8919 0.0969
vn -0.3366 -0.9379 0.0842
vn -0.4565 0.8837 0.1031
vn -0.3252 -0.9418 0.0850
vn -0.4643 0.8792 0.1066
vn -0.2290 -0.9695 0.0871
vn -0.4718 0.8746 0.1116
vn -0.1262 -0.9885 0.0836
vn -0.4729 0.8737 0.1143
vn -0.0785 -0.9929 0.0893
vn -0.4059 0.8713 0.2759
vn -0.1245 0.0001 0.9922
vn -0.1385 0.0806 0.9871
vn -0.1382 0.0826 0.9870
vn -0.1381 0.0826 0.9870
vn -0.1379 0.0823 0.9870
vn -0.1377 0.0815 0.9871
vn -0.1376 0.0813 0.9871
vn 0.1381 -0.9549 -0.2627
vn 0.6825 0.6477 -0.3385
vn 0.1473 -0.9524 -0.2668
vn -0.0326 0.9553 -0.2937
vn 0.1506 -0.9504 -0.2721
vn -0.5374 0.8048 -0.2519
vn 0.1507 -0.9501 -0.2731
vn -0.5406 0.8047 -0.2453
vn 0.1489 -0.9487 -0.2789
vn -0.6321 0.7355 -0.2439
vn 0.1471 -0.9488 -0.2796
vn -0.6287 0.7482 -0.2118
vn 0.1465 -0.9486 -0.2805
vn -0.6321 0.7500 -0.1949
vn 0.1465 -0.9485 -0.2809
vn -0.6255 0.7552 -0.1960
vn 0.1465 -0.9483 -0.2816
vn -0.6811 0.7067 -0.1915
vn 0.1438 -0.9485 -0.2823
vn -0.6827 0.7065 -0.1866
vn 0.1296 -0.9548 -0.2674
vn -0.6223 0.7562 -0.2022
vn 0.1729 -0.9494 -0.2622
vn -0.4951 0.8604 -0.1205
vn 0.4167 -0.8888 -0.1907
vn -0.1901 0.9782 -0.0834
vn 0.4927 -0.8702 0.0018
vn 0.2805 0.9596 -0.0228
vn 0.4894 -0.8712 0.0392
vn 0.4439 0.8961 -0.0006
vn 0.4757 -0.8783 0.0478
vn 0.4663 0.8846 -0.0009
vn 0.4757 -0.8788 0.0361
vn 0.4676 0.8839 -0.0029
vn 0.4840 -0.8746 0.0288
vn 0.4744 0.8803 0.0067
vn 0.5150 -0.8553 0.0567
vn 0.5011 0.8647 0.0339
vn 0.5305 -0.8457 0.0581
vn 0.4724 0.8807 0.0349
vn 0.5439 -0.8371 0.0582
vn 0.4764 0.8785 0.0365
vn 0.5444 -0.8367 0.0590
vn 0.4651 0.8839 0.0492
vn 0.5440 -0.8370 0.0591
vn 0.4753 0.8782 0.0533
vn 0.5433 -0.8374 0.0592
vn 0.4921 0.8688 0.0553
vn 0.5433 -0.8374 0.0601
vn 0.5131 0.8561 0.0616
vn 0.5435 -0.8372 0.0604
vn 0.5211 0.8512 0.0619
vn 0.5193 0.8522 0.0634
vn 0.5432 -0.8374 0.0602
vn 0.5189 0.8513 0.0776
vn 0.5427 -0.8378 0.0601
vn 0.4885 0.8700 0.0671
vn 0.5425 -0.8380 0.0598
vn 0.4724 0.8786 0.0700
vn 0.5426 -0.8379 0.0593
vn 0.4639 0.8831 0.0705
vn 0.5434 -0.8374 0.0582
vn 0.4649 0.8825 0.0714
vn 0.5446 -0.8370 0.0533
vn 0.4747 0.8771 0.0729
vn 0.5488 -0.8349 0.0420
vn 0.4915 0.8677 0.0741
vn 0.5575 -0.8296 0.0296
vn 0.5008 0.8624 0.0737
vn 0.5689 -0.8219 0.0277
vn 0.5054 0.8598 0.0732
vn 0.5790 -0.8142 0.0421
vn 0.5028 0.8613 0.0729
vn 0.5860 -0.8083 0.0571
vn 0.4862 0.8708 0.0724
vn 0.5860 -0.8083 0.0577
vn 0.4614 0.8842 0.0731
vn 0.5855 -0.8085 0.0592
vn 0.4600 0.8832 0.0911
vn 0.5821 -0.8093 0.0785
vn 0.4270 0.9010 0.0770
vn 0.5588 -0.8254 0.0810
vn 0.4330 0.8968 0.0905
vn 0.5351 -0.8415 0.0745
vn 0.4064 0.9114 0.0644
vn 0.5246 -0.8495 0.0560
vn 0.4037 0.9117 0.0761
vn 0.5364 -0.8439 0.0009
vn 0.4103 0.9057 0.1070
vn -0.0864 0.0031 0.9963
vn -0.1068 0.0794 0.9911
vn -0.1342 0.0824 0.9875
vn -0.1382 0.0827 0.9869
vn -0.1382 0.0825 0.9870
vn -0.1382 0.0819 0.9870
vn -0.1381 0.0807 0.9871
vn 0.9394 0.2335 -0.2511
vn 0.9131 0.3493 -0.2103
vn 0.1466 -0.9526 -0.2667
vn 0.9217 0.2908 -0.2568
vn 0.9104 0.3508 -0.2191
vn 0.8749 0.4048 -0.2658
vn 0.1491 -0.9514 -0.2696
vn 0.9284 0.3005 -0.2186
vn 0.9310 0.2918 -0.2194
vn 0.8867 0.4023 -0.2276
vn 0.1495 -0.9498 -0.2750
vn 0.9334 0.2962 -0.2026
vn 0.9285 0.3100 -0.2045
vn 0.9266 0.3092 -0.2141
vn 0.2101 -0.9232 -0.3218
vn 0.9356 0.2965 -0.1916
vn 0.9347 0.2989 -0.1921
vn 0.9373 0.3038 -0.1711
vn 0.1928 -0.9405 -0.2800
vn 0.9271 0.3313 -0.1755
vn 0.9296 0.3248 -0.1743
vn 0.9296 0.3263 -0.1713
vn 0.1461 -0.9486 -0.2806
vn 0.9251 0.3356 -0.1779
vn 0.9266 0.3316 -0.1771
vn 0.1464 -0.9485 -0.2810
vn 0.9234 0.3394 -0.1791
vn 0.9252 0.3349 -0.1781
vn 0.1461 -0.9484 -0.2814
vn 0.9232 0.3410 -0.1774
vn 0.1460 -0.9474 -0.2849
vn 0.9234 0.3418 -0.1743
vn 0.3231 -0.9172 -0.2333
vn 0.7949 0.5630 -0.2263
vn 0.4843 -0.8611 -0.1550
vn 0.5454 0.8354 -0.0675
vn 0.5211 -0.8532 0.0212
vn 0.5310 0.8474 0.0046
vn 0.5257 -0.8501 0.0306
vn 0.5313 0.8471 0.0044
vn 0.5285 -0.8482 0.0362
vn 0.5314 0.8471 0.0039
vn 0.5274 -0.8485 0.0426
vn 0.5313 0.8472 0.0035
vn 0.5315 -0.8458 0.0467
vn 0.5308 0.8475 0.0025
vn 0.5318 -0.8460 0.0389
vn 0.5330 0.8460 0.0131
vn 0.5414 -0.8393 0.0504
vn 0.5360 0.8433 0.0395
vn 0.5429 -0.8380 0.0552
vn 0.5393 0.8411 0.0401
vn 0.5430 -0.8377 0.0583
vn 0.5433 0.8388 0.0365
vn 0.5431 -0.8376 0.0591
vn 0.5421 0.8391 0.0445
vn 0.5442 -0.8369 0.0591
vn 0.5421 0.8390 0.0464
vn 0.5490 -0.8337 0.0593
vn 0.5388 0.8412 0.0456
vn 0.5502 -0.8328 0.0606
vn 0.5348 0.8433 0.0533
vn 0.5514 -0.8321 0.0603
vn 0.5324 0.8446 0.0575
vn 0.5530 -0.8308 0.0622
vn 0.5292 0.8465 0.0580
vn 0.5548 -0.8297 0.0617
vn 0.5245 0.8489 0.0652
vn 0.5559 -0.8290 0.0608
vn 0.5214 0.8507 0.0663
vn 0.5556 -0.8294 0.0585
vn 0.5192 0.8522 0.0639
vn 0.5556 -0.8294 0.0582
vn 0.5174 0.8532 0.0656
vn 0.5572 -0.8283 0.0585
vn 0.5158 0.8541 0.0673
vn 0.5605 -0.8263 0.0547
vn 0.5155 0.8541 0.0699
vn 0.5673 -0.8222 0.0468
vn 0.5154 0.8539 0.0724
vn 0.5783 -0.8149 0.0393
vn 0.5144 0.8545 0.0720
vn 0.5890 -0.8072 0.0398
vn 0.5136 0.8550 0.0726
vn 0.5908 -0.8051 0.0523
vn 0.5132 0.8552 0.0725
vn 0.5907 -0.8049 0.0569
vn 0.5129 0.8554 0.0727
vn 0.5873 -0.8075 0.0548
vn 0.5119 0.8561 0.0714
vn 0.5854 -0.8089 0.0551
vn 0.5013 0.8626 0.0687
vn 0.5850 -0.8090 0.0573
vn 0.4946 0.8668 0.0642
vn 0.5849 -0.8091 0.0573
vn 0.4639 0.8842 0.0544
vn 0.4685 0.8813 0.0612
vn 0.5849 -0.8091 0.0572
vn 0.4821 0.8722 0.0829
vn 0.5849 -0.8091 0.0570
vn 0.4819 0.8707 0.0981
vn 0.1431 -0.1063 0.9840
vn -0.0436 0.0635 0.9970
vn -0.1381 0.0828 0.9870
vn -0.1384 0.0825 0.9869
vn -0.1385 0.0822 0.9870
vn 0.5010 -0.8200 -0.2767
vn 0.9217 -0.3321 -0.2007
vn 0.9667 0.2116 -0.1441
vn 0.8182 -0.5029 -0.2786
vn 0.8513 -0.4443 -0.2791
vn 0.9169 0.2919 -0.2721
vn 0.7688 -0.5646 -0.3004
vn 0.8508 -0.4027 -0.3375
vn 0.9326 0.3022 -0.1975
vn 0.9349 0.2964 -0.1952
vn 0.6707 -0.6820 -0.2917
vn 0.8444 -0.4078 -0.3473
vn 0.9316 0.3031 -0.2008
vn 0.9290 0.3133 -0.1968
vn 0.9259 0.3312 -0.1816
vn 0.5393 -0.7966 -0.2731
vn 0.9302 0.3026 -0.2077
vn 0.9244 0.3235 -0.2019
vn 0.9252 0.3331 -0.1818
vn 0.3573 -0.8981 -0.2565
vn 0.9276 0.3252 -0.1838
vn 0.9251 0.3331 -0.1822
vn 0.9226 0.3403 -0.1818
vn 0.9221 0.3432 -0.1787
vn 0.4422 -0.8720 -0.2099
vn 0.9250 0.3331 -0.1830
vn 0.9216 0.3430 -0.1816
vn 0.9226 0.3427 -0.1773
vn 0.5150 -0.8568 -0.0243
vn 0.9212 0.3465 -0.1769
vn 0.9207 0.3480 -0.1768
vn 0.9180 0.3569 -0.1729
vn 0.5236 -0.8516 0.0253
vn 0.9185 0.3539 -0.1766
vn 0.7635 0.6295 -0.1445
vn 0.5296 -0.8476 0.0319
vn 0.9185 0.3540 -0.1760
vn 0.6120 0.7878 -0.0696
vn 0.5296 -0.8475 0.0363
vn 0.5722 0.8200 -0.0134
vn 0.5362 -0.8431 0.0407
vn 0.5409 0.8403 -0.0376
vn 0.5392 -0.8411 0.0428
vn 0.5303 0.8478 0.0029
vn 0.5411 -0.8397 0.0468
vn 0.5290 0.8486 0.0012
vn 0.5410 -0.8395 0.0514
vn 0.5403 0.8410 0.0291
vn 0.5420 -0.8386 0.0548
vn 0.5418 0.8395 0.0427
vn 0.5424 -0.8382 0.0565
vn 0.5436 0.8383 0.0425
vn 0.5449 -0.8362 0.0620
vn 0.5437 0.8382 0.0428
vn 0.5488 -0.8334 0.0657
vn 0.5428 0.8387 0.0433
vn 0.5489 -0.8335 0.0632
vn 0.5412 0.8397 0.0455
vn 0.5579 -0.8274 0.0643
vn 0.5395 0.8409 0.0438
vn 0.5603 -0.8258 0.0636
vn 0.5355 0.8431 0.0496
vn 0.5614 -0.8252 0.0627
vn 0.5355 0.8426 0.0573
vn 0.5618 -0.8250 0.0620
vn 0.5342 0.8433 0.0580
vn 0.5619 -0.8249 0.0614
vn 0.5338 0.8436 0.0576
vn 0.5619 -0.8250 0.0606
vn 0.5338 0.8437 0.0569
vn 0.5633 -0.8242 0.0580
vn 0.5304 0.8460 0.0555
vn 0.5701 -0.8195 0.0576
vn 0.5236 0.8497 0.0613
vn 0.5827 -0.8103 0.0620
vn 0.5200 0.8518 0.0640
vn 0.5895 -0.8055 0.0605
vn 0.5153 0.8542 0.0699
vn 0.5916 -0.8042 0.0570
vn 0.5389 0.8395 0.0690
vn 0.5923 -0.8038 0.0553
vn 0.5350 0.8418 0.0721
vn 0.5924 -0.8038 0.0549
vn 0.5514 0.8310 0.0735
vn 0.5924 -0.8038 0.0548
vn 0.5745 0.8151 0.0743
vn 0.5924 -0.8038 0.0547
vn 0.5779 0.8127 0.0745
vn 0.5923 -0.8039 0.0547
vn 0.5213 0.8530 0.0244
vn 0.5923 -0.8039 0.0549
vn 0.5203 0.8514 0.0658
vn 0.5886 -0.8064 0.0571
vn 0.5169 0.8540 0.0597
vn 0.5120 0.8561 0.0704
vn 0.7060 0.7073 0.0365
vn 0.7041 -0.7079 0.0554
vn 0.7511 0.6561 0.0736
vn 0.7885 -0.6134 0.0441
vn 0.7585 0.6457 0.0877
vn 0.7809 -0.6213 -0.0649
vn 0.9217 -0.1766 0.3455
vn 0.9853 -0.0031 0.1708
vn 0.6628 -0.0002 0.7488
vn -0.0158 0.1253 0.9920
vn 0.6143 -0.7014 -0.3616
vn 0.6623 -0.6662 -0.3428
vn 0.7212 -0.6168 -0.3154
vn 0.7297 -0.6054 -0.3178
vn 0.9185 -0.2080 -0.3363
vn 0.7236 -0.6217 -0.2999
vn 0.7527 -0.5983 -0.2746
vn 0.9561 -0.1582 -0.2468
vn 0.9258 0.3136 -0.2110
vn 0.7679 -0.6153 -0.1783
vn 0.9079 0.3490 -0.2323
vn 0.9213 0.3364 -0.1951
vn 0.6191 -0.7849 0.0239
vn 0.9147 0.3527 -0.1971
vn 0.9167 0.3469 -0.1985
vn 0.9228 0.3363 -0.1880
vn 0.5210 -0.8529 0.0327
vn 0.9219 0.3423 -0.1816
vn 0.9206 0.3412 -0.1897
vn 0.9187 0.3519 -0.1794
vn 0.5310 -0.8463 0.0440
vn 0.9227 0.3400 -0.1817
vn 0.9218 0.3420 -0.1828
vn 0.9177 0.3539 -0.1803
vn 0.5310 -0.8463 0.0429
vn 0.9177 0.3546 -0.1789
vn 0.9174 0.3560 -0.1778
vn 0.5340 -0.8443 0.0445
vn 0.9176 0.3544 -0.1801
vn 0.9172 0.3555 -0.1798
vn 0.8778 0.4614 -0.1283
vn 0.5385 -0.8413 0.0475
vn 0.9181 0.3520 -0.1823
vn 0.8710 0.4696 -0.1446
vn 0.5392 -0.8407 0.0498
vn 0.9177 0.3506 -0.1866
vn 0.8122 0.5693 -0.1270
vn 0.5392 -0.8406 0.0516
vn 0.7190 0.6911 -0.0740
vn 0.5405 -0.8395 0.0552
vn 0.7486 0.6613 0.0478
vn 0.5407 -0.8392 0.0585
vn 0.7528 0.6575 0.0313
vn 0.5551 -0.8296 0.0606
vn 0.7569 0.6527 0.0331
vn 0.5757 -0.8151 0.0645
vn 0.7556 0.6527 0.0542
vn 0.6639 -0.7444 0.0715
vn 0.6834 0.7245 0.0903
vn 0.6901 -0.7195 0.0780
vn 0.7206 0.6896 0.0717
vn 0.7129 -0.6966 0.0809
vn 0.7729 0.6345 0.0036
vn 0.7284 -0.6811 0.0749
vn 0.8332 0.5516 0.0398
vn 0.6007 -0.7970 0.0630
vn 0.8386 0.5448 0.0008
vn 0.6020 -0.7962 0.0611
vn 0.5403 0.8396 0.0558
vn 0.6078 -0.7895 0.0847
vn 0.5633 0.8242 0.0577
vn 0.8027 -0.5947 0.0455
vn 0.5639 0.8240 0.0559
vn 0.8536 -0.4942 0.1647
vn 0.6035 0.7949 0.0631
vn 0.9511 -0.3034 0.0580
vn 0.9948 -0.0767 0.0675
vn 0.6748 0.7350 0.0664
vn 0.9058 -0.4179 0.0696
vn 0.9955 -0.0683 0.0660
vn 0.9955 -0.0674 0.0661
vn 0.8570 0.5122 0.0561
vn 0.8807 -0.4696 0.0624
vn 0.9966 -0.0602 0.0565
vn 0.9956 -0.0674 0.0656
vn 0.9969 -0.0410 0.0670
vn 0.9959 -0.0477 0.0767
vn 0.8618 0.5009 0.0801
vn 0.8354 -0.5464 0.0603
vn 0.9979 -0.0449 0.0475
vn 0.9967 -0.0537 0.0609
vn 0.9966 -0.0300 0.0763
vn 0.9962 -0.0020 0.0867
vn 0.7495 -0.6594 0.0588
vn 0.9994 -0.0205 0.0287
vn 0.9979 -0.0405 0.0502
vn 0.9975 -0.0206 0.0673
vn 0.9901 0.1149 0.0801
vn 0.6674 -0.7425 0.0575
vn 0.9994 -0.0096 0.0329
vn 0.9988 -0.0257 0.0423
vn 0.9980 -0.0189 0.0610
vn 0.9658 0.2502 0.0674
vn 0.6619 -0.7474 0.0571
vn 0.9984 -0.0151 0.0545
vn 0.9986 -0.0198 0.0491
vn 0.9982 -0.0193 0.0560
vn 0.9551 0.2889 0.0649
vn 0.6551 -0.7534 0.0566
vn 0.9983 -0.0204 0.0550
vn 0.9985 -0.0209 0.0507
vn 0.9986 -0.0182 0.0493
vn 0.9976 0.0451 0.0518
vn 0.6749 -0.7358 0.0556
vn 0.9987 -0.0135 0.0482
vn 0.9982 -0.0258 0.0543
vn 0.9987 -0.0148 0.0487
vn 0.9986 -0.0151 0.0516
vn 0.6749 -0.7358 0.0551
vn 0.9988 -0.0134 0.0473
vn 0.9986 -0.0217 0.0477
vn 0.9984 -0.0225 0.0526
vn 0.9989 -0.0057 0.0471
vn 0.7275 -0.6842 0.0519
vn 0.9987 -0.0133 0.0489
vn 0.9990 -0.0239 0.0384
vn 0.9990 -0.0268 0.0368
vn 0.9992 0.0136 0.0365
vn 0.7788 -0.6269 0.0213
vn 0.9970 -0.0279 0.0728
vn 0.9982 -0.0312 0.0521
vn 0.9986 -0.0304 0.0441
vn 0.9992 0.0135 0.0383
vn 0.9933 -0.0567 0.1009
vn 0.9965 -0.0436 0.0713
vn 0.9975 -0.0398 0.0588
vn 0.9861 -0.0930 0.1375
vn 0.9951 -0.0442 0.0889
vn 0.9951 -0.0472 0.0873
vn 0.7560 -0.5841 -0.2953
vn 0.9119 0.2862 -0.2941
vn 0.7603 -0.6348 -0.1377
vn 0.9338 0.2848 -0.2164
vn 0.5325 -0.8455 0.0392
vn 0.9250 0.3362 -0.1768
vn 0.9218 0.3440 -0.1787
vn 0.5446 -0.8372 0.0489
vn 0.9236 0.3392 -0.1783
vn 0.9234 0.3398 -0.1784
vn 0.6592 -0.7464 0.0916
vn 0.9234 0.3398 -0.1783
vn 0.9233 0.3400 -0.1785
vn 0.7144 -0.6955 0.0771
vn 0.9929 -0.0983 0.0676
vn 0.9859 0.1130 -0.1236
vn 0.9235 0.3397 -0.1785
vn 0.9236 0.3393 -0.1784
vn 0.7090 -0.7022 0.0649
vn 0.9927 -0.0870 0.0836
vn 0.9338 0.3114 -0.1759
vn 0.9235 0.3393 -0.1788
vn 0.9208 0.3473 -0.1777
vn 0.6808 -0.7300 0.0597
vn 0.9929 -0.0870 0.0813
vn 0.9929 -0.0865 0.0816
vn 0.9234 0.3391 -0.1796
vn 0.9221 0.3427 -0.1796
vn 0.6815 -0.7300 0.0513
vn 0.9930 -0.0871 0.0800
vn 0.9931 -0.0861 0.0801
vn 0.9957 -0.0506 -0.0782
vn 0.9234 0.3386 -0.1810
vn 0.9218 0.3427 -0.1815
vn 0.9203 0.3455 -0.1835
vn 0.6702 -0.7407 0.0469
vn 0.9930 -0.0873 0.0798
vn 0.9930 -0.0867 0.0797
vn 0.9948 -0.0855 0.0552
vn 0.8323 0.5536 -0.0304
vn 0.8374 0.5457 -0.0307
vn 0.6688 -0.7424 0.0380
vn 0.9922 -0.0928 0.0836
vn 0.9929 -0.0875 0.0809
vn 0.9932 -0.0860 0.0789
vn 0.9985 -0.0466 -0.0276
vn 0.8005 0.5993 -0.0050
vn 0.9926 -0.0922 0.0794
vn 0.9928 -0.0878 0.0818
vn 0.9927 -0.0891 0.0814
vn 0.9951 -0.0874 0.0465
vn 0.8316 0.5528 0.0534
vn 0.9881 -0.1192 0.0970
vn 0.9926 -0.0886 0.0832
vn 0.9925 -0.0904 0.0822
vn 0.9932 -0.0866 0.0782
vn 0.6720 0.7405 0.0117
vn 0.8334 0.5526 0.0015
vn 0.9752 -0.1902 0.1137
vn 0.9926 -0.0892 0.0827
vn 0.9924 -0.0914 0.0822
vn 0.9932 -0.0842 0.0807
vn 0.6689 0.7375 0.0927
vn 0.8305 0.5474 0.1033
vn 0.9699 -0.2233 0.0968
vn 0.9927 -0.0893 0.0808
vn 0.9926 -0.0915 0.0804
vn 0.9955 -0.0528 0.0788
vn 0.8274 0.5408 0.1516
vn 0.8335 0.5463 0.0831
vn 0.9694 -0.2232 0.1023
vn 0.9925 -0.0898 0.0828
vn 0.9927 -0.0919 0.0787
vn 0.9955 -0.0527 0.0791
vn 0.8682 0.4948 0.0380
vn 0.8738 0.4858 0.0198
vn 0.9614 -0.2596 0.0913
vn 0.9922 -0.0942 0.0821
vn 0.9929 -0.0906 0.0773
vn 0.9954 -0.0540 0.0788
vn 0.8551 0.5118 0.0828
vn 0.8710 0.4833 0.0887
vn 0.9621 -0.2718 0.0204
vn 0.9927 -0.0986 0.0700
vn 0.9933 -0.0886 0.0739
vn 0.9954 -0.0540 0.0789
vn 0.9051 0.4222 0.0504
vn 0.9859 -0.1611 0.0446
vn 0.9932 -0.0943 0.0684
vn 0.9939 -0.0841 0.0719
vn 0.9946 -0.0693 0.0775
vn 0.9069 0.4214 -0.0015
vn 0.9923 -0.1041 0.0676
vn 0.9933 -0.0902 0.0720
vn 0.9943 -0.0793 0.0712
vn 0.9934 -0.0838 0.0784
vn 0.9944 -0.0654 0.0832
vn 0.9931 -0.0942 0.0703
vn 0.9935 -0.0900 0.0697
vn 0.9948 -0.0737 0.0699
vn 0.9941 -0.0780 0.0750
vn 0.9937 -0.0783 0.0798
vn 0.9934 -0.0946 0.0647
vn 0.9938 -0.0892 0.0658
vn 0.9953 -0.0694 0.0681
vn 0.9949 -0.0717 0.0706
vn 0.9947 -0.0713 0.0744
vn 0.9954 -0.0672 0.0681
vn 0.9955 -0.0669 0.0677
vn 0.9959 -0.0544 0.0720
vn 0.9964 -0.0525 0.0668
vn 0.9962 -0.0434 0.0753
vn 0.9785 0.2044 -0.0268
vn 0.9964 0.0509 0.0674
vn 0.9660 0.2579 0.0200
vn 0.9638 0.2654 0.0254
vn 0.8236 0.5633 -0.0655
vn 0.8505 0.5253 0.0272
vn 0.6444 0.7642 -0.0290
vn -0.6501 0.7013 -0.2924
vn -0.6196 0.7410 -0.2590
vn 0.2463 0.7400 -0.6259
vn 0.1388 -0.9549 -0.2626
vn -0.5955 0.7563 -0.2707
vn 0.1434 -0.9517 -0.2716
vn -0.0075 0.9475 -0.3196
vn -0.2535 -0.3848 -0.8875
vn -0.2852 -0.6627 -0.6924
vn -0.1102 -0.7260 -0.6788
vn -0.5584 -0.1814 -0.8095
vn -0.3804 -0.0823 -0.9212
vn -0.4609 -0.2890 -0.8391
vn -0.6110 -0.3076 -0.7294
vn -0.8197 -0.3338 -0.4655
vn -0.7659 -0.2700 -0.5835
vn -0.5298 -0.1372 -0.8369
vn -0.5472 0.0721 -0.8339
vn -0.6794 -0.0812 -0.7292
vn -0.9478 0.2810 -0.1507
vn -0.9653 -0.2176 -0.1446
vn -0.9949 -0.0912 -0.0428
vn -0.9762 0.2154 0.0261
vn -0.9567 0.2600 -0.1310
vn -0.8368 -0.5408 -0.0858
vn -0.9942 -0.0993 -0.0416
vn -0.9970 -0.0729 0.0267
vn -0.9975 0.0583 0.0389
vn -0.9692 -0.2093 -0.1296
vn -0.9961 -0.0840 0.0258
vn -0.9975 -0.0642 0.0284
vn -0.9974 -0.0627 0.0365
vn -0.9864 0.1638 0.0096
vn -0.9768 -0.2138 -0.0106
vn -0.9968 -0.0760 0.0261
vn -0.9976 -0.0618 0.0323
vn -0.9974 -0.0629 0.0342
vn -0.9952 0.0934 0.0283
vn -0.8137 0.5737 -0.0935
vn -0.9807 -0.1946 0.0213
vn -0.9973 -0.0686 0.0272
vn -0.9977 -0.0596 0.0323
vn -0.9976 -0.0592 0.0345
vn -0.9975 0.0639 0.0299
vn -0.8121 0.5762 -0.0922
vn -0.9970 -0.0690 0.0352
vn -0.9977 -0.0585 0.0349
vn -0.9976 -0.0592 0.0358
vn -0.9995 0.0121 0.0294
vn -0.8252 0.5615 -0.0614
vn -0.7837 0.6137 -0.0959
vn -0.9976 -0.0584 0.0382
vn -0.9975 -0.0593 0.0395
vn -0.9974 -0.0597 0.0416
vn -0.8682 0.4962 0.0060
vn -0.7947 0.6016 -0.0813
vn -0.9972 -0.0636 0.0394
vn -0.9974 -0.0574 0.0431
vn -0.9974 -0.0576 0.0432
vn -0.9973 -0.0583 0.0437
vn -0.9559 0.2919 -0.0313
vn -0.9972 -0.0592 0.0456
vn -0.9973 -0.0574 0.0456
vn -0.9974 -0.0572 0.0441
vn -0.9974 -0.0580 0.0439
vn -0.9973 -0.0596 0.0440
vn -0.9972 -0.0604 0.0450
vn -0.9973 -0.0583 0.0450
vn -0.9973 -0.0583 0.0439
vn -0.9973 -0.0597 0.0437
vn -0.9972 -0.0587 0.0454
vn -0.9973 -0.0582 0.0444
vn -0.9169 -0.3006 -0.2626
vn -0.9169 -0.3006 -0.2627
vn -0.9168 -0.3007 -0.2628
vn -0.9629 -0.0087 -0.2697
vn -0.9169 -0.3000 -0.2634
vn -0.9327 0.2852 -0.2209
vn -0.9468 0.2592 -0.1906
vn -0.9393 -0.3165 -0.1326
vn -0.9165 -0.3004 -0.2642
vn -0.9450 -0.2847 -0.1607
vn -0.9501 0.2723 -0.1523
vn -0.8595 -0.4980 -0.1151
vn -0.7701 -0.6374 0.0254
vn -0.9324 0.3393 -0.1242
vn -0.6576 -0.7533 -0.0094
vn -0.8135 0.5740 -0.0938
vn -0.4783 -0.8779 0.0234
vn -0.8086 0.5808 -0.0944
vn -0.9741 -0.2231 0.0358
vn -0.7590 0.6428 -0.1041
vn -0.9789 -0.2030 0.0239
vn -0.9917 -0.1246 0.0311
vn -0.8167 0.5698 -0.0914
vn -0.9970 -0.0611 0.0464
vn -0.6944 0.7187 -0.0351
vn -0.9969 -0.0615 0.0485
vn -0.9970 -0.0612 0.0472
vn -0.6615 0.7477 0.0581
vn -0.9969 -0.0612 0.0490
vn -0.9969 -0.0613 0.0487
vn -0.9973 -0.0594 0.0442
vn -0.6037 0.7952 0.0564
vn -0.9969 -0.0625 0.0481
vn -0.9968 -0.0632 0.0481
vn -0.9969 -0.0633 0.0477
vn -0.9970 -0.0610 0.0472
vn -0.9973 -0.0589 0.0439
vn -0.9971 -0.0616 0.0436
vn -0.5451 0.8371 0.0471
vn -0.9968 -0.0630 0.0485
vn -0.9967 -0.0647 0.0484
vn -0.9968 -0.0641 0.0475
vn -0.9969 -0.0638 0.0467
vn -0.9972 -0.0611 0.0433
vn -0.9978 -0.0516 0.0423
vn -0.5335 0.8417 0.0830
vn -0.9952 -0.0642 0.0734
vn -0.9966 -0.0648 0.0502
vn -0.9966 -0.0648 0.0501
vn -0.9966 -0.0655 0.0493
vn -0.9970 -0.0613 0.0472
vn -0.9990 -0.0088 0.0436
vn -0.9572 -0.2727 0.0969
vn -0.9964 -0.0646 0.0557
vn -0.9963 -0.0672 0.0545
vn -0.9965 -0.0656 0.0518
vn -0.9966 -0.0656 0.0501
vn -0.9987 -0.0090 0.0493
vn -0.8273 -0.5546 0.0901
vn -0.9949 -0.0688 0.0743
vn -0.9960 -0.0671 0.0598
vn -0.9961 -0.0669 0.0578
vn -0.9963 -0.0673 0.0541
vn -0.9985 0.0131 0.0539
vn -0.8001 -0.5923 0.0950
vn -0.9890 -0.1208 0.0855
vn -0.9957 -0.0691 0.0623
vn -0.9956 -0.0707 0.0617
vn -0.9957 -0.0705 0.0604
vn -0.9975 0.0296 0.0643
vn -0.7832 -0.6155 0.0875
vn -0.9756 -0.2023 0.0848
vn -0.9951 -0.0697 0.0708
vn -0.9950 -0.0700 0.0707
vn -0.9952 -0.0667 0.0718
vn -0.9967 -0.0217 0.0788
vn -0.9700 -0.2424 0.0205
vn -0.9950 -0.0690 0.0718
vn -0.9952 -0.0650 0.0727
vn -0.9951 -0.0592 0.0796
vn -0.9955 -0.0341 0.0888
vn -0.9949 -0.0689 0.0737
vn -0.9949 -0.0690 0.0739
vn -0.9959 -0.0496 0.0753
vn -0.9942 -0.0521 0.0946
vn -0.9947 0.0109 0.1020
vn -0.9949 -0.0681 0.0744
vn -0.9948 -0.0674 0.0763
vn -0.9949 -0.0497 0.0879
vn -0.9921 -0.0517 0.1147
vn -0.9589 0.0447 0.2801
vn -0.9947 -0.0611 0.0826
vn -0.9948 -0.0533 0.0869
vn -0.9949 -0.0281 0.0971
vn -0.9882 -0.0380 0.1481
vn -0.9948 -0.0417 0.0929
vn -0.9935 -0.0179 0.1128
vn -0.9178 -0.2930 -0.2678
vn -0.9340 -0.2212 -0.2807
vn -0.9175 -0.2983 -0.2630
vn -0.9169 -0.2982 -0.2651
vn -0.9502 -0.1389 -0.2790
vn -0.9170 -0.3002 -0.2626
vn -0.9170 -0.3004 -0.2626
vn -0.8912 -0.2917 -0.3474
vn -0.8796 -0.3834 -0.2815
vn -0.6772 0.6978 -0.2334
vn -0.9066 -0.3801 -0.1833
vn -0.9170 -0.3001 -0.2629
vn -0.8561 0.4647 -0.2260
vn -0.8174 -0.5676 -0.0982
vn -0.6636 -0.7480 -0.0119
vn -0.6809 0.7212 -0.1272
vn -0.6198 -0.7843 0.0270
vn -0.6002 0.7790 -0.1815
vn -0.4780 -0.8781 0.0231
vn -0.5871 0.7890 -0.1810
vn -0.4784 -0.8778 0.0233
vn -0.5908 0.7907 -0.1605
vn -0.4786 -0.8777 0.0233
vn -0.5837 0.7904 -0.1860
vn -0.4785 -0.8778 0.0230
vn -0.5831 0.7895 -0.1915
vn -0.4781 -0.8780 0.0220
vn -0.5827 0.7896 -0.1923
vn -0.4772 -0.8786 0.0190
vn -0.5369 0.8434 -0.0178
vn -0.4748 -0.8799 0.0185
vn -0.5135 0.8576 0.0273
vn -0.4835 -0.8750 0.0252
vn -0.4682 0.8836 0.0093
vn -0.4837 -0.8750 0.0213
vn -0.4664 0.8831 0.0521
vn -0.5376 -0.8426 0.0327
vn -0.4664 0.8831 0.0522
vn -0.6214 -0.7812 0.0598
vn -0.4665 0.8830 0.0523
vn -0.6281 -0.7749 0.0704
vn -0.6171 -0.7835 0.0732
vn -0.4640 0.8844 0.0511
vn -0.6729 -0.7358 0.0764
vn -0.4777 0.8763 0.0619
vn -0.7146 -0.6957 0.0735
vn -0.4751 0.8774 0.0660
vn -0.8010 -0.5957 0.0597
vn -0.4592 0.8852 0.0753
vn -0.4557 0.8863 0.0824
vn -0.8465 -0.5324 0.0001
vn -0.4574 0.8849 0.0877
vn -0.8648 -0.4964 0.0753
vn -0.4575 0.8842 0.0939
vn -0.9219 -0.3791 0.0795
vn -0.9853 -0.1494 0.0823
vn -0.8839 0.4474 0.1361
vn -0.9936 -0.0043 0.1127
vn -0.9906 -0.0155 0.1356
vn -0.8857 0.4453 0.1315
vn -0.9946 -0.0140 0.1032
vn -0.9930 0.0003 0.1182
vn -0.9930 0.0054 0.1183
vn -0.9928 0.0033 0.1199
vn -0.9320 0.3359 0.1362
vn -0.9937 -0.0153 0.1114
vn -0.9934 0.0005 0.1143
vn -0.9930 0.0071 0.1182
vn -0.9927 0.0072 0.1201
vn -0.9612 0.2417 0.1330
vn -0.9932 -0.0042 0.1166
vn -0.9929 0.0052 0.1189
vn -0.9924 0.0070 0.1225
vn -0.9922 0.0080 0.1245
vn -0.9808 0.1439 0.1314
vn -0.9920 0.0050 0.1262
vn -0.9918 0.0093 0.1272
vn -0.9918 0.0088 0.1274
vn -0.9918 0.0071 0.1279
vn -0.9896 0.0624 0.1293
vn -0.9912 0.0090 0.1319
vn -0.9913 0.0093 0.1317
vn -0.9914 0.0052 0.1306
vn -0.8959 0.4258 0.1265
vn -0.9665 -0.2168 0.1373
vn -0.9913 0.0087 0.1311
vn -0.9914 0.0080 0.1309
vn -0.9913 0.0217 0.1295
vn -0.8279 0.5145 0.2232
vn -0.9914 0.0066 0.1307
vn -0.9634 0.2146 0.1604
vn -0.9857 -0.0143 0.1678
vn -0.9892 0.0371 0.1415
vn -0.8162 0.4408 0.3736
vn -0.9163 -0.2847 -0.2815
vn -0.9277 0.1956 -0.3181
vn -0.9157 -0.2981 -0.2697
vn -0.9174 -0.2919 -0.2705
vn -0.9177 -0.2845 -0.2773
vn -0.8773 -0.1626 -0.4515
vn -0.9161 -0.2997 -0.2662
vn -0.9165 -0.2982 -0.2666
vn -0.9162 -0.2983 -0.2676
vn -0.5772 0.7892 -0.2096
vn -0.9170 -0.2999 -0.2629
vn -0.9171 -0.2999 -0.2628
vn -0.6015 0.7712 -0.2081
vn -0.9264 -0.3136 -0.2085
vn -0.6168 0.7587 -0.2095
vn -0.5888 0.7750 -0.2295
vn -0.4701 -0.8824 0.0198
vn -0.5885 0.7848 -0.1945
vn -0.4731 -0.8808 0.0191
vn -0.5882 0.7858 -0.1913
vn -0.4752 -0.8797 0.0197
vn -0.5864 0.7882 -0.1869
vn -0.4777 -0.8783 0.0202
vn -0.5865 0.7883 -0.1859
vn -0.4785 -0.8778 0.0217
vn -0.5850 0.7908 -0.1801
vn -0.4788 -0.8776 0.0229
vn -0.5844 0.7909 -0.1816
vn -0.4789 -0.8776 0.0231
vn -0.5841 0.7901 -0.1859
vn -0.4789 -0.8775 0.0231
vn -0.5834 0.7893 -0.1915
vn -0.4790 -0.8775 0.0229
vn -0.4994 0.8473 -0.1810
vn -0.4772 -0.8785 0.0208
vn -0.4674 0.8836 0.0266
vn -0.4772 -0.8785 0.0231
vn -0.4697 -0.8826 0.0187
vn -0.4669 0.8828 0.0520
vn -0.4695 -0.8825 0.0279
vn -0.4641 -0.8844 0.0485
vn -0.4666 0.8829 0.0529
vn -0.4545 -0.8884 0.0649
vn -0.4656 0.8834 0.0527
vn -0.4554 -0.8878 0.0663
vn -0.4646 0.8839 0.0534
vn -0.4558 -0.8876 0.0663
vn -0.4646 0.8840 0.0527
vn -0.4532 -0.8889 0.0676
vn -0.4576 0.8876 0.0529
vn -0.4492 -0.8906 0.0704
vn -0.4537 0.8886 0.0667
vn -0.4515 -0.8896 0.0690
vn -0.4543 0.8877 0.0751
vn -0.5176 -0.8533 0.0629
vn -0.4584 0.8849 0.0825
vn -0.4504 -0.8902 0.0685
vn -0.4620 0.8825 0.0878
vn -0.4500 -0.8905 0.0680
vn -0.4667 0.8796 0.0921
vn -0.4482 -0.8914 0.0679
vn -0.4706 0.8776 0.0908
vn -0.4482 -0.8914 0.0680
vn -0.4782 0.8732 0.0944
vn -0.4511 -0.8881 0.0881
vn -0.4846 0.8692 0.0979
vn -0.4689 -0.8810 0.0633
vn -0.4906 0.8654 0.1014
vn -0.4619 -0.8839 0.0737
vn -0.4899 0.8646 0.1115
vn -0.4639 -0.8810 0.0928
vn -0.4976 0.8596 0.1161
vn -0.4994 -0.8598 0.1065
vn -0.5052 0.8548 0.1189
vn -0.5876 -0.8056 0.0753
vn -0.5108 0.8513 0.1198
vn -0.9616 -0.2228 0.1601
vn -0.7157 0.4954 0.4923
vn -0.9481 -0.2630 0.1787
vn -0.7290 0.4789 0.4891
vn -0.6220 0.2403 0.7452
vn -0.7302 0.4000 0.5539
vn -0.8973 -0.3398 -0.2817
vn -0.6512 0.7322 -0.1993
vn -0.9117 -0.2977 -0.2831
vn -0.7704 0.6163 -0.1632
vn -0.9123 -0.2878 -0.2915
vn -0.9124 -0.2979 -0.2806
vn -0.8548 0.2566 -0.4510
vn -0.9106 -0.2997 -0.2847
vn -0.9145 -0.2916 -0.2806
vn -0.6041 0.7540 -0.2580
vn -0.6049 0.7601 -0.2372
vn -0.0528 -0.9692 -0.2404
vn -0.6026 0.7689 -0.2137
vn -0.4534 -0.8617 -0.2276
vn -0.5916 0.7781 -0.2110
vn -0.4663 -0.8699 -0.1605
vn -0.5838 0.7833 -0.2136
vn -0.4854 -0.8743 0.0023
vn -0.5878 0.7842 -0.1990
vn -0.4713 -0.8818 0.0197
vn -0.5888 0.7853 -0.1916
vn -0.5879 0.7869 -0.1876
vn -0.5865 0.7880 -0.1874
vn -0.4742 -0.8802 0.0197
vn -0.5862 0.7881 -0.1875
vn -0.4754 -0.8795 0.0199
vn -0.5856 0.7898 -0.1825
vn -0.4764 -0.8790 0.0213
vn -0.5857 0.7903 -0.1798
vn -0.4777 -0.8782 0.0228
vn -0.4783 -0.8778 0.0250
vn -0.5863 0.7886 -0.1852
vn -0.4767 -0.8787 0.0260
vn -0.5246 0.8316 -0.1822
vn -0.4747 -0.8798 0.0261
vn -0.4696 0.8829 0.0053
vn -0.4715 -0.8816 0.0244
vn -0.4670 0.8827 0.0519
vn -0.4714 -0.8815 0.0258
vn -0.4669 0.8828 0.0518
vn -0.4704 -0.8820 0.0289
vn -0.4667 0.8829 0.0517
vn -0.4676 -0.8827 0.0478
vn -0.4547 -0.8890 0.0532
vn -0.4664 0.8830 0.0529
vn -0.4521 -0.8896 0.0654
vn -0.4632 0.8846 0.0544
vn -0.4517 -0.8894 0.0703
vn -0.4615 0.8854 0.0554
vn -0.4467 -0.8918 0.0716
vn -0.4588 0.8868 0.0561
vn -0.4467 -0.8918 0.0713
vn -0.4541 0.8890 0.0590
vn -0.4472 -0.8917 0.0698
vn -0.4530 0.8887 0.0707
vn -0.4477 -0.8916 0.0682
vn -0.4539 0.8880 0.0738
vn -0.4485 -0.8911 0.0689
vn -0.4548 0.8873 0.0774
vn -0.4486 -0.8911 0.0685
vn -0.4590 0.8845 0.0835
vn -0.4475 -0.8917 0.0680
vn -0.4632 0.8820 0.0869
vn -0.4439 -0.8933 0.0703
vn -0.4677 0.8792 0.0910
vn -0.4417 -0.8945 0.0699
vn -0.4677 0.8789 0.0941
vn -0.4377 -0.8962 0.0722
vn -0.4739 0.8752 0.0975
vn -0.4344 -0.8978 0.0728
vn -0.4855 0.8692 0.0934
vn -0.4344 -0.8978 0.0721
vn -0.4900 0.8655 0.1039
vn -0.4326 -0.8987 0.0722
vn -0.4959 0.8615 0.1092
vn -0.4326 -0.8988 0.0713
vn -0.5046 0.8557 0.1146
vn -0.4295 -0.8999 0.0754
vn -0.5117 0.8509 0.1184
vn -0.4266 -0.8999 0.0901
vn -0.5149 0.8490 0.1187
vn -0.4393 -0.8928 0.1000
vn -0.5869 0.8014 0.1157
vn -0.4625 -0.8810 0.0996
vn -0.7317 0.5470 0.4068
vn -0.1527 0.0629 0.9863
vn -0.1969 0.1288 0.9719
vn -0.3270 0.1090 0.9387
vn -0.5785 0.2504 0.7763
vn -0.6970 0.4437 0.5633
vn -0.8739 -0.3924 -0.2868
vn -0.8903 -0.3039 -0.3392
vn -0.7043 0.6940 -0.1492
vn -0.9150 -0.2863 -0.2842
vn -0.8843 -0.4147 -0.2147
vn -0.6304 0.7442 -0.2206
vn -0.4271 -0.7742 -0.4671
vn -0.6174 0.7490 -0.2406
vn -0.3400 -0.8806 -0.3300
vn -0.6083 0.7586 -0.2333
vn -0.2849 -0.9145 -0.2872
vn -0.5887 0.7799 -0.2126
vn -0.5834 0.7850 -0.2083
vn 0.0308 -0.9637 -0.2653
vn -0.5810 0.7867 -0.2086
vn 0.0569 -0.9686 -0.2418
vn -0.5803 0.7858 -0.2139
vn -0.2332 -0.9459 -0.2255
vn -0.5819 0.7876 -0.2028
vn -0.4359 -0.8947 -0.0980
vn -0.4700 -0.8826 0.0132
vn -0.5871 0.7875 -0.1876
vn -0.4706 -0.8822 0.0174
vn -0.5853 0.7893 -0.1855
vn -0.4708 -0.8820 0.0178
vn -0.5859 0.7896 -0.1825
vn -0.5867 0.7891 -0.1822
vn -0.4711 -0.8819 0.0187
vn -0.5862 0.7898 -0.1807
vn -0.4708 -0.8819 0.0219
vn -0.5875 0.7886 -0.1814
vn -0.4708 -0.8819 0.0258
vn -0.5885 0.7869 -0.1855
vn -0.4698 -0.8824 0.0269
vn -0.4820 0.8752 -0.0420
vn -0.4700 -0.8822 0.0268
vn -0.4679 0.8822 0.0527
vn -0.4704 -0.8821 0.0266
vn -0.4680 0.8822 0.0523
vn -0.4704 -0.8820 0.0281
vn -0.4676 0.8824 0.0521
vn -0.4683 -0.8823 0.0465
vn -0.4672 0.8826 0.0520
vn -0.4518 -0.8908 0.0485
vn -0.4650 0.8837 0.0543
vn -0.4512 -0.8903 0.0608
vn -0.4630 0.8846 0.0566
vn -0.4408 -0.8951 0.0662
vn -0.4614 0.8854 0.0572
vn -0.4408 -0.8948 0.0709
vn -0.4592 0.8864 0.0582
vn -0.4410 -0.8947 0.0707
vn -0.4575 0.8871 0.0606
vn -0.4393 -0.8954 0.0723
vn -0.4543 0.8884 0.0663
vn -0.4376 -0.8963 0.0719
vn -0.4542 0.8880 0.0715
vn -0.4376 -0.8964 0.0703
vn -0.4364 -0.8971 0.0694
vn -0.4547 0.8874 0.0758
vn -0.4380 -0.8963 0.0691
vn -0.4564 0.8864 0.0772
vn -0.4381 -0.8962 0.0704
vn -0.4583 0.8851 0.0809
vn -0.4392 -0.8957 0.0702
vn -0.4625 0.8826 0.0845
vn -0.4390 -0.8957 0.0700
vn -0.4637 0.8820 0.0837
vn -0.4673 0.8799 0.0855
vn -0.4353 -0.8973 0.0728
vn -0.4719 0.8767 0.0934
vn -0.4340 -0.8980 0.0721
vn -0.4801 0.8718 0.0972
vn -0.4285 -0.9006 0.0724
vn -0.4882 0.8668 0.1016
vn -0.4285 -0.9002 0.0774
vn -0.4930 0.8637 0.1050
vn -0.4256 -0.9014 0.0792
vn -0.4996 0.8590 0.1119
vn -0.5068 0.8541 0.1167
vn -0.5068 0.8542 0.1164
vn -0.4257 -0.9010 0.0831
vn -0.5586 0.8099 0.1792
vn -0.1411 0.0697 0.9875
vn -0.1378 0.0822 0.9870
vn -0.1375 0.0826 0.9870
vn -0.2778 0.1301 0.9518
vn -0.6109 0.7273 -0.3128
vn 0.1386 -0.9529 -0.2696
vn -0.5997 0.7579 -0.2566
vn 0.1431 -0.9514 -0.2728
vn -0.6016 0.7582 -0.2514
vn 0.1453 -0.9507 -0.2738
vn -0.5865 0.7757 -0.2330
vn 0.1418 -0.9502 -0.2775
vn -0.5842 0.7724 -0.2493
vn 0.1415 -0.9495 -0.2802
vn -0.5808 0.7790 -0.2362
vn 0.1381 -0.9498 -0.2807
vn -0.5831 0.7836 -0.2143
vn 0.1344 -0.9512 -0.2778
vn -0.5839 0.7847 -0.2081
vn 0.1306 -0.9508 -0.2810
vn -0.5884 0.7816 -0.2070
vn 0.1299 -0.9524 -0.2759
vn -0.5849 0.7837 -0.2092
vn 0.1247 -0.9554 -0.2678
vn -0.5846 0.7842 -0.2079
vn 0.0227 -0.9616 -0.2736
vn -0.5858 0.7878 -0.1904
vn -0.3811 -0.8980 -0.2201
vn -0.5887 0.7866 -0.1865
vn -0.3654 -0.9307 -0.0164
vn -0.5887 0.7868 -0.1852
vn -0.4313 -0.9022 0.0055
vn -0.4665 -0.8843 0.0186
vn -0.5870 0.7891 -0.1809
vn -0.4687 -0.8831 0.0214
vn -0.5875 0.7885 -0.1822
vn -0.3867 -0.9211 0.0458
vn -0.4667 0.8688 -0.1652
vn -0.1521 -0.9839 0.0942
vn -0.4732 0.8805 0.0281
vn -0.0396 -0.9958 0.0822
vn -0.4686 0.8818 0.0535
vn 0.0047 -0.9977 0.0678
vn -0.4686 0.8818 0.0526
vn 0.0521 -0.9961 0.0711
vn -0.4680 0.8822 0.0522
vn 0.0523 -0.9966 0.0632
vn -0.4678 0.8823 0.0520
vn 0.1226 -0.9901 0.0682
vn -0.4666 0.8828 0.0543
vn 0.1259 -0.9897 0.0684
vn -0.4652 0.8834 0.0566
vn 0.0745 -0.9949 0.0682
vn -0.4627 0.8846 0.0585
vn 0.0636 -0.9951 0.0751
vn -0.4600 0.8859 0.0602
vn 0.0755 -0.9943 0.0755
vn -0.4599 0.8858 0.0623
vn 0.0744 -0.9945 0.0732
vn -0.4479 0.8911 0.0732
vn 0.0809 -0.9936 0.0789
vn -0.4477 0.8913 0.0718
vn 0.0696 -0.9947 0.0762
vn -0.4103 0.9089 0.0740
vn 0.0116 -0.9983 0.0569
vn -0.3900 0.9176 0.0773
vn -0.0395 -0.9980 0.0493
vn -0.4013 0.9127 0.0775
vn -0.0880 -0.9950 0.0477
vn -0.4114 0.9079 0.0809
vn -0.1575 -0.9867 0.0414
vn -0.4384 0.8951 0.0809
vn -0.2520 -0.9670 0.0379
vn -0.4506 0.8888 0.0840
vn -0.3029 -0.9514 0.0562
vn -0.3239 -0.9438 0.0666
vn -0.4435 0.8918 0.0891
vn -0.3195 -0.9442 0.0795
vn -0.3359 -0.9389 0.0751
vn -0.4551 0.8858 0.0907
vn -0.3256 -0.9412 0.0899
vn -0.4558 0.8840 0.1034
vn -0.2337 -0.9633 0.1318
vn -0.4569 0.8826 0.1104
vn -0.1336 -0.9814 0.1380
vn -0.4649 0.8778 0.1156
vn -0.0812 -0.9903 0.1125
vn -0.4720 0.8741 0.1149
vn -0.1096 -0.9925 0.0537
vn -0.4738 0.8649 0.1658
vn -0.1388 0.0597 0.9885
vn -0.1382 0.0803 0.9871
vn -0.1380 0.0827 0.9870
vn -0.1378 0.0824 0.9870
vn -0.1376 0.0817 0.9871
vn -0.1376 0.0807 0.9872
vn 0.1362 -0.9561 -0.2593
vn 0.7704 0.6105 -0.1838
vn 0.1387 -0.9522 -0.2722
vn -0.5571 0.7587 -0.3376
vn 0.1474 -0.9516 -0.2697
vn -0.5917 0.7648 -0.2548
vn 0.1489 -0.9499 -0.2750
vn -0.6075 0.7496 -0.2627
vn 0.1471 -0.9494 -0.2773
vn -0.6137 0.7523 -0.2398
vn 0.1465 -0.9487 -0.2803
vn -0.6426 0.7352 -0.2159
vn 0.1464 -0.9486 -0.2806
vn -0.6257 0.7555 -0.1940
vn -0.6429 0.7404 -0.1961
vn 0.1467 -0.9483 -0.2814
vn -0.6445 0.7406 -0.1901
vn 0.1465 -0.9473 -0.2848
vn -0.6262 0.7595 -0.1762
vn 0.1441 -0.9490 -0.2805
vn -0.5014 0.8493 -0.1651
vn 0.1404 -0.9632 -0.2291
vn -0.2587 0.9370 -0.2347
vn 0.2568 -0.9664 -0.0085
vn 0.1560 0.9742 -0.1632
vn 0.4681 -0.8832 0.0281
vn 0.3948 0.9173 -0.0519
vn 0.4966 -0.8674 0.0332
vn 0.4614 0.8871 -0.0142
vn 0.4893 -0.8712 0.0387
vn 0.4678 0.8838 -0.0018
vn 0.4835 -0.8744 0.0413
vn 0.4734 0.8808 -0.0068
vn 0.5053 -0.8619 0.0429
vn 0.5003 0.8658 -0.0146
vn 0.5048 -0.8618 0.0491
vn 0.4722 0.8793 0.0620
vn 0.5160 -0.8554 0.0446
vn 0.4763 0.8787 0.0309
vn 0.5314 -0.8460 0.0442
vn 0.4651 0.8840 0.0470
vn 0.5439 -0.8371 0.0583
vn 0.4656 0.8837 0.0488
vn 0.5444 -0.8367 0.0597
vn 0.4655 0.8839 0.0449
vn 0.5439 -0.8370 0.0600
vn 0.4753 0.8789 0.0392
vn 0.4925 0.8694 0.0402
vn 0.5134 0.8565 0.0535
vn 0.5432 -0.8374 0.0601
vn 0.5210 0.8510 0.0654
vn 0.5427 -0.8378 0.0597
vn 0.5079 0.8589 0.0651
vn 0.5425 -0.8379 0.0599
vn 0.5071 0.8574 0.0879
vn 0.5426 -0.8378 0.0600
vn 0.4877 0.8687 0.0868
vn 0.5431 -0.8376 0.0598
vn 0.4720 0.8780 0.0794
vn 0.5431 -0.8376 0.0586
vn 0.4639 0.8831 0.0703
vn 0.5434 -0.8377 0.0547
vn 0.4653 0.8829 0.0634
vn 0.5445 -0.8375 0.0469
vn 0.4753 0.8780 0.0576
vn 0.5487 -0.8351 0.0394
vn 0.4916 0.8685 0.0639
vn 0.5577 -0.8291 0.0398
vn 0.5009 0.8628 0.0684
vn 0.5691 -0.8206 0.0526
vn 0.5053 0.8596 0.0755
vn 0.5789 -0.8139 0.0498
vn 0.5019 0.8605 0.0876
vn 0.5856 -0.8085 0.0574
vn 0.4846 0.8698 0.0930
vn 0.5838 -0.8098 0.0576
vn 0.4504 0.8889 0.0839
vn 0.5609 -0.8258 0.0595
vn 0.4497 0.8884 0.0924
vn 0.5365 -0.8416 0.0631
vn 0.4262 0.9005 0.0861
vn 0.5236 -0.8494 0.0659
vn 0.4338 0.8972 0.0823
vn 0.5321 -0.8444 0.0623
vn 0.4054 0.9109 0.0773
vn 0.5778 -0.8142 0.0570
vn 0.4029 0.9108 0.0904
vn -0.1282 0.0475 0.9906
vn -0.1379 0.0789 0.9873
vn -0.1382 0.0828 0.9869
vn -0.1381 0.0824 0.9870
vn -0.1380 0.0816 0.9871
vn 0.9317 0.2504 -0.2630
vn 0.9172 0.3037 -0.2578
vn 0.1461 -0.9524 -0.2675
vn 0.9422 0.2382 -0.2356
vn 0.9098 0.2971 -0.2899
vn 0.1478 -0.9513 -0.2704
vn 0.9359 0.2845 -0.2077
vn 0.9310 0.2921 -0.2190
vn 0.9051 0.3218 -0.2778
vn 0.2620 -0.9398 -0.2192
vn 0.9337 0.2915 -0.2081
vn 0.9294 0.3008 -0.2136
vn 0.2857 -0.9187 -0.2725
vn 0.9357 0.2960 -0.1921
vn 0.9302 0.3220 -0.1759
vn 0.9309 0.3232 -0.1703
vn 0.1518 -0.9389 -0.3088
vn 0.9286 0.3225 -0.1835
vn 0.9280 0.3304 -0.1722
vn 0.1464 -0.9486 -0.2804
vn 0.9261 0.3317 -0.1798
vn 0.9254 0.3348 -0.1775
vn 0.9242 0.3362 -0.1813
vn 0.9238 0.3387 -0.1785
vn 0.1463 -0.9483 -0.2817
vn 0.9238 0.3395 -0.1771
vn 0.1453 -0.9477 -0.2841
vn 0.9236 0.3414 -0.1741
vn 0.2102 -0.9740 -0.0840
vn 0.9072 0.3935 -0.1490
vn 0.3864 -0.9222 0.0111
vn 0.6528 0.7567 -0.0353
vn 0.5152 -0.8565 0.0317
vn 0.5306 0.8476 0.0044
vn 0.5222 -0.8520 0.0364
vn 0.5310 0.8474 0.0042
vn 0.5260 -0.8496 0.0397
vn 0.5314 0.8471 0.0038
vn 0.5285 -0.8479 0.0412
vn 0.5314 0.8471 0.0036
vn 0.5275 -0.8486 0.0410
vn 0.5313 0.8472 0.0030
vn 0.5413 -0.8392 0.0512
vn 0.5306 0.8475 0.0098
vn 0.5431 -0.8380 0.0527
vn 0.5321 0.8460 0.0334
vn 0.5432 -0.8378 0.0556
vn 0.5361 0.8434 0.0349
vn 0.5432 -0.8376 0.0586
vn 0.5393 0.8410 0.0426
vn 0.5441 -0.8368 0.0608
vn 0.5433 0.8383 0.0463
vn 0.5463 -0.8352 0.0632
vn 0.5414 0.8395 0.0455
vn 0.5463 -0.8352 0.0636
vn 0.5414 0.8393 0.0496
vn 0.5488 -0.8336 0.0627
vn 0.5383 0.8407 0.0591
vn 0.5501 -0.8328 0.0623
vn 0.5344 0.8430 0.0610
vn 0.5514 -0.8321 0.0596
vn 0.5322 0.8443 0.0632
vn 0.5530 -0.8311 0.0591
vn 0.5292 0.8465 0.0578
vn 0.5548 -0.8299 0.0591
vn 0.5246 0.8492 0.0613
vn 0.5559 -0.8291 0.0589
vn 0.5214 0.8506 0.0675
vn 0.5551 -0.8297 0.0590
vn 0.5191 0.8520 0.0684
vn 0.5552 -0.8294 0.0615
vn 0.5172 0.8530 0.0695
vn 0.5572 -0.8282 0.0596
vn 0.5157 0.8539 0.0702
vn 0.5605 -0.8262 0.0566
vn 0.5144 0.8546 0.0709
vn 0.5674 -0.8216 0.0551
vn 0.5136 0.8549 0.0733
vn 0.5786 -0.8138 0.0547
vn 0.5131 0.8552 0.0732
vn 0.5891 -0.8062 0.0547
vn 0.5128 0.8554 0.0729
vn 0.5892 -0.8061 0.0547
vn 0.5128 0.8554 0.0726
vn 0.5891 -0.8060 0.0572
vn 0.5129 0.8554 0.0728
vn 0.5872 -0.8074 0.0574
vn 0.5114 0.8554 0.0817
vn 0.5852 -0.8088 0.0575
vn 0.5012 0.8624 0.0715
vn 0.5850 -0.8090 0.0574
vn 0.4938 0.8655 0.0836
vn 0.4638 0.8841 0.0571
vn 0.5849 -0.8091 0.0571
vn 0.4686 0.8806 0.0703
vn 0.5850 -0.8090 0.0568
vn 0.4901 0.8639 0.1159
vn 0.1199 -0.3462 0.9305
vn -0.1263 0.0063 0.9920
vn -0.1384 0.0826 0.9869
vn -0.1384 0.0818 0.9870
vn 0.8874 0.4313 -0.1630
vn 0.8216 -0.5488 -0.1544
vn 0.9358 0.2845 -0.2081
vn 0.8080 -0.4890 -0.3285
vn 0.8595 -0.4212 -0.2896
vn 0.9606 0.2071 -0.1853
vn 0.6951 -0.6228 -0.3593
vn 0.8280 -0.4679 -0.3090
vn 0.9338 0.3000 -0.1951
vn 0.9344 0.3061 -0.1823
vn 0.5578 -0.7543 -0.3463
vn 0.8468 -0.4004 -0.3502
vn 0.9322 0.3020 -0.1995
vn 0.9338 0.3059 -0.1853
vn 0.9257 0.3327 -0.1799
vn 0.3967 -0.8508 -0.3447
vn 0.9318 0.3000 -0.2043
vn 0.9310 0.3142 -0.1857
vn 0.9255 0.3327 -0.1813
vn 0.4078 -0.8666 -0.2876
vn 0.9254 0.3283 -0.1892
vn 0.9252 0.3331 -0.1821
vn 0.9224 0.3425 -0.1786
vn 0.3801 -0.9135 -0.1449
vn 0.9248 0.3333 -0.1833
vn 0.9211 0.3466 -0.1774
vn 0.9211 0.3476 -0.1756
vn 0.4777 -0.8781 0.0262
vn 0.9194 0.3498 -0.1799
vn 0.9195 0.3530 -0.1730
vn 0.5188 -0.8543 0.0328
vn 0.9190 0.3528 -0.1760
vn 0.9157 0.3964 -0.0659
vn 0.5239 -0.8508 0.0414
vn 0.9178 0.3554 -0.1770
vn 0.7274 0.6860 -0.0147
vn 0.5336 -0.8446 0.0428
vn 0.5853 0.8108 -0.0055
vn 0.5336 -0.8446 0.0444
vn 0.5662 0.8242 -0.0016
vn 0.5360 -0.8429 0.0472
vn 0.5309 0.8474 0.0035
vn 0.5390 -0.8408 0.0498
vn 0.5303 0.8478 0.0025
vn 0.5409 -0.8395 0.0513
vn 0.5278 0.8493 0.0135
vn 0.5409 -0.8394 0.0533
vn 0.5393 0.8412 0.0391
vn 0.5420 -0.8385 0.0560
vn 0.5420 0.8394 0.0400
vn 0.5423 -0.8381 0.0588
vn 0.5450 -0.8363 0.0607
vn 0.5436 0.8381 0.0444
vn 0.5533 -0.8301 0.0692
vn 0.5428 0.8387 0.0437
vn 0.5533 -0.8301 0.0693
vn 0.5412 0.8397 0.0453
vn 0.5578 -0.8273 0.0665
vn 0.5396 0.8403 0.0527
vn 0.5603 -0.8258 0.0639
vn 0.5358 0.8424 0.0569
vn 0.5614 -0.8252 0.0624
vn 0.5355 0.8426 0.0568
vn 0.5617 -0.8250 0.0615
vn 0.5619 -0.8250 0.0605
vn 0.5303 0.8456 0.0613
vn 0.5619 -0.8251 0.0597
vn 0.5236 0.8496 0.0638
vn 0.5638 -0.8233 0.0651
vn 0.5199 0.8517 0.0656
vn 0.5717 -0.8172 0.0736
vn 0.5170 0.8533 0.0673
vn 0.5830 -0.8097 0.0669
vn 0.5170 0.8533 0.0680
vn 0.5894 -0.8056 0.0592
vn 0.5151 0.8512 0.1008
vn 0.5916 -0.8043 0.0559
vn 0.5389 0.8396 0.0685
vn 0.5923 -0.8039 0.0550
vn 0.5347 0.8405 0.0874
vn 0.5504 0.8296 0.0935
vn 0.5923 -0.8038 0.0547
vn 0.5744 0.8149 0.0773
vn 0.5780 0.8128 0.0727
vn 0.5920 -0.8041 0.0546
vn 0.5168 0.8534 0.0687
vn 0.5119 0.8567 0.0635
vn 0.5886 -0.8066 0.0547
vn 0.5406 0.8399 0.0489
vn 0.5481 0.8140 0.1924
vn 0.6071 -0.7843 0.1273
vn 0.7213 0.6853 0.1005
vn 0.7082 -0.6926 0.1369
vn 0.7512 0.6554 0.0786
vn 0.9826 -0.1409 0.1208
vn 0.6617 -0.0339 0.7490
vn -0.0209 0.1026 0.9945
vn -0.1464 -0.9691 -0.1986
vn 0.6930 -0.6310 -0.3488
vn 0.7114 -0.6334 -0.3043
vn 0.8925 -0.3574 -0.2752
vn 0.7645 -0.5804 -0.2805
vn 0.7601 -0.5867 -0.2793
vn 0.9480 0.0597 -0.3127
vn 0.9334 0.3010 -0.1952
vn 0.6445 -0.7178 -0.2633
vn 0.9278 0.3149 -0.2002
vn 0.9262 0.3289 -0.1845
vn 0.5246 -0.8493 -0.0589
vn 0.9191 0.3444 -0.1915
vn 0.9225 0.3374 -0.1876
vn 0.9247 0.3332 -0.1840
vn 0.5283 -0.8481 0.0400
vn 0.9185 0.3479 -0.1880
vn 0.9235 0.3369 -0.1833
vn 0.9198 0.3500 -0.1773
vn 0.5282 -0.8481 0.0411
vn 0.9225 0.3423 -0.1785
vn 0.9222 0.3413 -0.1816
vn 0.9189 0.3521 -0.1778
vn 0.5339 -0.8443 0.0459
vn 0.9180 0.3542 -0.1783
vn 0.9178 0.3553 -0.1774
vn 0.5365 -0.8426 0.0473
vn 0.9190 0.3523 -0.1772
vn 0.5364 -0.8425 0.0493
vn 0.9169 0.3543 -0.1836
vn 0.8805 0.4524 -0.1417
vn 0.5384 -0.8412 0.0507
vn 0.9203 0.3455 -0.1836
vn 0.8617 0.4973 -0.1007
vn 0.5405 -0.8397 0.0529
vn 0.7871 0.6160 -0.0324
vn 0.5406 -0.8395 0.0552
vn 0.7015 0.7126 0.0093
vn 0.5424 -0.8382 0.0566
vn 0.7535 0.6567 0.0317
vn 0.5448 -0.8359 0.0675
vn 0.7528 0.6575 0.0312
vn 0.5555 -0.8283 0.0736
vn 0.6849 0.7283 0.0198
vn 0.5740 -0.8122 0.1044
vn 0.7206 0.6896 0.0722
vn 0.6630 -0.7434 0.0878
vn 0.7754 0.6306 0.0323
vn 0.6895 -0.7187 0.0896
vn 0.7384 0.6735 0.0335
vn 0.7128 -0.6966 0.0816
vn 0.7578 0.6399 0.1278
vn 0.7255 -0.6882 0.0090
vn 0.8280 0.5606 0.0121
vn 0.6006 -0.7972 0.0617
vn 0.8171 0.5577 -0.1461
vn 0.6706 -0.7396 0.0579
vn 0.5411 0.8386 0.0634
vn 0.6896 -0.7165 0.1051
vn 0.5632 0.8244 0.0561
vn 0.9463 -0.3210 0.0375
vn 0.5654 0.8219 0.0691
vn 0.9300 -0.3585 0.0808
vn 0.9946 -0.0874 0.0567
vn 0.6058 0.7920 0.0763
vn 0.9287 -0.3671 0.0523
vn 0.9954 -0.0762 0.0584
vn 0.9955 -0.0674 0.0660
vn 0.6791 0.7291 0.0845
vn 0.9061 -0.4203 0.0483
vn 0.9957 -0.0682 0.0632
vn 0.9959 -0.0653 0.0634
vn 0.9957 -0.0525 0.0767
vn 0.9962 -0.0434 0.0751
vn 0.8815 -0.4705 0.0408
vn 0.9963 -0.0603 0.0606
vn 0.9951 -0.0655 0.0745
vn 0.9955 -0.0405 0.0853
vn 0.9946 -0.0353 0.0971
vn 0.8363 -0.5475 0.0288
vn 0.9977 -0.0449 0.0501
vn 0.9963 -0.0538 0.0664
vn 0.9967 -0.0300 0.0758
vn 0.9931 0.0032 0.1171
vn 0.7494 -0.6613 0.0336
vn 0.9989 -0.0202 0.0423
vn 0.9973 -0.0404 0.0607
vn 0.9978 -0.0207 0.0627
vn 0.9866 0.1168 0.1136
vn 0.6673 -0.7427 0.0556
vn 0.9988 -0.0090 0.0490
vn 0.9981 -0.0253 0.0559
vn 0.9983 -0.0190 0.0557
vn 0.9650 0.2506 0.0779
vn 0.6618 -0.7477 0.0548
vn 0.9986 -0.0154 0.0507
vn 0.9986 -0.0198 0.0493
vn 0.9985 -0.0196 0.0505
vn 0.9589 0.2832 -0.0171
vn 0.6552 -0.7530 0.0611
vn 0.9983 -0.0205 0.0542
vn 0.9986 -0.0211 0.0487
vn 0.9985 -0.0181 0.0515
vn 0.9983 0.0437 0.0378
vn 0.7261 -0.6839 0.0709
vn 0.9988 -0.0135 0.0474
vn 0.9983 -0.0260 0.0526
vn 0.9988 -0.0150 0.0467
vn 0.9987 -0.0153 0.0491
vn 0.7776 -0.6251 0.0675
vn 0.9989 -0.0282 0.0386
vn 0.9991 -0.0225 0.0369
vn 0.9991 -0.0243 0.0350
vn 0.9992 -0.0060 0.0403
vn 0.9973 -0.0506 0.0523
vn 0.9987 -0.0235 0.0443
vn 0.9988 -0.0264 0.0404
vn 0.9926 -0.0968 0.0727
vn 0.9978 -0.0307 0.0592
vn 0.9983 -0.0286 0.0513
vn 0.9860 -0.1409 0.0888
vn 0.9953 -0.0429 0.0873
vn 0.9960 -0.0394 0.0799
vn 0.7869 -0.5432 -0.2930
vn 0.9653 0.0896 -0.2454
vn 0.7236 -0.6763 -0.1379
vn 0.9197 0.3428 -0.1916
vn 0.5340 -0.8446 0.0394
vn 0.9266 0.3308 -0.1787
vn 0.9225 0.3406 -0.1818
vn 0.5288 -0.8476 0.0443
vn 0.9258 0.3322 -0.1803
vn 0.5459 -0.8366 0.0449
vn 0.9234 0.3397 -0.1785
vn 0.9223 0.3414 -0.1810
vn 0.6669 -0.7434 0.0508
vn 0.9886 -0.1415 0.0522
vn 0.9624 0.2715 -0.0062
vn 0.9232 0.3400 -0.1794
vn 0.7160 -0.6954 0.0617
vn 0.9920 -0.0999 0.0772
vn 0.9310 0.3342 -0.1469
vn 0.9182 0.3515 -0.1824
vn 0.7098 -0.7029 0.0468
vn 0.9929 -0.0866 0.0811
vn 0.9929 -0.0869 0.0813
vn 0.9234 0.3393 -0.1793
vn 0.9199 0.3467 -0.1834
vn 0.6808 -0.7307 0.0516
vn 0.9930 -0.0867 0.0798
vn 0.9931 -0.0865 0.0798
vn 0.9942 0.0848 0.0662
vn 0.9233 0.3393 -0.1803
vn 0.9225 0.3391 -0.1843
vn 0.6809 -0.7311 0.0435
vn 0.9930 -0.0872 0.0797
vn 0.9931 -0.0862 0.0792
vn 0.9947 -0.0645 0.0805
vn 0.9227 0.3391 -0.1835
vn 0.8963 0.4388 0.0641
vn 0.9929 -0.0872 0.0809
vn 0.9930 -0.0867 0.0801
vn 0.9930 -0.0871 0.0801
vn 0.9952 0.0481 0.0856
vn 0.8222 0.5684 0.0313
vn 0.9929 -0.0863 0.0819
vn 0.9928 -0.0875 0.0816
vn 0.9931 -0.0871 0.0788
vn 0.9951 -0.0577 0.0803
vn 0.7981 0.6017 0.0311
vn 0.9928 -0.0863 0.0832
vn 0.9927 -0.0877 0.0823
vn 0.9928 -0.0891 0.0805
vn 0.9928 -0.0886 0.0805
vn 0.6753 0.7374 0.0136
vn 0.8247 0.5655 0.0103
vn 0.9892 -0.1204 0.0833
vn 0.9927 -0.0887 0.0822
vn 0.9926 -0.0905 0.0808
vn 0.9925 -0.0883 0.0850
vn 0.7172 0.6867 0.1188
vn 0.8320 0.5453 0.1022
vn 0.9778 -0.1921 0.0835
vn 0.9927 -0.0899 0.0803
vn 0.9926 -0.0919 0.0799
vn 0.9909 -0.0832 0.1063
vn 0.7218 0.6877 0.0779
vn 0.8457 0.5287 0.0728
vn 0.9617 -0.2597 0.0876
vn 0.9924 -0.0942 0.0788
vn 0.9926 -0.0906 0.0804
vn 0.9955 -0.0619 0.0718
vn 0.8498 0.5267 0.0195
vn 0.8478 0.5303 -0.0040
vn 0.9585 -0.2719 0.0860
vn 0.9921 -0.0988 0.0776
vn 0.9928 -0.0887 0.0800
vn 0.9944 -0.0614 0.0857
vn 0.8540 0.5138 0.0811
vn 0.9844 -0.1604 0.0719
vn 0.9928 -0.0945 0.0742
vn 0.9932 -0.0844 0.0798
vn 0.9954 -0.0691 0.0666
vn 0.8707 0.4916 0.0109
vn 0.9922 -0.1041 0.0690
vn 0.9933 -0.0902 0.0724
vn 0.9938 -0.0797 0.0780
vn 0.9943 -0.0831 0.0663
vn 0.9885 -0.0425 -0.1450
vn 0.9930 -0.0930 0.0723
vn 0.9933 -0.0901 0.0722
vn 0.9942 -0.0743 0.0779
vn 0.9934 -0.0786 0.0830
vn 0.9938 -0.0781 0.0786
vn 0.9932 -0.0932 0.0697
vn 0.9935 -0.0899 0.0699
vn 0.9947 -0.0700 0.0751
vn 0.9942 -0.0725 0.0800
vn 0.9940 -0.0720 0.0820
vn 0.9938 -0.0895 0.0661
vn 0.9952 -0.0675 0.0709
vn 0.9949 -0.0674 0.0746
vn 0.9950 -0.0622 0.0779
vn 0.9954 -0.0675 0.0677
vn 0.9955 -0.0625 0.0716
vn 0.9953 -0.0620 0.0742
vn 0.9953 -0.0626 0.0745
vn 0.9954 -0.0542 0.0786
vn 0.9931 -0.0757 -0.0890
vn 0.9968 -0.0740 -0.0296
vn 0.9840 0.1248 -0.1273
vn 0.9820 0.1103 -0.1535
vn 0.6417 0.7565 0.1260
vn 0.8496 0.5257 0.0431
vn 0.6934 0.7192 -0.0447
s 0
f 9//7 11//7 12//7
f 88//8 15//8 10//8
f 10//9 16//9 11//9
f 12//10 16//10 17//10
f 89//11 17//11 18//11
f 13//12 20//12 14//12
f 14//13 21//13 15//13
f 15//14 22//14 16//14
f 17//15 22//15 23//15
f 18//16 23//16 24//16
f 19//17 26//17 20//17
f 20//18 27//18 21//18
f 21//19 28//19 22//19
f 23//20 28//20 29//20
f 24//21 29//21 30//21
f 26//22 31//22 32//22
f 26//23 33//23 27//23
f 27//24 34//24 28//24
f 29//25 34//25 35//25
f 30//26 35//26 36//26
f 95//27 36//27 37//27
f 98//28 32//28 31//28
f 32//29 39//29 33//29
f 33//30 40//30 34//30
f 34//31 41//31 35//31
f 36//32 41//32 42//32
f 37//33 42//33 43//33
f 39//34 44//34 45//34
f 39//35 46//35 40//35
f 41//36 46//36 47//36
f 42//37 47//37 48//37
f 43//38 48//38 49//38
f 99//39 49//39 50//39
f 45//40 51//40 52//40
f 46//41 52//41 53//41
f 47//42 53//42 54//42
f 48//43 54//43 55//43
f 49//44 55//44 56//44
f 56//45 50//45 49//45
f 52//46 57//46 58//46
f 53//47 58//47 59//47
f 54//48 59//48 60//48
f 55//49 60//49 61//49
f 56//50 61//50 62//50
f 107//51 58//51 57//51
f 59//52 63//52 64//52
f 60//53 64//53 65//53
f 60//54 66//54 61//54
f 61//55 67//55 62//55
f 111//56 64//56 63//56
f 64//53 69//53 65//53
f 65//57 70//57 66//57
f 112//58 66//58 70//58
f 68//59 71//59 69//59
f 118//60 69//60 71//60
f 72//61 74//61 75//61
f 73//62 75//62 76//62
f 74//63 78//63 79//63
f 74//64 80//64 75//64
f 75//65 81//65 76//65
f 78//66 82//66 83//66
f 79//67 83//67 84//67
f 79//68 85//68 80//68
f 80//69 9//69 81//69
f 9//70 210//70 81//70
f 83//71 87//71 88//71
f 83//72 10//72 84//72
f 11//73 84//73 10//73
f 12//74 86//74 9//74
f 13//75 87//75 90//75
f 13//76 88//76 87//76
f 89//77 18//77 91//77
f 13//78 92//78 19//78
f 91//79 24//79 93//79
f 19//80 94//80 25//80
f 30//81 93//81 24//81
f 25//82 96//82 31//82
f 95//83 37//83 97//83
f 98//84 31//84 96//84
f 97//85 43//85 99//85
f 38//86 100//86 44//86
f 50//87 101//87 99//87
f 44//88 102//88 51//88
f 51//89 104//89 57//89
f 56//90 105//90 103//90
f 106//91 57//91 104//91
f 62//92 108//92 105//92
f 107//93 109//93 110//93
f 110//94 63//94 107//94
f 113//95 67//95 112//95
f 110//96 114//96 115//96
f 111//97 115//97 116//97
f 111//98 117//98 68//98
f 119//99 70//99 118//99
f 112//100 120//100 113//100
f 115//101 121//101 122//101
f 115//102 123//102 116//102
f 116//103 124//103 117//103
f 117//104 125//104 71//104
f 126//105 71//105 125//105
f 118//106 127//106 119//106
f 119//107 128//107 120//107
f 122//108 129//108 130//108
f 122//109 131//109 123//109
f 123//110 132//110 124//110
f 124//111 133//111 125//111
f 125//112 134//112 126//112
f 126//113 135//113 127//113
f 240//114 127//114 135//114
f 130//115 136//115 137//115
f 130//116 138//116 131//116
f 131//117 139//117 132//117
f 132//118 140//118 133//118
f 134//119 140//119 141//119
f 134//120 142//120 135//120
f 137//121 143//121 144//121
f 138//122 144//122 145//122
f 138//123 146//123 139//123
f 140//124 146//124 147//124
f 141//125 147//125 148//125
f 142//126 148//126 149//126
f 144//127 150//127 151//127
f 145//128 151//128 152//128
f 146//129 152//129 153//129
f 147//130 153//130 154//130
f 148//131 154//131 155//131
f 149//132 155//132 156//132
f 151//133 157//133 158//133
f 152//134 158//134 159//134
f 153//135 159//135 160//135
f 153//136 161//136 154//136
f 154//137 162//137 155//137
f 156//138 162//138 163//138
f 249//139 158//139 157//139
f 159//140 164//140 165//140
f 159//141 166//141 160//141
f 160//142 167//142 161//142
f 161//143 168//143 162//143
f 162//144 169//144 163//144
f 165//145 170//145 171//145
f 165//146 172//146 166//146
f 166//147 173//147 167//147
f 167//148 174//148 168//148
f 168//149 175//149 169//149
f 171//150 176//150 177//150
f 172//151 177//151 178//151
f 172//152 179//152 173//152
f 173//153 180//153 174//153
f 174//154 181//154 175//154
f 177//155 182//155 183//155
f 178//156 183//156 184//156
f 179//157 184//157 185//157
f 180//158 185//158 186//158
f 256//159 180//159 186//159
f 183//160 187//160 188//160
f 184//161 188//161 189//161
f 185//162 189//162 190//162
f 258//163 185//163 190//163
f 260//164 188//164 187//164
f 191//165 189//165 188//165
f 192//166 194//166 195//166
f 193//167 195//167 196//167
f 194//168 197//168 198//168
f 195//169 198//169 199//169
f 196//170 199//170 200//170
f 197//171 201//171 202//171
f 197//172 203//172 198//172
f 199//173 203//173 72//173
f 72//174 200//174 199//174
f 200//175 73//175 204//175
f 201//176 205//176 206//176
f 202//177 206//177 207//177
f 203//178 207//178 74//178
f 73//179 208//179 204//179
f 206//180 209//180 77//180
f 77//181 207//181 206//181
f 81//182 208//182 76//182
f 77//183 211//183 82//183
f 210//184 86//184 212//184
f 82//185 213//185 87//185
f 86//186 214//186 212//186
f 87//187 215//187 90//187
f 91//188 214//188 89//188
f 90//189 217//189 92//189
f 93//190 216//190 91//190
f 92//191 219//191 94//191
f 218//192 95//192 220//192
f 94//193 221//193 96//193
f 97//194 220//194 95//194
f 98//195 221//195 223//195
f 99//196 222//196 97//196
f 100//197 223//197 225//197
f 99//198 226//198 224//198
f 102//199 225//199 227//199
f 101//200 228//200 226//200
f 102//201 229//201 104//201
f 103//202 230//202 228//202
f 231//203 104//203 229//203
f 105//204 232//204 230//204
f 106//205 233//205 109//205
f 108//206 234//206 232//206
f 109//207 235//207 114//207
f 234//208 120//208 236//208
f 114//209 237//209 121//209
f 236//210 128//210 238//210
f 121//211 239//211 129//211
f 128//212 240//212 238//212
f 239//213 136//213 129//213
f 135//214 242//214 240//214
f 241//215 143//215 136//215
f 142//216 244//216 242//216
f 243//217 150//217 143//217
f 149//218 246//218 244//218
f 245//219 157//219 150//219
f 163//220 246//220 156//220
f 249//221 157//221 247//221
f 169//222 248//222 163//222
f 164//223 251//223 170//223
f 175//224 250//224 169//224
f 170//225 253//225 176//225
f 252//226 181//226 254//226
f 182//227 253//227 255//227
f 181//228 256//228 254//228
f 187//229 255//229 257//229
f 259//230 186//230 258//230
f 260//231 187//231 257//231
f 190//232 261//232 262//232
f 263//233 190//233 262//233
f 258//234 264//234 259//234
f 265//235 191//235 260//235
f 266//236 261//236 191//236
f 261//237 268//237 262//237
f 262//238 269//238 263//238
f 263//239 270//239 264//239
f 266//240 271//240 272//240
f 267//241 272//241 273//241
f 267//242 274//242 268//242
f 268//243 275//243 269//243
f 269//244 276//244 270//244
f 272//245 277//245 278//245
f 273//246 278//246 279//246
f 274//247 279//247 280//247
f 274//248 281//248 275//248
f 275//249 282//249 276//249
f 278//250 283//250 284//250
f 279//251 284//251 285//251
f 280//252 285//252 286//252
f 280//253 287//253 281//253
f 281//254 288//254 282//254
f 284//255 289//255 290//255
f 285//256 290//256 291//256
f 286//257 291//257 292//257
f 286//258 293//258 287//258
f 287//259 294//259 288//259
f 389//260 290//260 289//260
f 291//261 295//261 296//261
f 292//262 296//262 297//262
f 292//263 298//263 293//263
f 390//264 293//264 298//264
f 296//265 299//265 300//265
f 296//266 301//266 297//266
f 297//267 302//267 298//267
f 299//268 303//268 300//268
f 300//269 304//269 301//269
f 301//270 305//270 302//270
f 306//271 309//271 310//271
f 307//272 310//272 311//272
f 412//273 313//273 308//273
f 309//274 313//274 314//274
f 310//275 314//275 192//275
f 192//276 311//276 310//276
f 311//277 193//277 315//277
f 414//278 317//278 312//278
f 313//279 317//279 318//279
f 314//280 318//280 194//280
f 193//281 319//281 315//281
f 317//282 320//282 321//282
f 318//283 321//283 197//283
f 196//284 322//284 319//284
f 321//285 323//285 201//285
f 200//286 324//286 322//286
f 205//287 323//287 325//287
f 204//288 326//288 324//288
f 205//289 327//289 209//289
f 208//290 328//290 326//290
f 209//291 329//291 211//291
f 328//292 212//292 330//292
f 211//293 331//293 213//293
f 214//294 330//294 212//294
f 331//295 215//295 213//295
f 332//296 216//296 334//296
f 333//297 217//297 215//297
f 218//298 334//298 216//298
f 335//193 219//193 217//193
f 220//299 336//299 218//299
f 337//300 221//300 219//300
f 338//301 222//301 340//301
f 221//302 341//302 223//302
f 222//303 342//303 340//303
f 223//304 343//304 225//304
f 224//305 344//305 342//305
f 345//306 225//306 343//306
f 226//307 346//307 344//307
f 227//308 347//308 229//308
f 228//309 348//309 346//309
f 349//310 229//310 347//310
f 230//311 350//311 348//311
f 231//312 351//312 233//312
f 232//313 352//313 350//313
f 233//314 353//314 235//314
f 236//315 352//315 234//315
f 235//316 355//316 237//316
f 236//317 356//317 354//317
f 239//318 355//318 357//318
f 238//319 358//319 356//319
f 241//320 357//320 359//320
f 358//321 242//321 360//321
f 243//322 359//322 361//322
f 242//323 362//323 360//323
f 361//324 245//324 243//324
f 244//325 364//325 362//325
f 363//326 247//326 245//326
f 246//327 366//327 364//327
f 365//328 249//328 247//328
f 248//329 368//329 366//329
f 367//330 251//330 249//330
f 250//331 370//331 368//331
f 369//332 253//332 251//332
f 252//333 372//333 370//333
f 371//334 255//334 253//334
f 256//335 372//335 254//335
f 257//336 373//336 375//336
f 259//337 374//337 256//337
f 260//338 375//338 377//338
f 264//339 376//339 259//339
f 265//340 377//340 379//340
f 270//341 378//341 264//341
f 271//342 379//342 381//342
f 380//343 276//343 382//343
f 277//344 381//344 383//344
f 382//345 282//345 384//345
f 283//346 383//346 385//346
f 384//347 288//347 386//347
f 385//348 289//348 283//348
f 386//349 294//349 388//349
f 389//350 289//350 387//350
f 294//351 390//351 388//351
f 295//352 391//352 299//352
f 298//353 392//353 390//353
f 391//354 394//354 299//354
f 305//355 392//355 302//355
f 303//356 394//356 395//356
f 396//357 303//357 395//357
f 396//358 305//358 304//358
f 398//359 305//359 397//359
f 499//360 402//360 399//360
f 500//361 402//361 403//361
f 400//362 405//362 401//362
f 401//363 406//363 402//363
f 403//364 406//364 407//364
f 404//365 408//365 409//365
f 404//366 410//366 405//366
f 406//367 410//367 306//367
f 306//368 407//368 406//368
f 407//369 307//369 411//369
f 408//370 308//370 409//370
f 308//371 410//371 409//371
f 307//372 413//372 411//372
f 312//373 412//373 414//373
f 413//374 315//374 415//374
f 316//375 511//375 416//375
f 319//376 415//376 315//376
f 416//377 320//377 316//377
f 322//378 417//378 319//378
f 323//379 418//379 420//379
f 324//380 419//380 322//380
f 325//381 420//381 422//381
f 324//382 423//382 421//382
f 327//383 422//383 424//383
f 326//384 425//384 423//384
f 426//385 423//385 425//385
f 329//386 424//386 427//386
f 328//387 330//387 425//387
f 428//388 425//388 330//388
f 331//389 427//389 429//389
f 332//390 428//390 330//390
f 333//391 429//391 431//391
f 334//392 430//392 332//392
f 335//393 431//393 433//393
f 432//394 336//394 434//394
f 337//395 433//395 435//395
f 336//396 436//396 434//396
f 337//397 437//397 339//397
f 338//398 438//398 436//398
f 339//399 439//399 341//399
f 340//400 440//400 438//400
f 341//401 441//401 343//401
f 342//402 442//402 440//402
f 443//403 343//403 441//403
f 344//404 444//404 442//404
f 345//405 445//405 347//405
f 346//406 446//406 444//406
f 347//407 447//407 349//407
f 348//408 448//408 446//408
f 349//409 449//409 351//409
f 448//410 352//410 450//410
f 351//411 451//411 353//411
f 450//412 354//412 452//412
f 353//413 453//413 355//413
f 354//414 454//414 452//414
f 355//415 455//415 357//415
f 356//416 456//416 454//416
f 455//417 359//417 357//417
f 358//418 458//418 456//418
f 361//419 457//419 459//419
f 360//420 460//420 458//420
f 361//421 461//421 363//421
f 362//422 462//422 460//422
f 363//423 463//423 365//423
f 364//424 464//424 462//424
f 365//425 465//425 367//425
f 366//426 466//426 464//426
f 369//427 465//427 467//427
f 368//428 468//428 466//428
f 371//429 467//429 469//429
f 370//430 470//430 468//430
f 469//431 373//431 371//431
f 372//432 472//432 470//432
f 471//433 375//433 373//433
f 472//434 376//434 474//434
f 473//435 377//435 375//435
f 474//436 378//436 476//436
f 475//437 379//437 377//437
f 380//438 476//438 378//438
f 477//439 381//439 379//439
f 380//440 480//440 478//440
f 479//441 383//441 381//441
f 382//442 482//442 480//442
f 385//443 481//443 483//443
f 384//444 484//444 482//444
f 387//445 483//445 485//445
f 386//446 486//446 484//446
f 389//447 485//447 487//447
f 388//448 488//448 486//448
f 391//449 487//449 489//449
f 392//450 488//450 390//450
f 393//451 489//451 491//451
f 398//452 490//452 392//452
f 492//453 393//453 491//453
f 493//454 394//454 492//454
f 493//455 396//455 395//455
f 494//456 397//456 396//456
f 495//457 398//457 397//457
f 499//458 1196//458 498//458
f 399//459 1195//459 499//459
f 497//460 1197//460 399//460
f 400//461 498//461 501//461
f 401//462 498//462 400//462
f 500//463 403//463 502//463
f 400//464 503//464 404//464
f 403//465 504//465 502//465
f 505//466 404//466 503//466
f 411//467 504//467 407//467
f 408//468 507//468 412//468
f 413//469 506//469 411//469
f 412//470 509//470 414//470
f 415//471 508//471 413//471
f 511//472 414//472 509//472
f 417//473 510//473 415//473
f 416//474 513//474 418//474
f 419//475 512//475 417//475
f 420//476 513//476 515//476
f 514//477 421//477 516//477
f 515//478 422//478 420//478
f 516//479 423//479 518//479
f 517//480 424//480 422//480
f 518//481 426//481 520//481
f 519//482 427//482 424//482
f 520//483 428//483 522//483
f 521//484 429//484 427//484
f 430//485 522//485 428//485
f 523//486 431//486 429//486
f 432//487 524//487 430//487
f 527//488 524//488 526//488
f 525//489 433//489 431//489
f 432//490 434//490 526//490
f 529//491 526//491 434//491
f 528//492 435//492 433//492
f 434//493 531//493 529//493
f 435//494 532//494 437//494
f 436//495 533//495 531//495
f 437//496 534//496 439//496
f 438//497 535//497 533//497
f 439//498 536//498 441//498
f 440//499 537//499 535//499
f 538//500 441//500 536//500
f 537//501 444//501 539//501
f 443//502 540//502 445//502
f 539//503 446//503 541//503
f 445//504 542//504 447//504
f 448//505 541//505 446//505
f 449//506 542//506 544//506
f 450//507 543//507 448//507
f 449//508 546//508 451//508
f 452//509 545//509 450//509
f 548//510 451//510 546//510
f 452//511 549//511 547//511
f 453//512 550//512 455//512
f 454//513 551//513 549//513
f 550//514 457//514 455//514
f 456//515 553//515 551//515
f 552//516 459//516 457//516
f 458//517 555//517 553//517
f 554//518 461//518 459//518
f 460//519 557//519 555//519
f 461//520 558//520 463//520
f 462//521 559//521 557//521
f 463//522 560//522 465//522
f 464//523 561//523 559//523
f 560//524 467//524 465//524
f 466//525 563//525 561//525
f 469//526 562//526 564//526
f 468//527 565//527 563//527
f 471//528 564//528 566//528
f 470//529 567//529 565//529
f 473//530 566//530 568//530
f 474//531 567//531 472//531
f 475//532 568//532 570//532
f 476//533 569//533 474//533
f 477//534 570//534 572//534
f 476//535 573//535 571//535
f 479//536 572//536 574//536
f 478//537 575//537 573//537
f 576//538 479//538 574//538
f 480//539 577//539 575//539
f 481//540 578//540 483//540
f 482//541 579//541 577//541
f 483//542 580//542 485//542
f 484//543 581//543 579//543
f 580//544 487//544 485//544
f 486//545 583//545 581//545
f 582//546 489//546 487//546
f 583//547 490//547 585//547
f 491//548 584//548 586//548
f 496//549 585//549 490//549
f 491//550 586//550 587//550
f 588//551 491//551 587//551
f 589//552 492//552 588//552
f 589//553 494//553 493//553
f 590//554 495//554 494//554
f 591//555 496//555 495//555
f 593//556 496//556 592//556
f 594//557 1193//557 497//557
f 1196//558 595//558 498//558
f 596//559 500//559 598//559
f 498//560 599//560 501//560
f 502//561 598//561 500//561
f 501//562 601//562 503//562
f 504//563 600//563 502//563
f 603//564 503//564 601//564
f 506//565 602//565 504//565
f 505//566 605//566 507//566
f 508//567 604//567 506//567
f 507//568 607//568 509//568
f 510//569 606//569 508//569
f 511//570 607//570 609//570
f 608//571 512//571 610//571
f 609//572 513//572 511//572
f 514//573 610//573 512//573
f 515//574 611//574 613//574
f 516//575 612//575 514//575
f 613//576 517//576 515//576
f 516//577 616//577 614//577
f 615//578 519//578 517//578
f 520//579 616//579 518//579
f 617//580 521//580 519//580
f 520//581 620//581 618//581
f 521//582 621//582 523//582
f 620//583 524//583 622//583
f 523//584 623//584 525//584
f 622//585 527//585 624//585
f 525//586 625//586 528//586
f 527//587 626//587 624//587
f 625//588 530//588 528//588
f 529//589 628//589 626//589
f 627//590 532//590 530//590
f 531//591 630//591 628//591
f 629//592 534//592 532//592
f 533//593 632//593 630//593
f 631//594 536//594 534//594
f 535//595 634//595 632//595
f 633//596 538//596 536//596
f 634//597 539//597 636//597
f 635//598 540//598 538//598
f 636//599 541//599 638//599
f 540//600 639//600 542//600
f 638//601 543//601 640//601
f 639//602 544//602 542//602
f 640//603 545//603 642//603
f 641//604 546//604 544//604
f 642//605 547//605 644//605
f 643//606 548//606 546//606
f 547//607 646//607 644//607
f 645//608 550//608 548//608
f 549//609 648//609 646//609
f 647//610 552//610 550//610
f 648//611 553//611 650//611
f 649//612 554//612 552//612
f 555//613 650//613 553//613
f 651//614 556//614 554//614
f 652//615 557//615 654//615
f 653//616 558//616 556//616
f 654//617 559//617 656//617
f 655//618 560//618 558//618
f 656//619 561//619 658//619
f 657//620 562//620 560//620
f 658//621 563//621 660//621
f 659//622 564//622 562//622
f 660//623 565//623 662//623
f 661//624 566//624 564//624
f 662//625 567//625 664//625
f 663//626 568//626 566//626
f 664//627 569//627 666//627
f 665//628 570//628 568//628
f 666//629 571//629 668//629
f 667//630 572//630 570//630
f 668//631 573//631 670//631
f 669//632 574//632 572//632
f 670//633 575//633 672//633
f 671//634 576//634 574//634
f 577//635 672//635 575//635
f 673//636 578//636 576//636
f 674//637 579//637 676//637
f 675//638 580//638 578//638
f 676//639 581//639 678//639
f 677//640 582//640 580//640
f 678//641 583//641 680//641
f 679//642 584//642 582//642
f 680//643 585//643 682//643
f 681//644 586//644 584//644
f 682//645 593//645 690//645
f 684//646 586//646 683//646
f 685//647 587//647 684//647
f 686//648 588//648 685//648
f 686//649 590//649 589//649
f 687//650 591//650 590//650
f 688//651 592//651 591//651
f 689//652 593//652 592//652
f 1201//653 691//653 595//653
f 1203//654 594//654 693//654
f 597//655 691//655 694//655
f 598//656 693//656 596//656
f 597//657 698//657 599//657
f 697//658 600//658 700//658
f 698//659 601//659 599//659
f 602//660 700//660 600//660
f 705//661 601//661 701//661
f 704//662 604//662 707//662
f 705//663 605//663 603//663
f 707//664 606//664 710//664
f 708//665 607//665 605//665
f 608//666 710//666 606//666
f 609//667 711//667 714//667
f 610//668 713//668 608//668
f 714//669 611//669 609//669
f 715//670 612//670 717//670
f 611//671 718//671 613//671
f 614//672 717//672 612//672
f 613//673 720//673 615//673
f 616//674 719//674 614//674
f 615//675 722//675 617//675
f 616//676 723//676 721//676
f 617//677 724//677 619//677
f 618//678 725//678 723//678
f 619//679 726//679 621//679
f 620//680 727//680 725//680
f 621//681 728//681 623//681
f 622//682 729//682 727//682
f 623//683 730//683 625//683
f 624//684 731//684 729//684
f 730//685 627//685 625//685
f 626//686 733//686 731//686
f 732//687 629//687 627//687
f 628//688 735//688 733//688
f 631//689 734//689 736//689
f 630//690 737//690 735//690
f 633//691 736//691 738//691
f 632//692 739//692 737//692
f 635//693 738//693 740//693
f 634//694 741//694 739//694
f 637//695 740//695 742//695
f 636//696 743//696 741//696
f 639//697 742//697 744//697
f 743//698 640//698 745//698
f 641//699 744//699 746//699
f 745//700 642//700 747//700
f 746//701 643//701 641//701
f 747//702 644//702 749//702
f 748//703 645//703 643//703
f 749//704 646//704 751//704
f 750//703 647//703 645//703
f 751//705 648//705 753//705
f 752//706 649//706 647//706
f 650//707 753//707 648//707
f 754//708 651//708 649//708
f 755//709 652//709 757//709
f 756//710 653//710 651//710
f 757//711 654//711 759//711
f 758//712 655//712 653//712
f 759//713 656//713 761//713
f 655//714 762//714 657//714
f 761//715 658//715 763//715
f 657//716 764//716 659//716
f 763//717 660//717 765//717
f 659//718 766//718 661//718
f 765//719 662//719 767//719
f 661//720 768//720 663//720
f 767//721 664//721 769//721
f 663//722 770//722 665//722
f 769//723 666//723 771//723
f 665//724 772//724 667//724
f 771//725 668//725 773//725
f 669//726 772//726 774//726
f 773//727 670//727 775//727
f 774//728 671//728 669//728
f 775//729 672//729 777//729
f 776//730 673//730 671//730
f 674//731 777//731 672//731
f 778//732 675//732 673//732
f 779//733 676//733 781//733
f 780//734 677//734 675//734
f 781//735 678//735 783//735
f 782//736 679//736 677//736
f 783//737 680//737 785//737
f 784//738 681//738 679//738
f 785//739 682//739 787//739
f 786//740 683//740 681//740
f 787//741 690//741 793//741
f 683//742 788//742 684//742
f 788//743 685//743 684//743
f 789//744 686//744 685//744
f 790//745 687//745 686//745
f 792//746 687//746 791//746
f 793//747 688//747 792//747
f 793//748 690//748 689//748
f 1202//749 692//749 691//749
f 692//750 1203//750 693//750
f 795//751 694//751 691//751
f 691//752 695//752 795//752
f 693//753 695//753 692//753
f 693//754 697//754 696//754
f 794//755 698//755 694//755
f 798//756 795//756 695//756
f 696//757 798//757 695//757
f 697//758 699//758 696//758
f 796//759 701//759 698//759
f 801//760 699//760 702//760
f 700//761 702//761 699//761
f 700//762 704//762 703//762
f 705//763 799//763 802//763
f 804//764 702//764 805//764
f 703//765 805//765 702//765
f 704//766 706//766 703//766
f 802//767 708//767 705//767
f 809//768 706//768 810//768
f 707//769 810//769 706//769
f 707//770 710//770 709//770
f 806//771 711//771 708//771
f 814//772 709//772 712//772
f 710//773 712//773 709//773
f 714//774 811//774 815//774
f 817//775 712//775 818//775
f 713//776 818//776 712//776
f 714//777 819//777 716//777
f 822//778 715//778 717//778
f 716//779 823//779 718//779
f 822//780 719//780 825//780
f 718//781 826//781 720//781
f 825//782 721//782 828//782
f 720//783 829//783 722//783
f 828//784 723//784 831//784
f 722//785 832//785 724//785
f 831//786 725//786 833//786
f 724//787 834//787 726//787
f 833//788 727//788 835//788
f 726//789 836//789 728//789
f 835//790 729//790 837//790
f 728//791 838//791 730//791
f 837//792 731//792 839//792
f 732//793 838//793 840//793
f 839//794 733//794 841//794
f 840//795 734//795 732//795
f 841//796 735//796 843//796
f 842//797 736//797 734//797
f 843//798 737//798 845//798
f 844//799 738//799 736//799
f 845//800 739//800 847//800
f 846//801 740//801 738//801
f 849//802 739//802 741//802
f 848//803 742//803 740//803
f 849//804 743//804 851//804
f 850//805 744//805 742//805
f 745//806 851//806 743//806
f 744//807 854//807 746//807
f 853//808 747//808 855//808
f 746//809 856//809 748//809
f 855//810 749//810 857//810
f 748//811 858//811 750//811
f 857//812 751//812 859//812
f 752//813 858//813 860//813
f 859//814 753//814 861//814
f 754//815 860//815 862//815
f 863//816 753//816 755//816
f 756//817 862//817 864//817
f 865//818 755//818 757//818
f 758//819 864//819 866//819
f 865//820 759//820 867//820
f 868//821 758//821 866//821
f 867//822 761//822 869//822
f 760//823 870//823 762//823
f 869//824 763//824 871//824
f 762//825 872//825 764//825
f 871//826 765//826 873//826
f 764//827 874//827 766//827
f 767//828 873//828 765//828
f 766//829 876//829 768//829
f 767//830 877//830 875//830
f 768//831 878//831 770//831
f 769//832 879//832 877//832
f 770//833 880//833 772//833
f 771//834 881//834 879//834
f 880//835 774//835 772//835
f 881//836 775//836 883//836
f 776//837 882//837 884//837
f 883//838 777//838 885//838
f 778//839 884//839 886//839
f 885//840 779//840 887//840
f 780//841 886//841 888//841
f 887//842 781//842 889//842
f 782//843 888//843 890//843
f 889//844 783//844 891//844
f 784//843 890//843 892//843
f 891//845 785//845 893//845
f 786//846 892//846 894//846
f 893//847 787//847 895//847
f 896//848 786//848 894//848
f 793//849 895//849 787//849
f 896//850 789//850 788//850
f 897//851 790//851 789//851
f 898//852 791//852 790//852
f 900//853 791//853 899//853
f 901//854 792//854 900//854
f 794//855 797//855 796//855
f 796//856 800//856 799//856
f 797//857 801//857 800//857
f 903//858 802//858 799//858
f 799//859 803//859 903//859
f 800//860 804//860 803//860
f 902//861 806//861 802//861
f 903//862 807//862 905//862
f 803//863 808//863 807//863
f 805//864 808//864 804//864
f 904//865 811//865 806//865
f 908//866 905//866 807//866
f 807//867 812//867 908//867
f 808//868 813//868 812//868
f 810//869 813//869 809//869
f 906//870 815//870 811//870
f 912//871 908//871 812//871
f 812//872 816//872 912//872
f 813//873 817//873 816//873
f 815//874 913//874 819//874
f 915//875 912//875 816//875
f 816//876 820//876 915//876
f 818//877 820//877 817//877
f 818//878 822//878 821//878
f 819//879 916//879 823//879
f 919//880 915//880 820//880
f 821//881 919//881 820//881
f 822//882 824//882 821//882
f 823//883 920//883 826//883
f 923//884 919//884 824//884
f 825//885 923//885 824//885
f 825//886 828//886 827//886
f 826//887 924//887 829//887
f 923//888 830//888 927//888
f 827//889 831//889 830//889
f 829//890 928//890 832//890
f 930//891 927//891 830//891
f 830//892 833//892 930//892
f 928//893 834//893 832//893
f 930//894 835//894 933//894
f 834//895 934//895 836//895
f 933//896 837//896 936//896
f 836//897 937//897 838//897
f 936//898 839//898 939//898
f 838//899 940//899 840//899
f 939//900 841//900 941//900
f 842//901 940//901 942//901
f 941//902 843//902 943//902
f 844//903 942//903 944//903
f 943//904 845//904 945//904
f 846//905 944//905 946//905
f 945//906 847//906 947//906
f 848//907 946//907 948//907
f 947//908 849//908 949//908
f 850//909 948//909 950//909
f 949//910 851//910 951//910
f 950//911 852//911 850//911
f 953//912 851//912 853//912
f 852//913 954//913 854//913
f 953//914 855//914 955//914
f 854//915 956//915 856//915
f 955//916 857//916 957//916
f 856//917 958//917 858//917
f 959//918 857//918 859//918
f 858//919 960//919 860//919
f 961//920 859//920 861//920
f 860//921 962//921 862//921
f 961//922 863//922 963//922
f 964//923 862//923 962//923
f 863//924 965//924 963//924
f 864//925 966//925 866//925
f 865//926 967//926 965//926
f 866//927 968//927 868//927
f 867//928 969//928 967//928
f 868//929 970//929 870//929
f 869//930 972//930 969//930
f 870//931 973//931 872//931
f 976//932 871//932 873//932
f 872//933 977//933 874//933
f 982//934 873//934 875//934
f 874//935 983//935 876//935
f 988//936 875//936 877//936
f 876//937 989//937 878//937
f 994//938 877//938 879//938
f 878//939 995//939 880//939
f 1000//940 879//940 881//940
f 1001//941 880//941 995//941
f 1006//942 881//942 883//942
f 882//943 1007//943 884//943
f 1006//944 885//944 1012//944
f 1007//945 886//945 884//945
f 885//946 1018//946 1012//946
f 886//947 1019//947 888//947
f 887//948 1024//948 1018//948
f 888//841 1025//841 890//841
f 889//949 1030//949 1024//949
f 1031//841 890//841 1025//841
f 1034//950 891//950 893//950
f 892//951 1035//951 894//951
f 1038//952 893//952 895//952
f 894//953 1039//953 896//953
f 1038//954 901//954 1042//954
f 896//955 1039//955 897//955
f 1039//956 898//956 897//956
f 1040//957 899//957 898//957
f 1042//958 899//958 1041//958
f 1042//959 901//959 900//959
f 902//960 905//960 904//960
f 904//961 907//961 906//961
f 906//962 1043//962 909//962
f 906//963 910//963 1043//963
f 907//964 911//964 910//964
f 1043//965 913//965 909//965
f 1045//966 1043//966 910//966
f 1046//967 910//967 911//967
f 911//968 914//968 1046//968
f 1044//969 916//969 913//969
f 1046//970 917//970 1049//970
f 914//971 918//971 917//971
f 1047//972 920//972 916//972
f 1053//973 1049//973 917//973
f 917//974 921//974 1053//974
f 918//975 922//975 921//975
f 1050//976 924//976 920//976
f 1053//977 925//977 1056//977
f 921//978 926//978 925//978
f 922//979 927//979 926//979
f 928//980 1054//980 1057//980
f 1058//981 925//981 1059//981
f 1060//982 925//982 926//982
f 926//983 929//983 1060//983
f 1057//984 931//984 928//984
f 1060//985 932//985 1064//985
f 929//986 933//986 932//986
f 1061//987 934//987 931//987
f 1069//988 1064//988 932//988
f 932//989 935//989 1069//989
f 933//990 936//990 935//990
f 934//991 1070//991 937//991
f 1069//992 938//992 1073//992
f 935//993 939//993 938//993
f 937//994 1074//994 940//994
f 1079//995 1073//995 938//995
f 938//996 941//996 1079//996
f 1074//997 942//997 940//997
f 1079//998 943//998 1085//998
f 1080//999 944//999 942//999
f 1085//1000 945//1000 1090//1000
f 1091//1001 944//1001 1086//1001
f 1090//1002 947//1002 1095//1002
f 946//1003 1096//1003 948//1003
f 1095//1004 949//1004 1100//1004
f 948//1005 1101//1005 950//1005
f 951//1006 1100//1006 949//1006
f 950//1007 1107//1007 952//1007
f 951//1008 1113//1008 1106//1008
f 952//1009 1114//1009 954//1009
f 953//1010 1120//1010 1113//1010
f 954//1011 1121//1011 956//1011
f 955//1012 1127//1012 1120//1012
f 956//1013 1128//1013 958//1013
f 1133//1014 957//1014 959//1014
f 958//1015 1134//1015 960//1015
f 1139//1016 959//1016 961//1016
f 960//1017 1140//1017 962//1017
f 1145//1018 961//1018 963//1018
f 1146//1019 962//1019 1140//1019
f 1151//1020 963//1020 965//1020
f 964//1021 1152//1021 966//1021
f 1157//1022 965//1022 967//1022
f 1158//1023 966//1023 1152//1023
f 1162//1024 967//1024 969//1024
f 971//1025 968//1025 1158//1025
f 971//1026 1159//1026 1163//1026
f 1166//1027 969//1027 972//1027
f 970//1028 974//1028 973//1028
f 974//1029 1163//1029 975//1029
f 975//1030 1164//1030 1167//1030
f 1169//1031 972//1031 976//1031
f 973//1032 978//1032 977//1032
f 974//1033 979//1033 978//1033
f 980//1034 975//1034 1167//1034
f 1167//1035 981//1035 980//1035
f 1168//1036 982//1036 981//1036
f 982//1037 1169//1037 976//1037
f 977//1038 984//1038 983//1038
f 978//1039 985//1039 984//1039
f 979//1040 986//1040 985//1040
f 980//1041 987//1041 986//1041
f 981//1042 988//1042 987//1042
f 983//1043 990//1043 989//1043
f 984//1044 991//1044 990//1044
f 985//1045 992//1045 991//1045
f 986//1046 993//1046 992//1046
f 987//1047 994//1047 993//1047
f 989//1048 996//1048 995//1048
f 990//1049 997//1049 996//1049
f 991//1050 998//1050 997//1050
f 992//1051 999//1051 998//1051
f 993//1052 1000//1052 999//1052
f 995//1053 1002//1053 1001//1053
f 996//1054 1003//1054 1002//1054
f 997//1055 1004//1055 1003//1055
f 998//1056 1005//1056 1004//1056
f 999//1057 1006//1057 1005//1057
f 1001//1058 1008//1058 1007//1058
f 1002//1059 1009//1059 1008//1059
f 1003//1060 1010//1060 1009//1060
f 1004//1061 1011//1061 1010//1061
f 1005//1062 1012//1062 1011//1062
f 1007//1063 1014//1063 1013//1063
f 1008//1064 1015//1064 1014//1064
f 1009//1065 1016//1065 1015//1065
f 1010//1066 1017//1066 1016//1066
f 1011//1067 1018//1067 1017//1067
f 1014//1068 1019//1068 1013//1068
f 1014//1069 1021//1069 1020//1069
f 1015//1070 1022//1070 1021//1070
f 1016//1071 1023//1071 1022//1071
f 1017//1072 1024//1072 1023//1072
f 1020//1073 1025//1073 1019//1073
f 1021//1074 1026//1074 1020//1074
f 1021//1075 1028//1075 1027//1075
f 1022//1076 1029//1076 1028//1076
f 1023//1077 1030//1077 1029//1077
f 1031//1078 1025//1078 1026//1078
f 1027//1079 1031//1079 1026//1079
f 1027//1080 1033//1080 1032//1080
f 1028//1081 1034//1081 1033//1081
f 1030//1082 1034//1082 1029//1082
f 1032//1083 1035//1083 1031//1083
f 1032//1084 1037//1084 1036//1084
f 1033//1085 1038//1085 1037//1085
f 1036//1086 1039//1086 1035//1086
f 1036//1087 1041//1087 1040//1087
f 1037//1088 1042//1088 1041//1088
f 1045//1089 1047//1089 1044//1089
f 1045//1090 1049//1090 1048//1090
f 1048//1091 1050//1091 1047//1091
f 1049//1092 1051//1092 1048//1092
f 1054//1093 1051//1093 1170//1093
f 1052//1094 1170//1094 1051//1094
f 1053//1095 1055//1095 1052//1095
f 1057//1096 1170//1096 1171//1096
f 1171//1097 1055//1097 1172//1097
f 1056//1098 1172//1098 1055//1098
f 1061//1099 1171//1099 1173//1099
f 1174//1100 1058//1100 1062//1100
f 1059//1100 1062//1100 1058//1100
f 1059//1101 1064//1101 1063//1101
f 1065//1102 1173//1102 1066//1102
f 1066//1103 1174//1103 1175//1103
f 1175//1104 1062//1104 1176//1104
f 1063//1105 1176//1105 1062//1105
f 1063//1106 1068//1106 1067//1106
f 1065//1107 1071//1107 1070//1107
f 1071//1108 1175//1108 1177//1108
f 1178//1109 1067//1109 1179//1109
f 1068//1110 1179//1110 1067//1110
f 1068//1111 1073//1111 1072//1111
f 1070//1112 1075//1112 1074//1112
f 1076//1113 1071//1113 1177//1113
f 1076//1114 1178//1114 1180//1114
f 1181//1115 1072//1115 1077//1115
f 1072//1116 1078//1116 1077//1116
f 1074//1117 1081//1117 1080//1117
f 1075//1118 1082//1118 1081//1118
f 1082//1119 1180//1119 1083//1119
f 1083//1120 1181//1120 1182//1120
f 1182//1121 1077//1121 1183//1121
f 1078//1122 1183//1122 1077//1122
f 1078//1123 1085//1123 1084//1123
f 1080//1124 1087//1124 1086//1124
f 1081//1125 1088//1125 1087//1125
f 1082//1126 1089//1126 1088//1126
f 1089//1127 1182//1127 1184//1127
f 1185//1128 1084//1128 1186//1128
f 1084//1129 1090//1129 1186//1129
f 1091//1130 1086//1130 1087//1130
f 1087//1131 1092//1131 1091//1131
f 1088//1132 1093//1132 1092//1132
f 1094//1133 1089//1133 1184//1133
f 1094//1134 1185//1134 1187//1134
f 1186//1135 1095//1135 1189//1135
f 1092//1136 1096//1136 1091//1136
f 1092//1137 1098//1137 1097//1137
f 1093//1138 1099//1138 1098//1138
f 1099//1139 1187//1139 1190//1139
f 1189//1140 1100//1140 1191//1140
f 1096//1141 1102//1141 1101//1141
f 1097//1142 1103//1142 1102//1142
f 1098//1143 1104//1143 1103//1143
f 1105//1144 1099//1144 1190//1144
f 1190//1145 1192//1145 1105//1145
f 1192//1146 1100//1146 1106//1146
f 1101//1147 1108//1147 1107//1147
f 1102//1148 1109//1148 1108//1148
f 1103//1149 1110//1149 1109//1149
f 1104//1150 1111//1150 1110//1150
f 1112//1151 1105//1151 1192//1151
f 1106//1152 1112//1152 1192//1152
f 1107//1153 1115//1153 1114//1153
f 1109//1154 1115//1154 1108//1154
f 1110//1155 1116//1155 1109//1155
f 1110//1156 1118//1156 1117//1156
f 1111//1157 1119//1157 1118//1157
f 1113//1158 1119//1158 1112//1158
f 1115//1159 1121//1159 1114//1159
f 1116//1160 1122//1160 1115//1160
f 1117//1161 1123//1161 1116//1161
f 1118//1162 1124//1162 1117//1162
f 1118//1163 1126//1163 1125//1163
f 1119//1164 1127//1164 1126//1164
f 1122//1165 1128//1165 1121//1165
f 1123//1166 1129//1166 1122//1166
f 1124//1167 1130//1167 1123//1167
f 1124//1168 1132//1168 1131//1168
f 1125//1169 1133//1169 1132//1169
f 1127//1170 1133//1170 1126//1170
f 1129//1171 1134//1171 1128//1171
f 1130//1172 1135//1172 1129//1172
f 1131//1173 1136//1173 1130//1173
f 1132//1174 1137//1174 1131//1174
f 1132//1175 1139//1175 1138//1175
f 1135//1176 1140//1176 1134//1176
f 1136//1177 1141//1177 1135//1177
f 1137//1178 1142//1178 1136//1178
f 1138//1179 1143//1179 1137//1179
f 1139//1180 1144//1180 1138//1180
f 1141//1181 1146//1181 1140//1181
f 1142//1182 1147//1182 1141//1182
f 1143//1183 1148//1183 1142//1183
f 1144//1184 1149//1184 1143//1184
f 1145//1185 1150//1185 1144//1185
f 1146//1186 1153//1186 1152//1186
f 1148//1187 1153//1187 1147//1187
f 1149//1188 1154//1188 1148//1188
f 1150//1189 1155//1189 1149//1189
f 1151//1190 1156//1190 1150//1190
f 1158//1191 1152//1191 1153//1191
f 1153//1192 1159//1192 1158//1192
f 1155//1193 1159//1193 1154//1193
f 1156//1194 1160//1194 1155//1194
f 1157//1195 1161//1195 1156//1195
f 1160//1196 1163//1196 1159//1196
f 1161//1197 1164//1197 1160//1197
f 1161//1198 1166//1198 1165//1198
f 1164//1199 1168//1199 1167//1199
f 1165//1200 1169//1200 1168//1200
f 1172//1201 1173//1201 1171//1201
f 1176//1202 1177//1202 1175//1202
f 1179//1203 1180//1203 1178//1203
f 1183//1204 1184//1204 1182//1204
f 1186//1205 1187//1205 1185//1205
f 1189//1206 1188//1206 1186//1206
f 1188//1207 1190//1207 1187//1207
f 1194//1208 497//1208 1193//1208
f 497//1209 399//1209 500//1209
f 1199//1210 594//1210 1198//1210
f 1201//1211 595//1211 1200//1211
f 594//1212 497//1212 596//1212
f 498//1213 595//1213 597//1213
f 693//1214 594//1214 596//1214
f 1204//1215 1202//1215 1205//1215
f 1205//1216 1202//1216 1201//1216
f 1205//1217 1201//1217 1200//1217
f 1193//1218 1204//1218 1205//1218
f 1194//1219 1193//1219 1205//1219
f 1194//1220 1205//1220 1200//1220
f 1197//1221 1194//1221 1200//1221
f 1195//1222 1197//1222 1200//1222
f 1196//1223 1195//1223 1200//1223
f 1203//1224 1204//1224 1193//1224
f 1203//1225 1193//1225 1199//1225
f 1198//1226 1203//1226 1199//1226
f 9//1227 85//1227 11//1227
f 88//1228 14//1228 15//1228
f 10//1229 15//1229 16//1229
f 12//1230 11//1230 16//1230
f 89//1231 12//1231 17//1231
f 13//1232 19//1232 20//1232
f 14//1233 20//1233 21//1233
f 15//1234 21//1234 22//1234
f 17//1235 16//1235 22//1235
f 18//16 17//16 23//16
f 19//1236 25//1236 26//1236
f 20//1237 26//1237 27//1237
f 21//1238 27//1238 28//1238
f 23//1239 22//1239 28//1239
f 24//1240 23//1240 29//1240
f 26//1241 25//1241 31//1241
f 26//1242 32//1242 33//1242
f 27//1243 33//1243 34//1243
f 29//1244 28//1244 34//1244
f 30//1245 29//1245 35//1245
f 95//1246 30//1246 36//1246
f 98//1247 38//1247 32//1247
f 32//1248 38//1248 39//1248
f 33//1249 39//1249 40//1249
f 34//1250 40//1250 41//1250
f 36//1251 35//1251 41//1251
f 37//1252 36//1252 42//1252
f 39//1253 38//1253 44//1253
f 39//1254 45//1254 46//1254
f 41//1255 40//1255 46//1255
f 42//1256 41//1256 47//1256
f 43//1257 42//1257 48//1257
f 99//1258 43//1258 49//1258
f 45//1253 44//1253 51//1253
f 46//1259 45//1259 52//1259
f 47//1260 46//1260 53//1260
f 48//1261 47//1261 54//1261
f 49//1262 48//1262 55//1262
f 56//1263 103//1263 50//1263
f 52//1264 51//1264 57//1264
f 53//1265 52//1265 58//1265
f 54//1266 53//1266 59//1266
f 55//1267 54//1267 60//1267
f 56//1268 55//1268 61//1268
f 107//1269 63//1269 58//1269
f 59//1270 58//1270 63//1270
f 60//1271 59//1271 64//1271
f 60//1272 65//1272 66//1272
f 61//1273 66//1273 67//1273
f 111//1274 68//1274 64//1274
f 64//1275 68//1275 69//1275
f 65//1276 69//1276 70//1276
f 112//1277 67//1277 66//1277
f 68//1278 117//1278 71//1278
f 118//1279 70//1279 69//1279
f 72//1280 203//1280 74//1280
f 73//1281 72//1281 75//1281
f 74//63 207//63 78//63
f 74//1282 79//1282 80//1282
f 75//1283 80//1283 81//1283
f 78//1284 77//1284 82//1284
f 79//67 78//67 83//67
f 79//68 84//68 85//68
f 80//1285 85//1285 9//1285
f 9//1286 86//1286 210//1286
f 83//1287 82//1287 87//1287
f 83//1288 88//1288 10//1288
f 11//1289 85//1289 84//1289
f 12//1290 89//1290 86//1290
f 13//1291 14//1291 88//1291
f 13//1292 90//1292 92//1292
f 91//1293 18//1293 24//1293
f 19//1294 92//1294 94//1294
f 30//1295 95//1295 93//1295
f 25//1296 94//1296 96//1296
f 97//1297 37//1297 43//1297
f 38//1298 98//1298 100//1298
f 50//1299 103//1299 101//1299
f 44//1300 100//1300 102//1300
f 51//1301 102//1301 104//1301
f 56//1302 62//1302 105//1302
f 106//1303 107//1303 57//1303
f 62//1304 67//1304 108//1304
f 107//1305 106//1305 109//1305
f 110//1306 111//1306 63//1306
f 113//1307 108//1307 67//1307
f 110//1308 109//1308 114//1308
f 111//1309 110//1309 115//1309
f 111//97 116//97 117//97
f 119//1310 112//1310 70//1310
f 112//1311 119//1311 120//1311
f 115//1312 114//1312 121//1312
f 115//1313 122//1313 123//1313
f 116//1314 123//1314 124//1314
f 117//1315 124//1315 125//1315
f 126//1316 118//1316 71//1316
f 118//1317 126//1317 127//1317
f 119//1318 127//1318 128//1318
f 122//1319 121//1319 129//1319
f 122//1320 130//1320 131//1320
f 123//1321 131//1321 132//1321
f 124//1322 132//1322 133//1322
f 125//1323 133//1323 134//1323
f 126//1324 134//1324 135//1324
f 240//1325 128//1325 127//1325
f 130//1326 129//1326 136//1326
f 130//1327 137//1327 138//1327
f 131//1328 138//1328 139//1328
f 132//1329 139//1329 140//1329
f 134//1330 133//1330 140//1330
f 134//1331 141//1331 142//1331
f 137//1332 136//1332 143//1332
f 138//1333 137//1333 144//1333
f 138//1334 145//1334 146//1334
f 140//1335 139//1335 146//1335
f 141//1336 140//1336 147//1336
f 142//1337 141//1337 148//1337
f 144//1338 143//1338 150//1338
f 145//1339 144//1339 151//1339
f 146//1340 145//1340 152//1340
f 147//1341 146//1341 153//1341
f 148//1342 147//1342 154//1342
f 149//1343 148//1343 155//1343
f 151//1344 150//1344 157//1344
f 152//1345 151//1345 158//1345
f 153//1346 152//1346 159//1346
f 153//1347 160//1347 161//1347
f 154//1348 161//1348 162//1348
f 156//1349 155//1349 162//1349
f 249//1350 164//1350 158//1350
f 159//1351 158//1351 164//1351
f 159//1352 165//1352 166//1352
f 160//1353 166//1353 167//1353
f 161//1354 167//1354 168//1354
f 162//1355 168//1355 169//1355
f 165//1356 164//1356 170//1356
f 165//1357 171//1357 172//1357
f 166//1358 172//1358 173//1358
f 167//1359 173//1359 174//1359
f 168//1360 174//1360 175//1360
f 171//1361 170//1361 176//1361
f 172//1362 171//1362 177//1362
f 172//1363 178//1363 179//1363
f 173//1364 179//1364 180//1364
f 174//1365 180//1365 181//1365
f 177//1366 176//1366 182//1366
f 178//1367 177//1367 183//1367
f 179//1368 178//1368 184//1368
f 180//1369 179//1369 185//1369
f 256//1370 181//1370 180//1370
f 183//1371 182//1371 187//1371
f 184//1372 183//1372 188//1372
f 185//1373 184//1373 189//1373
f 258//1374 186//1374 185//1374
f 260//1375 191//1375 188//1375
f 191//1376 261//1376 189//1376
f 192//1377 314//1377 194//1377
f 193//1378 192//1378 195//1378
f 194//1379 318//1379 197//1379
f 195//1380 194//1380 198//1380
f 196//1381 195//1381 199//1381
f 197//1382 321//1382 201//1382
f 197//1383 202//1383 203//1383
f 199//172 198//172 203//172
f 72//1384 73//1384 200//1384
f 201//1385 323//1385 205//1385
f 202//177 201//177 206//177
f 203//1383 202//1383 207//1383
f 73//1386 76//1386 208//1386
f 206//1387 205//1387 209//1387
f 77//1388 78//1388 207//1388
f 81//1389 210//1389 208//1389
f 77//1390 209//1390 211//1390
f 82//1391 211//1391 213//1391
f 86//1392 89//1392 214//1392
f 87//1393 213//1393 215//1393
f 91//1394 216//1394 214//1394
f 90//1395 215//1395 217//1395
f 93//1396 218//1396 216//1396
f 92//1397 217//1397 219//1397
f 218//1398 93//1398 95//1398
f 94//1399 219//1399 221//1399
f 97//1400 222//1400 220//1400
f 98//1401 96//1401 221//1401
f 99//1402 224//1402 222//1402
f 100//1403 98//1403 223//1403
f 99//1404 101//1404 226//1404
f 102//1405 100//1405 225//1405
f 101//1406 103//1406 228//1406
f 102//1407 227//1407 229//1407
f 103//1408 105//1408 230//1408
f 231//1409 106//1409 104//1409
f 105//1410 108//1410 232//1410
f 106//1411 231//1411 233//1411
f 108//1412 113//1412 234//1412
f 109//1413 233//1413 235//1413
f 234//1414 113//1414 120//1414
f 114//1415 235//1415 237//1415
f 236//1416 120//1416 128//1416
f 121//1417 237//1417 239//1417
f 239//1418 241//1418 136//1418
f 135//1419 142//1419 242//1419
f 241//1420 243//1420 143//1420
f 142//1421 149//1421 244//1421
f 243//1422 245//1422 150//1422
f 149//1423 156//1423 246//1423
f 245//1424 247//1424 157//1424
f 163//1425 248//1425 246//1425
f 169//1426 250//1426 248//1426
f 164//1427 249//1427 251//1427
f 175//1428 252//1428 250//1428
f 170//1429 251//1429 253//1429
f 252//1430 175//1430 181//1430
f 182//1431 176//1431 253//1431
f 187//1432 182//1432 255//1432
f 259//1433 256//1433 186//1433
f 190//1434 189//1434 261//1434
f 263//1435 258//1435 190//1435
f 258//1436 263//1436 264//1436
f 265//1437 266//1437 191//1437
f 266//1438 267//1438 261//1438
f 261//1439 267//1439 268//1439
f 262//1440 268//1440 269//1440
f 263//1441 269//1441 270//1441
f 266//1442 265//1442 271//1442
f 267//1443 266//1443 272//1443
f 267//1444 273//1444 274//1444
f 268//1445 274//1445 275//1445
f 269//1446 275//1446 276//1446
f 272//1447 271//1447 277//1447
f 273//1448 272//1448 278//1448
f 274//1449 273//1449 279//1449
f 274//1450 280//1450 281//1450
f 275//1451 281//1451 282//1451
f 278//1452 277//1452 283//1452
f 279//1453 278//1453 284//1453
f 280//1454 279//1454 285//1454
f 280//1455 286//1455 287//1455
f 281//1456 287//1456 288//1456
f 284//1457 283//1457 289//1457
f 285//255 284//255 290//255
f 286//1458 285//1458 291//1458
f 286//1459 292//1459 293//1459
f 287//1460 293//1460 294//1460
f 389//1461 295//1461 290//1461
f 291//1462 290//1462 295//1462
f 292//1463 291//1463 296//1463
f 292//1464 297//1464 298//1464
f 390//1465 294//1465 293//1465
f 296//261 295//261 299//261
f 296//1466 300//1466 301//1466
f 297//1467 301//1467 302//1467
f 299//1468 394//1468 303//1468
f 300//1469 303//1469 304//1469
f 301//1470 304//1470 305//1470
f 306//1471 410//1471 309//1471
f 307//1472 306//1472 310//1472
f 412//1473 312//1473 313//1473
f 309//1474 308//1474 313//1474
f 310//1475 309//1475 314//1475
f 192//1476 193//1476 311//1476
f 414//1477 316//1477 317//1477
f 313//1478 312//1478 317//1478
f 314//1479 313//1479 318//1479
f 193//1480 196//1480 319//1480
f 317//1481 316//1481 320//1481
f 318//1482 317//1482 321//1482
f 196//1483 200//1483 322//1483
f 321//1484 320//1484 323//1484
f 200//1485 204//1485 324//1485
f 204//1486 208//1486 326//1486
f 205//1487 325//1487 327//1487
f 208//1488 210//1488 328//1488
f 209//1489 327//1489 329//1489
f 328//1490 210//1490 212//1490
f 211//1491 329//1491 331//1491
f 214//1492 332//1492 330//1492
f 331//1493 333//1493 215//1493
f 332//1494 214//1494 216//1494
f 333//1495 335//1495 217//1495
f 218//1496 336//1496 334//1496
f 335//1497 337//1497 219//1497
f 220//1498 338//1498 336//1498
f 337//1499 339//1499 221//1499
f 338//1500 220//1500 222//1500
f 221//1501 339//1501 341//1501
f 222//1502 224//1502 342//1502
f 223//1503 341//1503 343//1503
f 224//1504 226//1504 344//1504
f 345//1505 227//1505 225//1505
f 226//1506 228//1506 346//1506
f 227//1507 345//1507 347//1507
f 228//311 230//311 348//311
f 349//1508 231//1508 229//1508
f 230//1509 232//1509 350//1509
f 231//1510 349//1510 351//1510
f 232//507 234//507 352//507
f 233//1511 351//1511 353//1511
f 236//1512 354//1512 352//1512
f 235//1513 353//1513 355//1513
f 236//1514 238//1514 356//1514
f 239//1515 237//1515 355//1515
f 238//1516 240//1516 358//1516
f 241//1517 239//1517 357//1517
f 358//1518 240//1518 242//1518
f 243//1519 241//1519 359//1519
f 242//1520 244//1520 362//1520
f 361//1521 363//1521 245//1521
f 244//1522 246//1522 364//1522
f 363//1523 365//1523 247//1523
f 246//1524 248//1524 366//1524
f 365//1525 367//1525 249//1525
f 248//1526 250//1526 368//1526
f 367//1527 369//1527 251//1527
f 250//1528 252//1528 370//1528
f 369//1529 371//1529 253//1529
f 252//1530 254//1530 372//1530
f 371//1531 373//1531 255//1531
f 256//1532 374//1532 372//1532
f 257//1533 255//1533 373//1533
f 259//1534 376//1534 374//1534
f 260//1535 257//1535 375//1535
f 264//1536 378//1536 376//1536
f 265//1537 260//1537 377//1537
f 270//1538 380//1538 378//1538
f 271//1539 265//1539 379//1539
f 380//1540 270//1540 276//1540
f 277//1541 271//1541 381//1541
f 382//1542 276//1542 282//1542
f 283//1543 277//1543 383//1543
f 384//1544 282//1544 288//1544
f 385//1545 387//1545 289//1545
f 386//1546 288//1546 294//1546
f 295//1547 389//1547 391//1547
f 298//1548 302//1548 392//1548
f 391//1549 393//1549 394//1549
f 305//1550 398//1550 392//1550
f 396//1551 304//1551 303//1551
f 396//1552 397//1552 305//1552
f 499//1553 401//1553 402//1553
f 500//1554 399//1554 402//1554
f 400//362 404//362 405//362
f 401//1555 405//1555 406//1555
f 403//1556 402//1556 406//1556
f 404//1557 409//1557 410//1557
f 406//1558 405//1558 410//1558
f 306//1559 307//1559 407//1559
f 408//1560 412//1560 308//1560
f 308//1561 309//1561 410//1561
f 307//1562 311//1562 413//1562
f 413//1563 311//1563 315//1563
f 316//1564 414//1564 511//1564
f 319//1565 417//1565 415//1565
f 416//1566 418//1566 320//1566
f 322//1567 419//1567 417//1567
f 323//1568 320//1568 418//1568
f 324//1569 421//1569 419//1569
f 325//1570 323//1570 420//1570
f 324//1571 326//1571 423//1571
f 327//1572 325//1572 422//1572
f 326//1573 328//1573 425//1573
f 426//1574 518//1574 423//1574
f 329//1489 327//1489 424//1489
f 428//1575 426//1575 425//1575
f 331//1576 329//1576 427//1576
f 332//1577 430//1577 428//1577
f 333//1578 331//1578 429//1578
f 334//1579 432//1579 430//1579
f 335//1580 333//1580 431//1580
f 432//1581 334//1581 336//1581
f 337//1582 335//1582 433//1582
f 336//396 338//396 436//396
f 337//1583 435//1583 437//1583
f 338//1584 340//1584 438//1584
f 339//1585 437//1585 439//1585
f 340//1586 342//1586 440//1586
f 341//1587 439//1587 441//1587
f 342//1588 344//1588 442//1588
f 443//1589 345//1589 343//1589
f 344//1590 346//1590 444//1590
f 345//1591 443//1591 445//1591
f 346//1592 348//1592 446//1592
f 347//1593 445//1593 447//1593
f 348//1594 350//1594 448//1594
f 349//1595 447//1595 449//1595
f 448//1594 350//1594 352//1594
f 351//1596 449//1596 451//1596
f 450//1597 352//1597 354//1597
f 353//1598 451//1598 453//1598
f 354//1599 356//1599 454//1599
f 355//1600 453//1600 455//1600
f 356//1601 358//1601 456//1601
f 455//1602 457//1602 359//1602
f 358//1603 360//1603 458//1603
f 361//1604 359//1604 457//1604
f 360//1605 362//1605 460//1605
f 361//1606 459//1606 461//1606
f 362//1607 364//1607 462//1607
f 363//1608 461//1608 463//1608
f 364//1609 366//1609 464//1609
f 365//1610 463//1610 465//1610
f 366//1611 368//1611 466//1611
f 369//1612 367//1612 465//1612
f 368//1613 370//1613 468//1613
f 371//1614 369//1614 467//1614
f 370//1615 372//1615 470//1615
f 469//1616 471//1616 373//1616
f 372//1617 374//1617 472//1617
f 471//1618 473//1618 375//1618
f 472//1619 374//1619 376//1619
f 473//1620 475//1620 377//1620
f 474//1621 376//1621 378//1621
f 475//1622 477//1622 379//1622
f 380//1623 478//1623 476//1623
f 477//1624 479//1624 381//1624
f 380//1625 382//1625 480//1625
f 479//1626 481//1626 383//1626
f 382//1627 384//1627 482//1627
f 385//1628 383//1628 481//1628
f 384//1629 386//1629 484//1629
f 387//1630 385//1630 483//1630
f 386//1631 388//1631 486//1631
f 389//1632 387//1632 485//1632
f 388//1633 390//1633 488//1633
f 391//1634 389//1634 487//1634
f 392//1635 490//1635 488//1635
f 393//1636 391//1636 489//1636
f 398//1637 496//1637 490//1637
f 492//1638 394//1638 393//1638
f 493//1639 395//1639 394//1639
f 493//1640 494//1640 396//1640
f 494//1641 495//1641 397//1641
f 495//1642 496//1642 398//1642
f 499//1643 1195//1643 1196//1643
f 399//1644 1197//1644 1195//1644
f 497//1645 1194//1645 1197//1645
f 401//1646 499//1646 498//1646
f 400//1647 501//1647 503//1647
f 403//1648 407//1648 504//1648
f 505//1649 408//1649 404//1649
f 411//1650 506//1650 504//1650
f 408//1651 505//1651 507//1651
f 413//1652 508//1652 506//1652
f 412//1653 507//1653 509//1653
f 415//1654 510//1654 508//1654
f 417//1655 512//1655 510//1655
f 416//1656 511//1656 513//1656
f 419//1657 514//1657 512//1657
f 420//1658 418//1658 513//1658
f 514//1659 419//1659 421//1659
f 515//1660 517//1660 422//1660
f 516//1661 421//1661 423//1661
f 517//1662 519//1662 424//1662
f 519//1663 521//1663 427//1663
f 520//1664 426//1664 428//1664
f 521//1665 523//1665 429//1665
f 430//1666 524//1666 522//1666
f 523//1667 525//1667 431//1667
f 432//1668 526//1668 524//1668
f 527//1669 622//1669 524//1669
f 525//1670 528//1670 433//1670
f 529//1671 527//1671 526//1671
f 528//1672 530//1672 435//1672
f 434//1673 436//1673 531//1673
f 435//1674 530//1674 532//1674
f 436//1675 438//1675 533//1675
f 437//1676 532//1676 534//1676
f 438//1677 440//1677 535//1677
f 439//1678 534//1678 536//1678
f 440//1679 442//1679 537//1679
f 538//1680 443//1680 441//1680
f 537//1681 442//1681 444//1681
f 443//1682 538//1682 540//1682
f 539//1683 444//1683 446//1683
f 445//1684 540//1684 542//1684
f 448//1685 543//1685 541//1685
f 449//1686 447//1686 542//1686
f 450//1687 545//1687 543//1687
f 449//1688 544//1688 546//1688
f 452//1689 547//1689 545//1689
f 548//1690 453//1690 451//1690
f 452//1691 454//1691 549//1691
f 453//1692 548//1692 550//1692
f 454//1693 456//1693 551//1693
f 550//1694 552//1694 457//1694
f 456//1695 458//1695 553//1695
f 552//1696 554//1696 459//1696
f 458//1697 460//1697 555//1697
f 554//1698 556//1698 461//1698
f 460//1699 462//1699 557//1699
f 461//1700 556//1700 558//1700
f 462//521 464//521 559//521
f 463//1701 558//1701 560//1701
f 464//1702 466//1702 561//1702
f 560//1703 562//1703 467//1703
f 466//1704 468//1704 563//1704
f 469//1705 467//1705 562//1705
f 468//1706 470//1706 565//1706
f 471//1707 469//1707 564//1707
f 470//1708 472//1708 567//1708
f 473//1709 471//1709 566//1709
f 474//1710 569//1710 567//1710
f 475//530 473//530 568//530
f 476//1711 571//1711 569//1711
f 477//1712 475//1712 570//1712
f 476//1713 478//1713 573//1713
f 479//1714 477//1714 572//1714
f 478//1715 480//1715 575//1715
f 576//1716 481//1716 479//1716
f 480//1717 482//1717 577//1717
f 481//1718 576//1718 578//1718
f 482//1719 484//1719 579//1719
f 483//1720 578//1720 580//1720
f 484//1721 486//1721 581//1721
f 580//544 582//544 487//544
f 486//1722 488//1722 583//1722
f 582//546 584//546 489//546
f 583//1723 488//1723 490//1723
f 491//1724 489//1724 584//1724
f 496//1725 593//1725 585//1725
f 588//1726 492//1726 491//1726
f 589//1727 493//1727 492//1727
f 589//1728 590//1728 494//1728
f 590//554 591//554 495//554
f 591//1729 592//1729 496//1729
f 594//1730 1199//1730 1193//1730
f 1196//1731 1200//1731 595//1731
f 596//1732 497//1732 500//1732
f 498//1733 597//1733 599//1733
f 502//1734 600//1734 598//1734
f 501//1735 599//1735 601//1735
f 504//1736 602//1736 600//1736
f 603//1737 505//1737 503//1737
f 506//1738 604//1738 602//1738
f 505//1739 603//1739 605//1739
f 508//1740 606//1740 604//1740
f 507//1741 605//1741 607//1741
f 510//1742 608//1742 606//1742
f 511//1743 509//1743 607//1743
f 608//1744 510//1744 512//1744
f 609//1745 611//1745 513//1745
f 514//1746 612//1746 610//1746
f 515//1747 513//1747 611//1747
f 516//1748 614//1748 612//1748
f 613//1749 615//1749 517//1749
f 516//1750 518//1750 616//1750
f 615//1751 617//1751 519//1751
f 520//1752 618//1752 616//1752
f 617//1753 619//1753 521//1753
f 520//1754 522//1754 620//1754
f 521//1755 619//1755 621//1755
f 620//1756 522//1756 524//1756
f 523//1757 621//1757 623//1757
f 525//1758 623//1758 625//1758
f 527//1759 529//1759 626//1759
f 625//1760 627//1760 530//1760
f 529//1761 531//1761 628//1761
f 627//1762 629//1762 532//1762
f 531//1763 533//1763 630//1763
f 629//1764 631//1764 534//1764
f 533//1765 535//1765 632//1765
f 631//1766 633//1766 536//1766
f 535//1767 537//1767 634//1767
f 633//1768 635//1768 538//1768
f 634//1769 537//1769 539//1769
f 635//1770 637//1770 540//1770
f 636//1771 539//1771 541//1771
f 540//1772 637//1772 639//1772
f 638//1773 541//1773 543//1773
f 639//1774 641//1774 544//1774
f 640//1775 543//1775 545//1775
f 641//1776 643//1776 546//1776
f 642//1777 545//1777 547//1777
f 643//1778 645//1778 548//1778
f 547//1779 549//1779 646//1779
f 645//1780 647//1780 550//1780
f 549//1781 551//1781 648//1781
f 647//1782 649//1782 552//1782
f 648//1783 551//1783 553//1783
f 649//1784 651//1784 554//1784
f 555//1785 652//1785 650//1785
f 651//1786 653//1786 556//1786
f 652//1787 555//1787 557//1787
f 653//1788 655//1788 558//1788
f 654//1789 557//1789 559//1789
f 655//1790 657//1790 560//1790
f 656//1791 559//1791 561//1791
f 657//1792 659//1792 562//1792
f 658//1793 561//1793 563//1793
f 659//1794 661//1794 564//1794
f 660//1795 563//1795 565//1795
f 661//1796 663//1796 566//1796
f 662//1797 565//1797 567//1797
f 663//1798 665//1798 568//1798
f 664//1799 567//1799 569//1799
f 665//1800 667//1800 570//1800
f 666//627 569//627 571//627
f 667//1801 669//1801 572//1801
f 668//1802 571//1802 573//1802
f 669//1803 671//1803 574//1803
f 670//633 573//633 575//633
f 671//1804 673//1804 576//1804
f 577//1805 674//1805 672//1805
f 673//1806 675//1806 578//1806
f 674//1807 577//1807 579//1807
f 675//1808 677//1808 580//1808
f 676//1809 579//1809 581//1809
f 677//1810 679//1810 582//1810
f 678//1811 581//1811 583//1811
f 679//1812 681//1812 584//1812
f 680//1813 583//1813 585//1813
f 681//1814 683//1814 586//1814
f 682//1815 585//1815 593//1815
f 684//1816 587//1816 586//1816
f 685//1817 588//1817 587//1817
f 686//552 589//552 588//552
f 686//1818 687//1818 590//1818
f 687//1819 688//1819 591//1819
f 688//1820 689//1820 592//1820
f 689//1821 690//1821 593//1821
f 1201//1822 1202//1822 691//1822
f 1203//1823 1198//1823 594//1823
f 597//1824 595//1824 691//1824
f 598//1825 697//1825 693//1825
f 597//1826 694//1826 698//1826
f 697//1827 598//1827 600//1827
f 698//1828 701//1828 601//1828
f 602//1829 704//1829 700//1829
f 705//1830 603//1830 601//1830
f 704//1831 602//1831 604//1831
f 705//1832 708//1832 605//1832
f 707//1833 604//1833 606//1833
f 708//1834 711//1834 607//1834
f 608//1835 713//1835 710//1835
f 609//774 607//774 711//774
f 610//1836 715//1836 713//1836
f 714//1837 716//1837 611//1837
f 715//1838 610//1838 612//1838
f 611//1839 716//1839 718//1839
f 614//1840 719//1840 717//1840
f 613//1841 718//1841 720//1841
f 616//1842 721//1842 719//1842
f 615//1843 720//1843 722//1843
f 616//1844 618//1844 723//1844
f 617//1845 722//1845 724//1845
f 618//1846 620//1846 725//1846
f 619//1847 724//1847 726//1847
f 620//1848 622//1848 727//1848
f 621//1849 726//1849 728//1849
f 622//1850 624//1850 729//1850
f 623//1851 728//1851 730//1851
f 624//1852 626//1852 731//1852
f 730//1853 732//1853 627//1853
f 626//1854 628//1854 733//1854
f 732//1855 734//1855 629//1855
f 628//1856 630//1856 735//1856
f 631//1857 629//1857 734//1857
f 630//1858 632//1858 737//1858
f 633//1859 631//1859 736//1859
f 632//1860 634//1860 739//1860
f 635//1861 633//1861 738//1861
f 634//1862 636//1862 741//1862
f 637//1863 635//1863 740//1863
f 636//1864 638//1864 743//1864
f 639//1865 637//1865 742//1865
f 743//1866 638//1866 640//1866
f 641//1867 639//1867 744//1867
f 745//1868 640//1868 642//1868
f 746//703 748//703 643//703
f 747//1869 642//1869 644//1869
f 748//703 750//703 645//703
f 749//1870 644//1870 646//1870
f 750//1871 752//1871 647//1871
f 751//1872 646//1872 648//1872
f 752//1873 754//1873 649//1873
f 650//1874 755//1874 753//1874
f 754//1875 756//1875 651//1875
f 755//1876 650//1876 652//1876
f 756//1877 758//1877 653//1877
f 757//1878 652//1878 654//1878
f 758//1879 760//1879 655//1879
f 759//1880 654//1880 656//1880
f 655//1881 760//1881 762//1881
f 761//1882 656//1882 658//1882
f 657//1883 762//1883 764//1883
f 763//1884 658//1884 660//1884
f 659//1885 764//1885 766//1885
f 765//1886 660//1886 662//1886
f 661//1887 766//1887 768//1887
f 767//1888 662//1888 664//1888
f 663//1889 768//1889 770//1889
f 769//1890 664//1890 666//1890
f 665//1891 770//1891 772//1891
f 771//1892 666//1892 668//1892
f 669//1893 667//1893 772//1893
f 773//1894 668//1894 670//1894
f 774//1895 776//1895 671//1895
f 775//1896 670//1896 672//1896
f 776//1897 778//1897 673//1897
f 674//1898 779//1898 777//1898
f 778//1899 780//1899 675//1899
f 779//1900 674//1900 676//1900
f 780//1901 782//1901 677//1901
f 781//1902 676//1902 678//1902
f 782//1903 784//1903 679//1903
f 783//1904 678//1904 680//1904
f 784//1905 786//1905 681//1905
f 785//1906 680//1906 682//1906
f 786//1907 788//1907 683//1907
f 787//1908 682//1908 690//1908
f 788//1909 789//1909 685//1909
f 789//1910 790//1910 686//1910
f 790//1911 791//1911 687//1911
f 792//1912 688//1912 687//1912
f 793//1913 689//1913 688//1913
f 1202//1914 1204//1914 692//1914
f 692//1915 1204//1915 1203//1915
f 795//1916 794//1916 694//1916
f 691//1917 692//1917 695//1917
f 693//1918 696//1918 695//1918
f 794//1919 796//1919 698//1919
f 798//1920 797//1920 795//1920
f 696//1921 699//1921 798//1921
f 697//1922 700//1922 699//1922
f 796//1923 799//1923 701//1923
f 801//1924 798//1924 699//1924
f 700//1925 703//1925 702//1925
f 705//1926 701//1926 799//1926
f 804//1927 801//1927 702//1927
f 703//1928 706//1928 805//1928
f 704//1929 707//1929 706//1929
f 802//1930 806//1930 708//1930
f 809//1931 805//1931 706//1931
f 707//1932 709//1932 810//1932
f 806//1933 811//1933 711//1933
f 814//1934 810//1934 709//1934
f 710//1935 713//1935 712//1935
f 714//667 711//667 811//667
f 817//1936 814//1936 712//1936
f 713//1937 715//1937 818//1937
f 714//1938 815//1938 819//1938
f 822//1939 818//1939 715//1939
f 716//1940 819//1940 823//1940
f 822//1941 717//1941 719//1941
f 718//1942 823//1942 826//1942
f 825//1943 719//1943 721//1943
f 720//1944 826//1944 829//1944
f 828//1945 721//1945 723//1945
f 722//1946 829//1946 832//1946
f 831//1947 723//1947 725//1947
f 724//1948 832//1948 834//1948
f 833//1949 725//1949 727//1949
f 726//1950 834//1950 836//1950
f 835//1951 727//1951 729//1951
f 728//1952 836//1952 838//1952
f 837//1953 729//1953 731//1953
f 732//1954 730//1954 838//1954
f 839//1955 731//1955 733//1955
f 840//1956 842//1956 734//1956
f 841//1957 733//1957 735//1957
f 842//1958 844//1958 736//1958
f 843//1959 735//1959 737//1959
f 844//1960 846//1960 738//1960
f 845//1961 737//1961 739//1961
f 846//1962 848//1962 740//1962
f 849//1963 847//1963 739//1963
f 848//1964 850//1964 742//1964
f 849//1965 741//1965 743//1965
f 850//1966 852//1966 744//1966
f 745//1967 853//1967 851//1967
f 744//1968 852//1968 854//1968
f 853//1969 745//1969 747//1969
f 746//1970 854//1970 856//1970
f 855//1971 747//1971 749//1971
f 748//1972 856//1972 858//1972
f 857//1973 749//1973 751//1973
f 752//1974 750//1974 858//1974
f 859//1975 751//1975 753//1975
f 754//1976 752//1976 860//1976
f 863//1977 861//1977 753//1977
f 756//1978 754//1978 862//1978
f 865//1979 863//1979 755//1979
f 758//1980 756//1980 864//1980
f 865//1981 757//1981 759//1981
f 868//1982 760//1982 758//1982
f 867//1983 759//1983 761//1983
f 760//1984 868//1984 870//1984
f 869//1985 761//1985 763//1985
f 762//1986 870//1986 872//1986
f 871//1987 763//1987 765//1987
f 764//1988 872//1988 874//1988
f 767//1989 875//1989 873//1989
f 766//1990 874//1990 876//1990
f 767//1991 769//1991 877//1991
f 768//1992 876//1992 878//1992
f 769//1993 771//1993 879//1993
f 770//1994 878//1994 880//1994
f 771//1995 773//1995 881//1995
f 880//1996 882//1996 774//1996
f 881//1997 773//1997 775//1997
f 776//1998 774//1998 882//1998
f 883//1999 775//1999 777//1999
f 778//2000 776//2000 884//2000
f 885//2001 777//2001 779//2001
f 780//2002 778//2002 886//2002
f 887//2003 779//2003 781//2003
f 782//2004 780//2004 888//2004
f 889//2005 781//2005 783//2005
f 784//843 782//843 890//843
f 891//2006 783//2006 785//2006
f 786//2007 784//2007 892//2007
f 893//2008 785//2008 787//2008
f 896//2009 788//2009 786//2009
f 793//2010 901//2010 895//2010
f 896//2011 897//2011 789//2011
f 897//2012 898//2012 790//2012
f 898//2013 899//2013 791//2013
f 900//853 792//853 791//853
f 901//2014 793//2014 792//2014
f 794//2015 795//2015 797//2015
f 796//2016 797//2016 800//2016
f 797//2017 798//2017 801//2017
f 903//2018 902//2018 802//2018
f 799//2019 800//2019 803//2019
f 800//2020 801//2020 804//2020
f 902//2021 904//2021 806//2021
f 903//2022 803//2022 807//2022
f 803//2023 804//2023 808//2023
f 805//2024 809//2024 808//2024
f 904//2025 906//2025 811//2025
f 908//2026 907//2026 905//2026
f 807//2027 808//2027 812//2027
f 808//2028 809//2028 813//2028
f 810//2029 814//2029 813//2029
f 906//2030 909//2030 815//2030
f 912//2031 911//2031 908//2031
f 812//2032 813//2032 816//2032
f 813//2033 814//2033 817//2033
f 815//2034 909//2034 913//2034
f 915//2035 914//2035 912//2035
f 816//2036 817//2036 820//2036
f 818//2037 821//2037 820//2037
f 819//2038 913//2038 916//2038
f 919//2039 918//2039 915//2039
f 821//2040 824//2040 919//2040
f 822//2041 825//2041 824//2041
f 823//2042 916//2042 920//2042
f 923//2043 922//2043 919//2043
f 825//2044 827//2044 923//2044
f 826//2045 920//2045 924//2045
f 923//2046 827//2046 830//2046
f 827//2047 828//2047 831//2047
f 829//2048 924//2048 928//2048
f 930//2049 929//2049 927//2049
f 830//2050 831//2050 833//2050
f 928//2051 931//2051 834//2051
f 930//2052 833//2052 835//2052
f 834//2053 931//2053 934//2053
f 933//2054 835//2054 837//2054
f 836//2055 934//2055 937//2055
f 936//2056 837//2056 839//2056
f 838//2057 937//2057 940//2057
f 939//2058 839//2058 841//2058
f 842//2059 840//2059 940//2059
f 941//2060 841//2060 843//2060
f 844//2061 842//2061 942//2061
f 943//2062 843//2062 845//2062
f 846//2063 844//2063 944//2063
f 945//2064 845//2064 847//2064
f 848//2065 846//2065 946//2065
f 947//906 847//906 849//906
f 850//2066 848//2066 948//2066
f 949//2067 849//2067 851//2067
f 950//2068 952//2068 852//2068
f 953//2069 951//2069 851//2069
f 852//2070 952//2070 954//2070
f 953//2071 853//2071 855//2071
f 854//2072 954//2072 956//2072
f 955//2073 855//2073 857//2073
f 856//2074 956//2074 958//2074
f 959//2075 957//2075 857//2075
f 858//2076 958//2076 960//2076
f 961//2077 959//2077 859//2077
f 860//2078 960//2078 962//2078
f 961//920 861//920 863//920
f 964//2079 864//2079 862//2079
f 863//2080 865//2080 965//2080
f 864//2081 964//2081 966//2081
f 865//2082 867//2082 967//2082
f 866//2083 966//2083 968//2083
f 867//2084 869//2084 969//2084
f 868//2085 968//2085 970//2085
f 869//2086 871//2086 972//2086
f 870//2087 970//2087 973//2087
f 976//2088 972//2088 871//2088
f 872//2089 973//2089 977//2089
f 982//2090 976//2090 873//2090
f 874//2091 977//2091 983//2091
f 988//2092 982//2092 875//2092
f 876//2093 983//2093 989//2093
f 994//2094 988//2094 877//2094
f 878//939 989//939 995//939
f 1000//2095 994//2095 879//2095
f 1001//2096 882//2096 880//2096
f 1006//2097 1000//2097 881//2097
f 882//2096 1001//2096 1007//2096
f 1006//2098 883//2098 885//2098
f 1007//2099 1013//2099 886//2099
f 885//2100 887//2100 1018//2100
f 886//2099 1013//2099 1019//2099
f 887//2101 889//2101 1024//2101
f 888//2102 1019//2102 1025//2102
f 889//2103 891//2103 1030//2103
f 1031//841 892//841 890//841
f 1034//2104 1030//2104 891//2104
f 892//2105 1031//2105 1035//2105
f 1038//2106 1034//2106 893//2106
f 894//2107 1035//2107 1039//2107
f 1038//2108 895//2108 901//2108
f 1039//2109 1040//2109 898//2109
f 1040//2110 1041//2110 899//2110
f 1042//2111 900//2111 899//2111
f 902//2112 903//2112 905//2112
f 904//2113 905//2113 907//2113
f 906//2114 907//2114 910//2114
f 907//2115 908//2115 911//2115
f 1043//2116 1044//2116 913//2116
f 1045//2117 1044//2117 1043//2117
f 1046//2118 1045//2118 910//2118
f 911//2119 912//2119 914//2119
f 1044//2120 1047//2120 916//2120
f 1046//2121 914//2121 917//2121
f 914//2122 915//2122 918//2122
f 1047//2123 1050//2123 920//2123
f 1053//2124 1052//2124 1049//2124
f 917//2125 918//2125 921//2125
f 918//2126 919//2126 922//2126
f 1050//2127 1054//2127 924//2127
f 1053//2128 921//2128 925//2128
f 921//2129 922//2129 926//2129
f 922//2130 923//2130 927//2130
f 928//2131 924//2131 1054//2131
f 1058//2132 1056//2132 925//2132
f 1060//2133 1059//2133 925//2133
f 926//2134 927//2134 929//2134
f 1057//2135 1061//2135 931//2135
f 1060//2136 929//2136 932//2136
f 929//2137 930//2137 933//2137
f 1061//2138 1065//2138 934//2138
f 1069//2139 1068//2139 1064//2139
f 932//989 933//989 935//989
f 934//2140 1065//2140 1070//2140
f 1069//2141 935//2141 938//2141
f 935//2142 936//2142 939//2142
f 937//2143 1070//2143 1074//2143
f 1079//2144 1078//2144 1073//2144
f 938//2145 939//2145 941//2145
f 1074//2146 1080//2146 942//2146
f 1079//2147 941//2147 943//2147
f 1080//2148 1086//2148 944//2148
f 1085//2149 943//2149 945//2149
f 1091//2150 946//2150 944//2150
f 1090//2151 945//2151 947//2151
f 946//2152 1091//2152 1096//2152
f 1095//2153 947//2153 949//2153
f 948//2154 1096//2154 1101//2154
f 951//2155 1106//2155 1100//2155
f 950//2156 1101//2156 1107//2156
f 951//2157 953//2157 1113//2157
f 952//2158 1107//2158 1114//2158
f 953//2159 955//2159 1120//2159
f 954//2160 1114//2160 1121//2160
f 955//2161 957//2161 1127//2161
f 956//2162 1121//2162 1128//2162
f 1133//2163 1127//2163 957//2163
f 958//2164 1128//2164 1134//2164
f 1139//2165 1133//2165 959//2165
f 960//2166 1134//2166 1140//2166
f 1145//2167 1139//2167 961//2167
f 1146//2168 964//2168 962//2168
f 1151//2169 1145//2169 963//2169
f 964//2170 1146//2170 1152//2170
f 1157//2171 1151//2171 965//2171
f 1158//2172 968//2172 966//2172
f 1162//2173 1157//2173 967//2173
f 971//2174 970//2174 968//2174
f 971//2175 1158//2175 1159//2175
f 1166//2176 1162//2176 969//2176
f 970//2177 971//2177 974//2177
f 974//2178 971//2178 1163//2178
f 975//2179 1163//2179 1164//2179
f 1169//2180 1166//2180 972//2180
f 973//2181 974//2181 978//2181
f 974//2182 975//2182 979//2182
f 980//2183 979//2183 975//2183
f 1167//2184 1168//2184 981//2184
f 1168//2185 1169//2185 982//2185
f 977//2186 978//2186 984//2186
f 978//2187 979//2187 985//2187
f 979//2188 980//2188 986//2188
f 980//2189 981//2189 987//2189
f 981//2190 982//2190 988//2190
f 983//2191 984//2191 990//2191
f 984//2192 985//2192 991//2192
f 985//2193 986//2193 992//2193
f 986//2194 987//2194 993//2194
f 987//2195 988//2195 994//2195
f 989//2196 990//2196 996//2196
f 990//2197 991//2197 997//2197
f 991//2198 992//2198 998//2198
f 992//2199 993//2199 999//2199
f 993//2200 994//2200 1000//2200
f 995//2201 996//2201 1002//2201
f 996//2202 997//2202 1003//2202
f 997//2203 998//2203 1004//2203
f 998//2204 999//2204 1005//2204
f 999//2205 1000//2205 1006//2205
f 1001//2206 1002//2206 1008//2206
f 1002//2207 1003//2207 1009//2207
f 1003//2208 1004//2208 1010//2208
f 1004//2209 1005//2209 1011//2209
f 1005//2210 1006//2210 1012//2210
f 1007//2211 1008//2211 1014//2211
f 1008//2212 1009//2212 1015//2212
f 1009//2213 1010//2213 1016//2213
f 1010//2214 1011//2214 1017//2214
f 1011//2215 1012//2215 1018//2215
f 1014//2216 1020//2216 1019//2216
f 1014//2217 1015//2217 1021//2217
f 1015//2218 1016//2218 1022//2218
f 1016//2219 1017//2219 1023//2219
f 1017//2220 1018//2220 1024//2220
f 1020//2221 1026//2221 1025//2221
f 1021//2222 1027//2222 1026//2222
f 1021//2223 1022//2223 1028//2223
f 1022//2224 1023//2224 1029//2224
f 1023//2225 1024//2225 1030//2225
f 1027//2226 1032//2226 1031//2226
f 1027//2227 1028//2227 1033//2227
f 1028//2228 1029//2228 1034//2228
f 1032//2229 1036//2229 1035//2229
f 1032//2230 1033//2230 1037//2230
f 1033//2231 1034//2231 1038//2231
f 1036//2232 1040//2232 1039//2232
f 1036//2233 1037//2233 1041//2233
f 1037//2234 1038//2234 1042//2234
f 1045//2235 1048//2235 1047//2235
f 1045//2236 1046//2236 1049//2236
f 1048//2237 1051//2237 1050//2237
f 1049//2238 1052//2238 1051//2238
f 1054//2239 1050//2239 1051//2239
f 1052//2240 1055//2240 1170//2240
f 1053//2241 1056//2241 1055//2241
f 1057//2242 1054//2242 1170//2242
f 1171//2243 1170//2243 1055//2243
f 1056//1098 1058//1098 1172//1098
f 1061//2244 1057//2244 1171//2244
f 1174//1098 1172//1098 1058//1098
f 1059//2245 1063//2245 1062//2245
f 1059//2246 1060//2246 1064//2246
f 1065//2247 1061//2247 1173//2247
f 1066//2248 1173//2248 1174//2248
f 1175//2249 1174//2249 1062//2249
f 1063//1105 1067//1105 1176//1105
f 1063//2250 1064//2250 1068//2250
f 1065//2251 1066//2251 1071//2251
f 1071//2252 1066//2252 1175//2252
f 1178//2253 1176//2253 1067//2253
f 1068//1110 1072//1110 1179//1110
f 1068//2254 1069//2254 1073//2254
f 1070//2255 1071//2255 1075//2255
f 1076//2256 1075//2256 1071//2256
f 1076//2257 1177//2257 1178//2257
f 1181//2258 1179//2258 1072//2258
f 1072//2259 1073//2259 1078//2259
f 1074//2260 1075//2260 1081//2260
f 1075//2261 1076//2261 1082//2261
f 1082//2262 1076//2262 1180//2262
f 1083//2263 1180//2263 1181//2263
f 1182//2264 1181//2264 1077//2264
f 1078//2265 1084//2265 1183//2265
f 1078//2144 1079//2144 1085//2144
f 1080//2266 1081//2266 1087//2266
f 1081//2267 1082//2267 1088//2267
f 1082//2268 1083//2268 1089//2268
f 1089//2269 1083//2269 1182//2269
f 1185//2270 1183//2270 1084//2270
f 1084//2271 1085//2271 1090//2271
f 1087//2272 1088//2272 1092//2272
f 1088//2273 1089//2273 1093//2273
f 1094//2274 1093//2274 1089//2274
f 1094//2275 1184//2275 1185//2275
f 1186//2276 1090//2276 1095//2276
f 1092//2277 1097//2277 1096//2277
f 1092//2278 1093//2278 1098//2278
f 1093//2279 1094//2279 1099//2279
f 1099//2280 1094//2280 1187//2280
f 1189//2281 1095//2281 1100//2281
f 1096//2282 1097//2282 1102//2282
f 1097//2283 1098//2283 1103//2283
f 1098//2284 1099//2284 1104//2284
f 1105//2285 1104//2285 1099//2285
f 1190//2286 1191//2286 1192//2286
f 1192//2287 1191//2287 1100//2287
f 1101//2288 1102//2288 1108//2288
f 1102//2289 1103//2289 1109//2289
f 1103//2290 1104//2290 1110//2290
f 1104//2291 1105//2291 1111//2291
f 1112//2292 1111//2292 1105//2292
f 1106//2293 1113//2293 1112//2293
f 1107//2294 1108//2294 1115//2294
f 1109//2295 1116//2295 1115//2295
f 1110//2296 1117//2296 1116//2296
f 1110//2297 1111//2297 1118//2297
f 1111//2298 1112//2298 1119//2298
f 1113//2299 1120//2299 1119//2299
f 1115//2300 1122//2300 1121//2300
f 1116//2301 1123//2301 1122//2301
f 1117//2302 1124//2302 1123//2302
f 1118//2303 1125//2303 1124//2303
f 1118//2304 1119//2304 1126//2304
f 1119//2305 1120//2305 1127//2305
f 1122//2306 1129//2306 1128//2306
f 1123//2307 1130//2307 1129//2307
f 1124//2308 1131//2308 1130//2308
f 1124//2309 1125//2309 1132//2309
f 1125//2310 1126//2310 1133//2310
f 1129//2311 1135//2311 1134//2311
f 1130//2312 1136//2312 1135//2312
f 1131//2313 1137//2313 1136//2313
f 1132//2314 1138//2314 1137//2314
f 1132//2315 1133//2315 1139//2315
f 1135//2316 1141//2316 1140//2316
f 1136//2317 1142//2317 1141//2317
f 1137//2318 1143//2318 1142//2318
f 1138//2319 1144//2319 1143//2319
f 1139//2320 1145//2320 1144//2320
f 1141//2321 1147//2321 1146//2321
f 1142//2322 1148//2322 1147//2322
f 1143//2323 1149//2323 1148//2323
f 1144//2324 1150//2324 1149//2324
f 1145//2325 1151//2325 1150//2325
f 1146//2326 1147//2326 1153//2326
f 1148//2327 1154//2327 1153//2327
f 1149//2328 1155//2328 1154//2328
f 1150//2329 1156//2329 1155//2329
f 1151//2330 1157//2330 1156//2330
f 1153//2331 1154//2331 1159//2331
f 1155//2332 1160//2332 1159//2332
f 1156//2333 1161//2333 1160//2333
f 1157//2334 1162//2334 1161//2334
f 1160//2335 1164//2335 1163//2335
f 1161//2336 1165//2336 1164//2336
f 1161//2337 1162//2337 1166//2337
f 1164//2338 1165//2338 1168//2338
f 1165//2339 1166//2339 1169//2339
f 1172//2340 1174//2340 1173//2340
f 1176//2341 1178//2341 1177//2341
f 1179//2342 1181//2342 1180//2342
f 1183//2343 1185//2343 1184//2343
f 1186//2344 1188//2344 1187//2344
f 1189//2345 1191//2345 1188//2345
f 1188//2346 1191//2346 1190//2346
