# Blender 4.1.1
# www.blender.org
mtllib boss.mtl
o MN157_J05
v -0.041116 -0.391197 -0.417357
v -0.047600 -0.390092 -0.431383
v -0.054545 -0.386947 -0.441726
v -0.302781 -0.096425 -0.448117
v -0.316959 -0.092454 -0.445788
v -0.326212 -0.092272 -0.433504
v 0.186995 -0.386947 -0.422581
v 0.178507 -0.390092 -0.413461
v 0.169894 -0.391197 -0.400632
v 0.453974 -0.092272 -0.371665
v 0.446772 -0.092454 -0.385254
v 0.433138 -0.096425 -0.389787
v 0.048752 0.016017 -0.883440
v 0.044105 0.009822 -0.894664
v 0.034174 0.000174 -0.905085
v 0.058475 -0.055331 -0.904600
v 0.074983 -0.051650 -0.891030
v 0.084624 -0.049707 -0.878479
v 0.108641 -0.107623 -0.922016
v 0.117722 -0.088435 -0.914481
v 0.123188 -0.075747 -0.905034
v 0.179168 0.000174 -0.893593
v 0.167719 0.009822 -0.884866
v 0.161362 0.016017 -0.874514
v 0.123188 0.075750 -0.905034
v 0.117722 0.088438 -0.914480
v 0.108641 0.107626 -0.922016
v 0.084624 0.049710 -0.878479
v 0.074983 0.051652 -0.891030
v 0.058475 0.055334 -0.904600
v 0.154975 0.055334 -0.896951
v 0.136535 0.051652 -0.886152
v 0.125037 0.049710 -0.875275
v 0.125037 -0.049707 -0.875276
v 0.136535 -0.051650 -0.886152
v 0.154975 -0.055331 -0.896952
v -0.559242 0.230433 0.047829
v -0.562331 0.220608 0.043727
v -0.567791 0.214941 0.075389
v -0.564529 0.224184 0.078973
v -0.570581 0.209301 0.106952
v -0.567139 0.217960 0.110032
v -0.279038 0.000001 -0.561293
v -0.303155 0.000001 -0.561984
v -0.289127 0.106594 -0.561458
v -0.262839 0.111390 -0.559891
v -0.275723 0.146485 -0.560328
v -0.224003 0.199251 -0.556650
v -0.242723 0.217087 -0.556810
v -0.244818 0.217694 -0.562451
v -0.242723 0.217087 -0.556810
v -0.275723 0.146485 -0.560328
v -0.280457 0.158893 -0.638410
v -0.289127 0.106594 -0.561458
v -0.293469 0.100765 -0.591321
v -0.303155 0.000001 -0.561984
v -0.305812 0.000001 -0.750152
v -0.279038 0.000001 -0.561293
v -0.268458 0.000000 -0.421224
v -0.259296 -0.085314 -0.420334
v -0.262839 -0.111389 -0.559892
v -0.231546 -0.162708 -0.417939
v -0.224003 -0.199250 -0.556651
v -0.181687 -0.237451 -0.415157
v -0.169277 -0.273293 -0.552604
v -0.114087 -0.297165 -0.410318
v -0.098083 -0.327314 -0.546937
v -0.035436 -0.335961 -0.403221
v -0.008552 -0.365544 -0.539864
v 0.080531 -0.377642 -0.532873
v 0.058175 -0.352546 -0.395554
v 0.151565 -0.341982 -0.391455
v 0.176933 -0.363314 -0.525254
v 0.228085 -0.310354 -0.382295
v 0.259928 -0.324251 -0.518625
v 0.296539 -0.259522 -0.378768
v 0.330195 -0.267690 -0.513053
v 0.352894 -0.187822 -0.370643
v 0.390163 -0.187005 -0.508288
v 0.391245 -0.097824 -0.366308
v 0.427685 -0.090302 -0.505407
v 0.404391 0.000000 -0.364311
v 0.436233 0.000000 -0.504547
v -0.224003 -0.199250 -0.556651
v -0.242723 -0.217086 -0.556811
v -0.275723 -0.146484 -0.560329
v -0.262839 -0.111389 -0.559892
v -0.289127 -0.106593 -0.561459
v -0.279038 0.000001 -0.561293
v -0.303155 0.000001 -0.561984
v -0.305812 0.000001 -0.750152
v -0.303155 0.000001 -0.561984
v -0.293469 -0.100764 -0.591321
v -0.289127 -0.106593 -0.561459
v -0.280457 -0.158891 -0.638411
v -0.275723 -0.146484 -0.560329
v -0.244818 -0.217693 -0.562452
v -0.242723 -0.217086 -0.556811
v 0.050103 0.015929 -0.827039
v 0.051513 0.000174 -0.799649
v 0.050875 -0.015600 -0.827639
v 0.040883 0.021961 -0.841440
v 0.042153 -0.021371 -0.841145
v 0.025807 0.026242 -0.847874
v 0.025807 -0.025894 -0.847875
v 0.044444 0.023529 -0.858730
v 0.040700 -0.022542 -0.857543
v 0.049613 0.020347 -0.870022
v 0.049664 -0.019833 -0.870276
v 0.048366 -0.015823 -0.883699
v 0.048752 0.016017 -0.883440
v 0.044105 0.009822 -0.894664
v 0.043961 -0.009452 -0.894854
v 0.034174 0.000174 -0.905085
v 0.050875 -0.015600 -0.827639
v 0.051513 0.000174 -0.799649
v 0.028593 -0.000578 -0.816475
v 0.042153 -0.021371 -0.841145
v 0.007704 -0.000240 -0.821149
v 0.025807 -0.025894 -0.847875
v -0.077053 0.000313 -0.820632
v -0.083371 -0.024791 -0.849803
v -0.135689 -0.024854 -0.841329
v -0.124742 -0.000066 -0.812551
v -0.168669 0.000174 -0.795040
v -0.009256 0.000174 -0.874146
v 0.040700 -0.022542 -0.857543
v -0.142737 0.000038 -0.866479
v 0.012844 0.000174 -0.878581
v 0.049664 -0.019833 -0.870276
v 0.048366 -0.015823 -0.883699
v -0.083160 -0.000335 -0.874704
v 0.028149 0.000174 -0.888686
v 0.043961 -0.009452 -0.894854
v 0.034174 0.000174 -0.905085
v 0.048752 0.016017 -0.883440
v 0.049613 0.020347 -0.870022
v 0.044444 0.023529 -0.858730
v 0.025807 0.026242 -0.847874
v -0.082941 0.025143 -0.849767
v 0.007704 -0.000240 -0.821149
v 0.028593 -0.000578 -0.816475
v -0.077053 0.000313 -0.820632
v 0.040883 0.021961 -0.841440
v 0.050103 0.015929 -0.827039
v 0.051513 0.000174 -0.799649
v -0.124742 -0.000066 -0.812551
v -0.135768 0.025011 -0.842717
v -0.184404 0.025253 -0.821373
v -0.168669 0.000174 -0.795040
v -0.204128 -0.000358 -0.768469
v -0.197361 -0.000137 -0.842787
v -0.229530 0.025138 -0.785825
v -0.258814 0.025112 -0.735459
v -0.234321 0.000298 -0.716593
v -0.246339 0.001166 -0.666976
v -0.248758 -0.000163 -0.804639
v -0.183094 -0.024832 -0.822410
v -0.226838 -0.024761 -0.789025
v -0.204128 -0.000358 -0.768469
v -0.234321 0.000298 -0.716593
v -0.282840 -0.000430 -0.747709
v -0.258700 -0.024755 -0.734559
v -0.272641 -0.024875 -0.668746
v -0.246339 0.001166 -0.666976
v -0.272610 0.025204 -0.670836
v -0.247033 -0.000100 -0.573884
v -0.298376 -0.000706 -0.676008
v -0.269634 0.026241 -0.570190
v -0.231239 0.000173 -0.459235
v -0.253813 0.026241 -0.459628
v -0.298167 0.000173 -0.577771
v -0.274892 0.000173 -0.460966
v -0.268372 -0.024599 -0.572774
v -0.253811 -0.025895 -0.459628
v -0.247033 -0.000100 -0.573884
v -0.231239 0.000173 -0.459235
v 0.118768 0.061203 -0.850380
v 0.100906 0.062183 -0.824429
v 0.087398 0.060368 -0.853634
v 0.125753 0.073356 -0.862172
v 0.082555 0.071924 -0.865577
v 0.130288 0.089818 -0.865210
v 0.078315 0.089818 -0.869330
v 0.128703 0.073748 -0.879536
v 0.082629 0.077181 -0.881313
v 0.126485 0.071131 -0.891822
v 0.086451 0.071138 -0.895256
v 0.091461 0.076265 -0.907722
v 0.123188 0.075750 -0.905034
v 0.117722 0.088438 -0.914480
v 0.098518 0.088830 -0.916119
v 0.108641 0.107626 -0.922016
v 0.087398 0.060368 -0.853634
v 0.100906 0.062183 -0.824429
v 0.101205 0.081818 -0.837715
v 0.082555 0.071924 -0.865577
v 0.101483 0.102127 -0.836947
v 0.078315 0.089818 -0.869330
v 0.100785 0.185103 -0.821135
v 0.077944 0.197226 -0.850678
v 0.076447 0.246795 -0.832593
v 0.099087 0.230236 -0.804514
v 0.097318 0.269889 -0.779153
v 0.105819 0.129506 -0.886403
v 0.082629 0.077181 -0.881313
v 0.103107 0.258795 -0.853910
v 0.106499 0.109585 -0.894984
v 0.086451 0.071138 -0.895256
v 0.091461 0.076265 -0.907722
v 0.104369 0.202381 -0.874547
v 0.107448 0.101342 -0.906957
v 0.098518 0.088830 -0.916119
v 0.108641 0.107626 -0.922016
v 0.123188 0.075750 -0.905034
v 0.126485 0.071131 -0.891822
v 0.128703 0.073748 -0.879536
v 0.130288 0.089818 -0.865210
v 0.127725 0.196798 -0.846778
v 0.101483 0.102127 -0.836947
v 0.101205 0.081818 -0.837715
v 0.100785 0.185103 -0.821135
v 0.125753 0.073356 -0.862172
v 0.118768 0.061203 -0.850380
v 0.100906 0.062183 -0.824429
v 0.099087 0.230236 -0.804514
v 0.126263 0.247152 -0.829996
v 0.124127 0.290544 -0.799986
v 0.097318 0.269889 -0.779153
v 0.094065 0.300685 -0.744833
v 0.100285 0.307541 -0.820514
v 0.120689 0.327385 -0.758066
v 0.116514 0.354348 -0.705709
v 0.090444 0.328407 -0.690850
v 0.087326 0.338579 -0.640528
v 0.096829 0.347770 -0.777247
v 0.074298 0.289457 -0.805203
v 0.071215 0.324838 -0.765400
v 0.094065 0.300685 -0.744833
v 0.090444 0.328407 -0.690850
v 0.091866 0.379146 -0.718008
v 0.066732 0.354185 -0.708764
v 0.061342 0.365201 -0.642273
v 0.087326 0.338579 -0.640528
v 0.111429 0.365251 -0.640395
v 0.078727 0.332905 -0.548063
v 0.085846 0.390861 -0.645553
v 0.104554 0.355166 -0.540530
v 0.070068 0.302230 -0.435352
v 0.095944 0.324825 -0.431905
v 0.078986 0.383690 -0.547876
v 0.069931 0.345943 -0.433634
v 0.054084 0.354219 -0.547215
v 0.043971 0.324823 -0.436025
v 0.078727 0.332905 -0.548063
v 0.070068 0.302230 -0.435352
v 0.088930 0.041439 -0.821169
v 0.082045 0.025822 -0.793343
v 0.067313 0.018547 -0.823632
v 0.084515 0.054948 -0.835542
v 0.055207 0.023065 -0.837615
v 0.076345 0.069344 -0.840615
v 0.039872 0.032189 -0.843334
v 0.087547 0.055431 -0.852890
v 0.052664 0.025098 -0.853846
v 0.088686 0.050706 -0.864711
v 0.060604 0.022064 -0.867065
v 0.062099 0.027299 -0.880402
v 0.084624 0.049710 -0.878479
v 0.074983 0.051652 -0.891030
v 0.061248 0.038263 -0.891475
v 0.058475 0.055334 -0.904600
v 0.067313 0.018547 -0.823632
v 0.082045 0.025822 -0.793343
v 0.060326 0.045250 -0.809029
v 0.055207 0.023065 -0.837615
v 0.045093 0.060693 -0.812080
v 0.039872 0.032189 -0.843334
v -0.014550 0.119929 -0.809650
v -0.037264 0.109064 -0.838824
v -0.074344 0.144693 -0.828189
v -0.048644 0.152126 -0.798980
v -0.079602 0.181364 -0.778448
v 0.032715 0.077376 -0.865070
v 0.052664 0.025098 -0.853846
v -0.062607 0.169570 -0.849796
v 0.048126 0.062677 -0.870633
v 0.060604 0.022064 -0.867065
v 0.062099 0.027299 -0.880402
v -0.020609 0.128733 -0.863023
v 0.057057 0.055119 -0.883317
v 0.061248 0.038263 -0.891475
v 0.058475 0.055334 -0.904600
v 0.084624 0.049710 -0.878479
v 0.088686 0.050706 -0.864711
v 0.087547 0.055431 -0.852890
v 0.076345 0.069344 -0.840615
v -0.002042 0.144342 -0.836049
v 0.045093 0.060693 -0.812080
v 0.060326 0.045250 -0.809029
v -0.014550 0.119929 -0.809650
v 0.084515 0.054948 -0.835542
v 0.088930 0.041439 -0.821169
v 0.082045 0.025822 -0.793343
v -0.048644 0.152126 -0.798980
v -0.039541 0.180409 -0.826966
v -0.073718 0.212507 -0.802253
v -0.079602 0.181364 -0.778448
v -0.105960 0.204323 -0.748484
v -0.101107 0.205346 -0.823993
v -0.104998 0.240386 -0.765458
v -0.130620 0.261958 -0.716588
v -0.130153 0.225716 -0.701732
v -0.141780 0.236156 -0.657415
v -0.134880 0.235729 -0.786259
v -0.107832 0.175988 -0.805990
v -0.137683 0.202867 -0.771132
v -0.105960 0.204323 -0.748484
v -0.130153 0.225716 -0.701732
v -0.164651 0.260576 -0.731062
v -0.165504 0.226352 -0.718289
v -0.180403 0.237636 -0.661435
v -0.141780 0.236156 -0.657415
v -0.145360 0.273465 -0.660749
v -0.146396 0.232076 -0.566085
v -0.181425 0.272856 -0.666738
v -0.145360 0.267153 -0.560339
v -0.134317 0.211498 -0.451552
v -0.132352 0.245933 -0.450001
v -0.183439 0.268470 -0.568677
v -0.165599 0.242070 -0.452303
v -0.179919 0.230152 -0.565763
v -0.168699 0.208667 -0.452882
v -0.146396 0.232076 -0.566085
v -0.134317 0.211498 -0.451552
v 0.111756 -0.041437 -0.819360
v 0.114172 -0.025819 -0.790796
v 0.133491 -0.018544 -0.818387
v 0.118381 -0.054945 -0.832858
v 0.147649 -0.023063 -0.830288
v 0.127248 -0.069341 -0.836581
v 0.163694 -0.032187 -0.833520
v 0.118119 -0.055428 -0.850468
v 0.152718 -0.025095 -0.845916
v 0.118857 -0.050704 -0.862320
v 0.146959 -0.022061 -0.860221
v 0.147584 -0.027296 -0.873627
v 0.125037 -0.049707 -0.875276
v 0.136535 -0.051650 -0.886152
v 0.150168 -0.038261 -0.884427
v 0.154975 -0.055331 -0.896952
v 0.133491 -0.018544 -0.818387
v 0.114172 -0.025819 -0.790796
v 0.138091 -0.045247 -0.802865
v 0.147649 -0.023063 -0.830288
v 0.153615 -0.060690 -0.803479
v 0.163694 -0.032187 -0.833520
v 0.212130 -0.119927 -0.791684
v 0.239157 -0.109061 -0.816915
v 0.274098 -0.144690 -0.800572
v 0.244118 -0.152124 -0.775776
v 0.271455 -0.181362 -0.750623
v 0.174186 -0.077373 -0.853857
v 0.152718 -0.025095 -0.845916
v 0.265911 -0.169567 -0.823758
v 0.159843 -0.062675 -0.861779
v 0.146959 -0.022061 -0.860221
v 0.147584 -0.027296 -0.873627
v 0.226521 -0.128731 -0.843436
v 0.153022 -0.055116 -0.875711
v 0.150168 -0.038261 -0.884427
v 0.154975 -0.055331 -0.896952
v 0.125037 -0.049707 -0.875276
v 0.118857 -0.050704 -0.862320
v 0.118119 -0.055428 -0.850468
v 0.127248 -0.069341 -0.836581
v 0.203937 -0.144339 -0.819724
v 0.153615 -0.060690 -0.803479
v 0.138091 -0.045247 -0.802865
v 0.212130 -0.119927 -0.791684
v 0.118381 -0.054945 -0.832858
v 0.111756 -0.041437 -0.819360
v 0.114172 -0.025819 -0.790796
v 0.244118 -0.152124 -0.775776
v 0.239537 -0.180407 -0.804847
v 0.269394 -0.212505 -0.775059
v 0.271455 -0.181362 -0.750623
v 0.292763 -0.204321 -0.716882
v 0.299866 -0.205344 -0.792212
v 0.294487 -0.240384 -0.733795
v 0.312090 -0.261956 -0.681500
v 0.309289 -0.225715 -0.666902
v 0.313790 -0.236154 -0.621307
v 0.327273 -0.235727 -0.749630
v 0.303671 -0.175986 -0.773374
v 0.327658 -0.202865 -0.734250
v 0.292763 -0.204321 -0.716882
v 0.309289 -0.225715 -0.666902
v 0.347977 -0.260574 -0.690432
v 0.346807 -0.226350 -0.677684
v 0.352564 -0.237634 -0.619192
v 0.313790 -0.236154 -0.621307
v 0.317850 -0.273463 -0.624036
v 0.303961 -0.232075 -0.530390
v 0.354408 -0.272855 -0.624268
v 0.302032 -0.267152 -0.524880
v 0.273989 -0.211497 -0.419190
v 0.271804 -0.245932 -0.417968
v 0.340949 -0.268469 -0.527114
v 0.304999 -0.242070 -0.415004
v 0.337014 -0.230151 -0.524791
v 0.308152 -0.208667 -0.415087
v 0.303961 -0.232075 -0.530390
v 0.273989 -0.211497 -0.419190
v -0.567791 -0.214941 0.075388
v -0.562331 -0.220608 0.043727
v -0.559242 -0.230433 0.047828
v -0.564529 -0.224184 0.078973
v -0.570580 -0.209301 0.106951
v -0.567139 -0.217960 0.110032
v -0.259296 0.085314 -0.420334
v -0.268458 0.000000 -0.421224
v -0.279038 0.000001 -0.561293
v -0.262839 0.111390 -0.559891
v -0.231546 0.162708 -0.417938
v -0.224003 0.199251 -0.556650
v -0.181687 0.237451 -0.415156
v -0.169277 0.273294 -0.552602
v -0.114087 0.297166 -0.410316
v -0.098083 0.327315 -0.546935
v -0.035436 0.335961 -0.403219
v -0.008552 0.365545 -0.539863
v 0.080531 0.377642 -0.532871
v 0.058175 0.352546 -0.395552
v 0.151565 0.341983 -0.391453
v 0.176933 0.363314 -0.525252
v 0.228085 0.310354 -0.382294
v 0.259928 0.324252 -0.518623
v 0.296539 0.259522 -0.378767
v 0.330195 0.267691 -0.513052
v 0.352894 0.187821 -0.370642
v 0.390163 0.187005 -0.508287
v 0.391245 0.097824 -0.366307
v 0.427685 0.090302 -0.505406
v 0.404391 0.000000 -0.364311
v 0.436233 0.000000 -0.504547
v -0.363662 0.000000 -0.527420
v -0.332134 0.000001 -0.625202
v -0.323182 -0.077937 -0.531996
v -0.321754 -0.048587 -0.428570
v -0.325212 0.000000 -0.428200
v 0.088930 -0.041437 -0.821170
v 0.067313 -0.018544 -0.823632
v 0.082045 -0.025819 -0.793343
v 0.084515 -0.054945 -0.835542
v 0.055207 -0.023063 -0.837615
v 0.076345 -0.069341 -0.840615
v 0.039872 -0.032187 -0.843334
v 0.087547 -0.055428 -0.852891
v 0.052664 -0.025095 -0.853846
v 0.088686 -0.050704 -0.864711
v 0.060604 -0.022061 -0.867065
v 0.062099 -0.027296 -0.880402
v 0.084624 -0.049707 -0.878479
v 0.074983 -0.051650 -0.891030
v 0.061248 -0.038261 -0.891475
v 0.058475 -0.055331 -0.904600
v 0.067313 -0.018544 -0.823632
v 0.060326 -0.045247 -0.809029
v 0.082045 -0.025819 -0.793343
v 0.055207 -0.023063 -0.837615
v 0.045093 -0.060690 -0.812081
v 0.039872 -0.032187 -0.843334
v -0.014550 -0.119927 -0.809651
v -0.037264 -0.109061 -0.838825
v 0.032715 -0.077373 -0.865070
v 0.052664 -0.025095 -0.853846
v -0.074344 -0.144690 -0.828190
v -0.048644 -0.152124 -0.798980
v -0.079602 -0.181362 -0.778449
v -0.062607 -0.169567 -0.849797
v -0.107832 -0.175986 -0.805991
v -0.020609 -0.128731 -0.863024
v -0.137683 -0.202865 -0.771133
v -0.105960 -0.204321 -0.748485
v -0.130153 -0.225714 -0.701733
v -0.101107 -0.205344 -0.823994
v -0.165504 -0.226350 -0.718290
v -0.039541 -0.180407 -0.826967
v -0.134880 -0.235727 -0.786261
v -0.164651 -0.260574 -0.731064
v -0.180403 -0.237634 -0.661436
v -0.141780 -0.236154 -0.657416
v -0.104998 -0.240384 -0.765459
v -0.179919 -0.230151 -0.565764
v -0.146396 -0.232075 -0.566086
v -0.168699 -0.208666 -0.452883
v -0.134317 -0.211497 -0.451553
v -0.165599 -0.242070 -0.452304
v -0.183439 -0.268469 -0.568678
v -0.132352 -0.245932 -0.450002
v -0.181425 -0.272855 -0.666739
v -0.145360 -0.267152 -0.560341
v -0.134317 -0.211497 -0.451553
v -0.146396 -0.232075 -0.566086
v -0.145360 -0.273463 -0.660751
v -0.141780 -0.236154 -0.657416
v -0.130620 -0.261956 -0.716589
v -0.130153 -0.225714 -0.701733
v -0.105960 -0.204321 -0.748485
v -0.073718 -0.212505 -0.802254
v -0.079602 -0.181362 -0.778449
v -0.048644 -0.152124 -0.798980
v -0.002042 -0.144339 -0.836050
v -0.014550 -0.119927 -0.809651
v 0.045093 -0.060690 -0.812081
v 0.076345 -0.069341 -0.840615
v 0.060326 -0.045247 -0.809029
v 0.088930 -0.041437 -0.821170
v 0.082045 -0.025819 -0.793343
v 0.084515 -0.054945 -0.835542
v 0.048126 -0.062675 -0.870634
v 0.087547 -0.055428 -0.852891
v 0.060604 -0.022061 -0.867065
v 0.088686 -0.050704 -0.864711
v 0.062099 -0.027296 -0.880402
v 0.057057 -0.055116 -0.883317
v 0.084624 -0.049707 -0.878479
v 0.061248 -0.038261 -0.891475
v 0.058475 -0.055331 -0.904600
v 0.118768 -0.061201 -0.850380
v 0.087398 -0.060366 -0.853635
v 0.100906 -0.062181 -0.824429
v 0.125753 -0.073354 -0.862173
v 0.082555 -0.071921 -0.865578
v 0.130288 -0.089816 -0.865211
v 0.078315 -0.089816 -0.869330
v 0.128703 -0.073745 -0.879537
v 0.082629 -0.077178 -0.881314
v 0.126485 -0.071128 -0.891822
v 0.086451 -0.071135 -0.895256
v 0.091461 -0.076262 -0.907723
v 0.123188 -0.075747 -0.905034
v 0.117722 -0.088435 -0.914481
v 0.098518 -0.088827 -0.916119
v 0.108641 -0.107623 -0.922016
v 0.087398 -0.060366 -0.853635
v 0.101205 -0.081816 -0.837715
v 0.100906 -0.062181 -0.824429
v 0.082555 -0.071921 -0.865578
v 0.101483 -0.102125 -0.836948
v 0.078315 -0.089816 -0.869330
v 0.100785 -0.185100 -0.821136
v 0.077944 -0.197224 -0.850679
v 0.105819 -0.129503 -0.886404
v 0.082629 -0.077178 -0.881314
v 0.076447 -0.246792 -0.832595
v 0.099087 -0.230233 -0.804515
v 0.097318 -0.269887 -0.779154
v 0.103107 -0.258792 -0.853912
v 0.074298 -0.289455 -0.805205
v 0.104368 -0.202378 -0.874548
v 0.071215 -0.324836 -0.765402
v 0.094065 -0.300683 -0.744835
v 0.090444 -0.328405 -0.690852
v 0.100285 -0.307539 -0.820516
v 0.066732 -0.354184 -0.708766
v 0.126263 -0.247150 -0.829997
v 0.096829 -0.347768 -0.777249
v 0.091866 -0.379144 -0.718010
v 0.061342 -0.365199 -0.642275
v 0.087326 -0.338577 -0.640530
v 0.120689 -0.327383 -0.758068
v 0.054084 -0.354218 -0.547217
v 0.078727 -0.332904 -0.548065
v 0.043971 -0.324823 -0.436026
v 0.070068 -0.302229 -0.435353
v 0.069931 -0.345943 -0.433636
v 0.078986 -0.383689 -0.547878
v 0.095944 -0.324825 -0.431907
v 0.085846 -0.390860 -0.645555
v 0.104554 -0.355165 -0.540532
v 0.070068 -0.302229 -0.435353
v 0.078727 -0.332904 -0.548065
v 0.111429 -0.365250 -0.640397
v 0.087326 -0.338577 -0.640530
v 0.116514 -0.354346 -0.705711
v 0.090444 -0.328405 -0.690852
v 0.094065 -0.300683 -0.744835
v 0.124127 -0.290542 -0.799987
v 0.097318 -0.269887 -0.779154
v 0.099087 -0.230233 -0.804515
v 0.127725 -0.196796 -0.846779
v 0.100785 -0.185100 -0.821136
v 0.101483 -0.102125 -0.836948
v 0.130288 -0.089816 -0.865211
v 0.101205 -0.081816 -0.837715
v 0.118768 -0.061201 -0.850380
v 0.100906 -0.062181 -0.824429
v 0.125753 -0.073354 -0.862173
v 0.106499 -0.109582 -0.894985
v 0.128703 -0.073745 -0.879537
v 0.086451 -0.071135 -0.895256
v 0.126485 -0.071128 -0.891822
v 0.091461 -0.076262 -0.907723
v 0.107448 -0.101339 -0.906958
v 0.123188 -0.075747 -0.905034
v 0.098518 -0.088827 -0.916119
v 0.108641 -0.107623 -0.922016
v 0.151143 0.015929 -0.819031
v 0.150475 -0.015600 -0.819745
v 0.145436 0.000174 -0.792205
v 0.162516 0.021961 -0.831799
v 0.161215 -0.021371 -0.831708
v 0.178418 0.026242 -0.835778
v 0.178418 -0.025894 -0.835778
v 0.161723 0.023529 -0.849435
v 0.165234 -0.022542 -0.847672
v 0.158398 0.020347 -0.861399
v 0.158387 -0.019833 -0.861659
v 0.161784 -0.015823 -0.874709
v 0.161362 0.016017 -0.874514
v 0.167719 0.009822 -0.884866
v 0.167891 -0.009452 -0.885031
v 0.179168 0.000174 -0.893593
v 0.150475 -0.015600 -0.819745
v 0.170720 -0.000578 -0.805210
v 0.145436 0.000174 -0.792205
v 0.161215 -0.021371 -0.831708
v 0.192084 -0.000240 -0.806535
v 0.178418 -0.025894 -0.835778
v 0.275702 0.000313 -0.792672
v 0.286536 -0.024791 -0.820483
v 0.217181 0.000174 -0.856198
v 0.165234 -0.022542 -0.847672
v 0.336866 -0.024854 -0.803874
v 0.321522 -0.000066 -0.777179
v 0.362142 0.000173 -0.752967
v 0.347788 0.000038 -0.827599
v 0.380699 -0.024832 -0.777723
v 0.290250 -0.000335 -0.845107
v 0.418637 -0.024761 -0.737864
v 0.392973 -0.000358 -0.721142
v 0.414617 0.000298 -0.665157
v 0.397997 -0.000137 -0.795598
v 0.441522 -0.024755 -0.679058
v 0.337162 0.025011 -0.805231
v 0.442743 -0.000163 -0.749830
v 0.467431 -0.000430 -0.688241
v 0.444920 -0.024875 -0.611871
v 0.418668 0.001165 -0.614266
v 0.420792 0.025138 -0.734280
v 0.425586 -0.024599 -0.517770
v 0.404689 -0.000100 -0.522228
v 0.393382 -0.025896 -0.408331
v 0.371031 0.000173 -0.411498
v 0.414412 0.000173 -0.406331
v 0.455796 0.000173 -0.518010
v 0.393385 0.026241 -0.408331
v 0.471478 -0.000707 -0.614988
v 0.426425 0.026241 -0.515019
v 0.371031 0.000173 -0.411498
v 0.404689 -0.000100 -0.522228
v 0.445219 0.025204 -0.613940
v 0.418668 0.001165 -0.614266
v 0.441776 0.025112 -0.679929
v 0.414617 0.000298 -0.665157
v 0.392973 -0.000358 -0.721142
v 0.381829 0.025253 -0.776492
v 0.362142 0.000173 -0.752967
v 0.321522 -0.000066 -0.777179
v 0.286106 0.025143 -0.820516
v 0.275702 0.000313 -0.792672
v 0.192084 -0.000240 -0.806535
v 0.178418 0.026242 -0.835778
v 0.170720 -0.000578 -0.805210
v 0.151143 0.015929 -0.819031
v 0.145436 0.000174 -0.792205
v 0.162516 0.021961 -0.831799
v 0.196056 0.000174 -0.864060
v 0.161723 0.023529 -0.849435
v 0.158387 -0.019833 -0.861659
v 0.158398 0.020347 -0.861399
v 0.161784 -0.015823 -0.874709
v 0.182534 0.000174 -0.876449
v 0.161362 0.016017 -0.874514
v 0.167891 -0.009452 -0.885031
v 0.179168 0.000174 -0.893593
v 0.111756 0.041439 -0.819360
v 0.133491 0.018547 -0.818387
v 0.114172 0.025822 -0.790796
v 0.118381 0.054948 -0.832858
v 0.147649 0.023065 -0.830287
v 0.127248 0.069344 -0.836580
v 0.163694 0.032189 -0.833520
v 0.118119 0.055431 -0.850467
v 0.152718 0.025098 -0.845915
v 0.118857 0.050706 -0.862320
v 0.146959 0.022064 -0.860221
v 0.147584 0.027299 -0.873627
v 0.125037 0.049710 -0.875275
v 0.136535 0.051652 -0.886152
v 0.150168 0.038263 -0.884427
v 0.154975 0.055334 -0.896951
v 0.133491 0.018547 -0.818387
v 0.138091 0.045250 -0.802865
v 0.114172 0.025822 -0.790796
v 0.147649 0.023065 -0.830287
v 0.153615 0.060693 -0.803479
v 0.163694 0.032189 -0.833520
v 0.212130 0.119929 -0.791683
v 0.239157 0.109064 -0.816914
v 0.174186 0.077376 -0.853857
v 0.152718 0.025098 -0.845915
v 0.274098 0.144692 -0.800571
v 0.244118 0.152126 -0.775775
v 0.271455 0.181364 -0.750623
v 0.265911 0.169570 -0.823757
v 0.303671 0.175988 -0.773373
v 0.226521 0.128733 -0.843435
v 0.327658 0.202867 -0.734248
v 0.292763 0.204323 -0.716881
v 0.309289 0.225716 -0.666901
v 0.299866 0.205346 -0.792211
v 0.346807 0.226352 -0.677683
v 0.239537 0.180409 -0.804846
v 0.327273 0.235729 -0.749629
v 0.347977 0.260576 -0.690431
v 0.352564 0.237635 -0.619191
v 0.313790 0.236155 -0.621306
v 0.294487 0.240386 -0.733794
v 0.337014 0.230152 -0.524790
v 0.303961 0.232076 -0.530389
v 0.308152 0.208667 -0.415086
v 0.273989 0.211497 -0.419189
v 0.304999 0.242070 -0.415003
v 0.340949 0.268470 -0.527113
v 0.271804 0.245933 -0.417967
v 0.354408 0.272856 -0.624267
v 0.302032 0.267152 -0.524878
v 0.273989 0.211497 -0.419189
v 0.303961 0.232076 -0.530389
v 0.317850 0.273465 -0.624035
v 0.313790 0.236155 -0.621306
v 0.312090 0.261958 -0.681498
v 0.309289 0.225716 -0.666901
v 0.292763 0.204323 -0.716881
v 0.269394 0.212507 -0.775058
v 0.271455 0.181364 -0.750623
v 0.244118 0.152126 -0.775775
v 0.203937 0.144342 -0.819723
v 0.212130 0.119929 -0.791683
v 0.153615 0.060693 -0.803479
v 0.127248 0.069344 -0.836580
v 0.138091 0.045250 -0.802865
v 0.111756 0.041439 -0.819360
v 0.114172 0.025822 -0.790796
v 0.118381 0.054948 -0.832858
v 0.159843 0.062677 -0.861778
v 0.118119 0.055431 -0.850467
v 0.146959 0.022064 -0.860221
v 0.118857 0.050706 -0.862320
v 0.147584 0.027299 -0.873627
v 0.153022 0.055119 -0.875710
v 0.125037 0.049710 -0.875275
v 0.150168 0.038263 -0.884427
v 0.154975 0.055334 -0.896951
v -0.527373 0.297500 0.075689
v -0.530917 0.287111 0.043470
v -0.538131 0.277046 0.047275
v -0.533890 0.287928 0.078876
v -0.530112 0.292965 0.109694
v -0.524310 0.302034 0.107114
v -0.538131 -0.277045 0.047275
v -0.530917 -0.287110 0.043470
v -0.527373 -0.297499 0.075689
v -0.533890 -0.287928 0.078876
v -0.530112 -0.292965 0.109694
v -0.524310 -0.302034 0.107114
v -0.502815 0.263039 -0.079433
v -0.460225 0.313217 -0.096906
v -0.454736 0.307573 -0.111512
v -0.494338 0.245079 -0.104031
v -0.453568 0.295849 -0.121350
v -0.526956 0.229181 -0.058378
v -0.520197 0.208579 -0.083891
v -0.543945 0.204790 -0.041506
v -0.545307 0.172508 -0.054330
v -0.556141 0.161832 -0.035552
v -0.555505 0.176031 -0.022099
v -0.545408 0.230981 -0.004158
v -0.534521 0.234058 -0.032257
v -0.518596 0.281685 -0.018317
v -0.528309 0.277963 0.011205
v -0.503706 0.325887 0.012077
v -0.497185 0.325385 -0.003146
v -0.510175 0.315775 0.024467
v -0.502815 -0.263039 -0.079433
v -0.454736 -0.307573 -0.111512
v -0.460225 -0.313217 -0.096907
v -0.494338 -0.245079 -0.104031
v -0.453568 -0.295849 -0.121350
v -0.526955 -0.229181 -0.058378
v -0.520197 -0.208578 -0.083891
v -0.543945 -0.204790 -0.041506
v -0.545307 -0.172508 -0.054330
v -0.556140 -0.161831 -0.035553
v -0.555505 -0.176030 -0.022099
v -0.545408 -0.230981 -0.004158
v -0.534521 -0.234057 -0.032257
v -0.518596 -0.281685 -0.018317
v -0.528309 -0.277963 0.011205
v -0.503706 -0.325886 0.012077
v -0.497184 -0.325385 -0.003146
v -0.510175 -0.315775 0.024467
v 0.463095 0.000000 -0.497948
v 0.436233 0.000000 -0.504547
v 0.427685 0.090302 -0.505406
v 0.451087 0.100391 -0.497900
v 0.426821 0.000000 -0.367135
v 0.414568 0.094582 -0.365185
v 0.390163 0.187005 -0.508287
v 0.378003 0.188526 -0.368246
v 0.413098 0.199487 -0.500228
v 0.330195 0.267691 -0.513052
v 0.347425 0.288834 -0.507377
v 0.321226 0.265453 -0.372478
v 0.259928 0.324252 -0.518623
v 0.246879 0.324881 -0.377458
v 0.271840 0.348763 -0.512552
v 0.176933 0.363314 -0.525252
v 0.182425 0.386982 -0.521661
v 0.157583 0.361747 -0.383406
v 0.080531 0.377642 -0.532871
v 0.083628 0.400378 -0.530349
v 0.072122 0.375481 -0.391736
v -0.008552 0.365545 -0.539863
v -0.029916 0.360896 -0.399333
v -0.018356 0.388872 -0.537551
v -0.098083 0.327315 -0.546935
v -0.108823 0.325600 -0.404491
v -0.111207 0.350802 -0.543685
v -0.169277 0.273294 -0.552602
v -0.186703 0.291201 -0.550637
v -0.182421 0.268392 -0.410822
v -0.224003 0.199251 -0.556650
v -0.238484 0.194450 -0.415194
v -0.242723 0.217087 -0.556810
v 0.427685 -0.090302 -0.505407
v 0.436233 0.000000 -0.504547
v 0.463095 0.000000 -0.497948
v 0.451087 -0.100391 -0.497900
v 0.426821 0.000000 -0.367135
v 0.414568 -0.094582 -0.365186
v 0.390163 -0.187005 -0.508288
v 0.378003 -0.188526 -0.368247
v 0.413098 -0.199486 -0.500229
v 0.330195 -0.267690 -0.513053
v 0.347425 -0.288833 -0.507378
v 0.321226 -0.265453 -0.372479
v 0.259928 -0.324251 -0.518625
v 0.246879 -0.324881 -0.377460
v 0.271840 -0.348762 -0.512553
v 0.176933 -0.363314 -0.525254
v 0.182425 -0.386981 -0.521663
v 0.157583 -0.361747 -0.383408
v 0.080531 -0.377642 -0.532873
v 0.083628 -0.400377 -0.530351
v 0.072122 -0.375480 -0.391738
v -0.008552 -0.365544 -0.539864
v -0.029916 -0.360896 -0.399335
v -0.018357 -0.388871 -0.537553
v -0.098083 -0.327314 -0.546937
v -0.108823 -0.325600 -0.404493
v -0.111207 -0.350801 -0.543687
v -0.169277 -0.273293 -0.552604
v -0.186703 -0.291200 -0.550638
v -0.182421 -0.268391 -0.410824
v -0.224003 -0.199250 -0.556651
v -0.238484 -0.194450 -0.415195
v -0.242723 -0.217086 -0.556811
v -0.323182 -0.077937 -0.531996
v -0.332134 0.000001 -0.625202
v -0.337229 0.000001 -0.632706
v -0.328113 -0.083952 -0.533527
v -0.335009 0.000001 -0.671781
v -0.321754 -0.048587 -0.428570
v -0.290491 0.000000 -0.419942
v -0.325212 0.000000 -0.428200
v -0.287486 -0.047297 -0.419505
v -0.326719 -0.093098 -0.568122
v -0.322579 0.000001 -0.678447
v -0.310988 -0.090421 -0.427090
v -0.279001 -0.095176 -0.419316
v -0.332196 -0.058930 -0.432998
v -0.325963 -0.089339 -0.430555
v -0.318617 -0.116583 -0.532401
v -0.257298 -0.202412 -0.422519
v -0.238484 -0.194450 -0.415195
v -0.303619 -0.118136 -0.531478
v -0.312131 -0.091304 -0.571284
v -0.322527 0.000001 -0.709730
v -0.256859 -0.222364 -0.561439
v -0.242723 -0.217086 -0.556811
v -0.244818 -0.217693 -0.562452
v -0.306442 -0.105821 -0.587028
v -0.316375 0.000001 -0.741990
v -0.289495 -0.164982 -0.633042
v -0.280457 -0.158891 -0.638411
v -0.293469 -0.100764 -0.591321
v -0.305812 0.000001 -0.750152
v 0.087443 -0.055318 -0.675336
v 0.087095 -0.053723 -0.670945
v 0.051895 -0.036689 -0.668738
v 0.051190 -0.037779 -0.673105
v 0.035537 0.000013 -0.669558
v 0.089057 -0.042522 -0.690792
v 0.034345 0.000013 -0.673926
v 0.051895 0.036715 -0.668737
v 0.061054 -0.029129 -0.692333
v 0.051190 0.037805 -0.673105
v 0.087095 0.053749 -0.670945
v 0.087443 0.055345 -0.675336
v 0.048230 0.000013 -0.693444
v 0.061054 0.029156 -0.692333
v 0.089057 0.042548 -0.690792
v 0.089704 0.042880 -0.698951
v 0.061551 0.029374 -0.701262
v 0.048605 0.000013 -0.702209
v 0.061551 -0.029348 -0.701263
v 0.089704 -0.042853 -0.698951
v 0.090408 -0.052050 -0.707839
v 0.056310 -0.035547 -0.710542
v 0.091176 -0.045402 -0.717527
v 0.040498 0.000013 -0.711795
v 0.056310 0.035573 -0.710542
v 0.090408 0.052076 -0.707839
v 0.091176 0.045428 -0.717527
v 0.047635 0.000013 -0.720978
v 0.061428 -0.031006 -0.719885
v 0.091214 -0.042011 -0.718009
v 0.061428 0.031032 -0.719885
v 0.063686 -0.028690 -0.720191
v 0.050923 0.000013 -0.721203
v 0.063686 0.028716 -0.720191
v 0.091214 0.042037 -0.718009
v 0.093929 0.026435 -0.752250
v 0.076610 0.018060 -0.753623
v 0.097439 0.014578 -0.796540
v 0.068585 0.000013 -0.754259
v 0.087880 0.009961 -0.797297
v 0.098534 0.000119 -0.810355
v 0.083456 0.000013 -0.797648
v 0.087880 -0.009935 -0.797297
v 0.097439 -0.014551 -0.796540
v 0.076610 -0.018033 -0.753623
v 0.093929 -0.026409 -0.752251
v 0.122281 -0.036689 -0.663159
v 0.087095 -0.053723 -0.670945
v 0.087443 -0.055318 -0.675336
v 0.123665 -0.037779 -0.667361
v 0.138564 0.000013 -0.661392
v 0.089057 -0.042522 -0.690792
v 0.140430 0.000013 -0.665518
v 0.122281 0.036715 -0.663158
v 0.116954 -0.029129 -0.687902
v 0.123665 0.037805 -0.667361
v 0.087095 0.053749 -0.670945
v 0.087443 0.055345 -0.675336
v 0.129793 0.000013 -0.686979
v 0.116954 0.029156 -0.687902
v 0.089057 0.042548 -0.690792
v 0.089704 0.042880 -0.698951
v 0.117869 0.029374 -0.696799
v 0.130803 0.000013 -0.695694
v 0.117869 -0.029348 -0.696799
v 0.089704 -0.042853 -0.698951
v 0.090408 -0.052050 -0.707839
v 0.124507 -0.035547 -0.705137
v 0.091176 -0.045402 -0.717527
v 0.140319 0.000013 -0.703883
v 0.124507 0.035573 -0.705136
v 0.090408 0.052076 -0.707839
v 0.091176 0.045428 -0.717527
v 0.134717 0.000013 -0.714076
v 0.120924 -0.031006 -0.715169
v 0.091214 -0.042011 -0.718009
v 0.120924 0.031032 -0.715169
v 0.118743 -0.028690 -0.715827
v 0.118743 0.028716 -0.715827
v 0.091214 0.042037 -0.718009
v 0.093929 0.026435 -0.752250
v 0.131506 0.000013 -0.714816
v 0.111247 0.018060 -0.750878
v 0.097439 0.014578 -0.796540
v 0.119272 0.000013 -0.750242
v 0.106998 0.009961 -0.795782
v 0.098534 0.000119 -0.810355
v 0.111421 0.000013 -0.795431
v 0.106998 -0.009935 -0.795782
v 0.097439 -0.014551 -0.796540
v 0.111247 -0.018033 -0.750878
v 0.093929 -0.026409 -0.752251
v -0.076546 0.557098 0.298019
v -0.038783 0.540453 0.321999
v -0.039472 0.560098 0.325439
v -0.078646 0.567755 0.306515
v -0.047633 0.584124 0.336129
v -0.117869 0.586556 0.269914
v -0.132526 0.575147 0.251816
v -0.079038 0.590982 0.322819
v -0.052833 0.609648 0.349729
v -0.105546 0.605590 0.301083
v -0.156848 0.601868 0.167575
v -0.167450 0.597794 0.153573
v -0.063336 0.621539 0.072135
v -0.139112 0.626360 0.205075
v -0.063331 0.634236 0.106980
v 0.063608 0.610704 0.096621
v -0.125316 0.644276 0.251597
v 0.045622 0.627902 0.134715
v 0.110194 0.593937 0.147957
v -0.068579 0.661175 0.166142
v 0.090010 0.602917 0.167763
v 0.105001 0.565328 0.247892
v 0.030175 0.655978 0.181618
v 0.081402 0.572909 0.252314
v 0.064894 0.551177 0.289194
v 0.063862 0.634176 0.214549
v 0.054305 0.556829 0.287652
v 0.024309 0.539345 0.315415
v 0.058304 0.595326 0.275293
v 0.012715 0.558250 0.321019
v -0.038783 0.540453 0.321999
v -0.039472 0.560098 0.325439
v 0.041342 0.581605 0.294328
v 0.001070 0.585203 0.332002
v -0.047633 0.584124 0.336129
v 0.034744 0.616274 0.308494
v -0.015523 0.615874 0.351778
v -0.052833 0.609648 0.349729
v 0.008088 0.637899 0.339047
v 0.032245 0.659561 0.269319
v 0.001827 0.674415 0.315026
v 0.001428 0.682260 0.244533
v -0.029849 0.675740 0.357206
v -0.071541 0.680475 0.223301
v -0.026069 0.691501 0.302187
v -0.072605 0.689222 0.286181
v -0.111054 0.657706 0.298480
v -0.094129 0.626199 0.329285
v -0.092728 0.661991 0.345202
v -0.080011 0.618047 0.339673
v -0.060071 0.635434 0.366375
v -0.082072 0.644292 0.356775
v -0.075503 0.651399 0.364630
v -0.060832 0.645393 0.370601
v -0.082969 0.663360 0.357932
v -0.069289 0.657149 0.368294
v -0.061127 0.653595 0.371586
v -0.060767 0.664662 0.369542
v -0.073596 0.664108 0.364735
v -0.067273 0.672483 0.363764
v -0.071201 0.678517 0.355683
v -0.073946 0.684011 0.340109
v -0.045039 0.685214 0.350829
v -0.051302 0.676959 0.362291
v -0.056362 0.670928 0.367620
v -0.041898 0.673450 0.366088
v -0.051096 0.668730 0.369822
v -0.047429 0.661284 0.372671
v -0.037167 0.658709 0.371976
v -0.052524 0.655399 0.373326
v -0.061127 0.653595 0.371586
v -0.025827 0.655053 0.367522
v -0.045959 0.648257 0.373455
v -0.060832 0.645393 0.370601
v -0.037634 0.639578 0.370129
v -0.060071 0.635434 0.366375
v -0.039475 -0.560098 0.325438
v -0.038787 -0.540453 0.321999
v -0.076549 -0.557098 0.298019
v -0.078649 -0.567755 0.306514
v -0.047634 -0.584124 0.336129
v -0.117872 -0.586556 0.269913
v -0.132530 -0.575146 0.251815
v -0.079038 -0.590982 0.322819
v -0.052833 -0.609648 0.349729
v -0.105546 -0.605590 0.301083
v -0.156853 -0.601867 0.167574
v -0.167454 -0.597793 0.153572
v -0.063341 -0.621539 0.072134
v -0.139114 -0.626359 0.205075
v -0.063336 -0.634236 0.106979
v 0.063603 -0.610704 0.096621
v -0.125317 -0.644276 0.251596
v 0.045618 -0.627903 0.134714
v 0.110190 -0.593938 0.147957
v -0.068582 -0.661175 0.166142
v 0.090005 -0.602918 0.167762
v 0.104997 -0.565328 0.247892
v 0.030172 -0.655978 0.181617
v 0.081398 -0.572909 0.252314
v 0.064890 -0.551177 0.289194
v 0.063861 -0.634176 0.214549
v 0.054301 -0.556829 0.287652
v 0.024306 -0.539345 0.315415
v 0.058301 -0.595326 0.275292
v 0.012712 -0.558250 0.321019
v -0.038787 -0.540453 0.321999
v -0.039475 -0.560098 0.325438
v 0.041339 -0.581605 0.294328
v 0.034744 -0.616274 0.308494
v 0.001070 -0.585203 0.332002
v -0.047634 -0.584124 0.336129
v 0.032244 -0.659561 0.269318
v -0.015523 -0.615874 0.351778
v -0.052833 -0.609648 0.349729
v 0.008088 -0.637899 0.339047
v 0.001827 -0.674415 0.315026
v 0.001427 -0.682260 0.244533
v -0.029850 -0.675740 0.357206
v -0.071542 -0.680475 0.223301
v -0.026069 -0.691501 0.302187
v -0.072605 -0.689222 0.286180
v -0.111054 -0.657706 0.298480
v -0.094129 -0.626199 0.329285
v -0.080012 -0.618047 0.339672
v -0.060071 -0.635434 0.366375
v -0.082072 -0.644292 0.356775
v -0.075503 -0.651399 0.364630
v -0.060833 -0.645393 0.370600
v -0.092728 -0.661991 0.345202
v -0.082969 -0.663360 0.357932
v -0.069289 -0.657149 0.368294
v -0.061127 -0.653595 0.371586
v -0.060767 -0.664662 0.369542
v -0.073596 -0.664108 0.364735
v -0.067274 -0.672483 0.363764
v -0.071201 -0.678517 0.355683
v -0.073946 -0.684011 0.340108
v -0.045039 -0.685214 0.350829
v -0.051302 -0.676959 0.362291
v -0.056362 -0.670928 0.367620
v -0.041898 -0.673450 0.366088
v -0.051096 -0.668730 0.369822
v -0.047429 -0.661284 0.372671
v -0.037167 -0.658709 0.371976
v -0.052524 -0.655399 0.373326
v -0.061127 -0.653595 0.371586
v -0.025827 -0.655053 0.367522
v -0.045959 -0.648257 0.373455
v -0.060833 -0.645393 0.370600
v -0.037634 -0.639578 0.370128
v -0.060071 -0.635434 0.366375
v -0.293469 0.100765 -0.591321
v -0.305812 0.000001 -0.750152
v -0.316375 0.000001 -0.741990
v -0.306442 0.105822 -0.587027
v -0.322527 0.000001 -0.709730
v -0.289495 0.164984 -0.633041
v -0.280457 0.158893 -0.638410
v -0.244818 0.217694 -0.562451
v -0.312131 0.091305 -0.571283
v -0.322579 0.000001 -0.678447
v -0.256859 0.222365 -0.561437
v -0.242723 0.217087 -0.556810
v -0.238484 0.194450 -0.415194
v -0.303619 0.118137 -0.531477
v -0.257298 0.202413 -0.422518
v -0.279001 0.095176 -0.419316
v -0.310988 0.090422 -0.427090
v -0.287486 0.047297 -0.419505
v -0.318617 0.116584 -0.532400
v -0.326719 0.093099 -0.568122
v -0.335009 0.000001 -0.671781
v -0.328113 0.083953 -0.533526
v -0.337229 0.000001 -0.632706
v -0.325963 0.089340 -0.430555
v -0.332196 0.058931 -0.432998
v -0.321754 0.048588 -0.428570
v -0.290491 0.000000 -0.419942
v -0.325212 0.000000 -0.428200
v -0.363662 0.000000 -0.527420
v -0.323182 0.077938 -0.531996
v -0.332134 0.000001 -0.625202
v 0.065387 0.298278 -0.398336
v -0.008206 0.285013 -0.403371
v 0.065049 -0.002257 -0.394077
v -0.088200 0.232765 -0.411089
v -0.127805 0.165924 -0.421991
v -0.163286 0.098481 -0.420139
v -0.177861 0.001366 -0.421474
v -0.165887 -0.089374 -0.418937
v -0.131740 -0.152486 -0.422285
v -0.103534 -0.220049 -0.414170
v -0.012965 -0.276063 -0.404414
v 0.065423 -0.294157 -0.398790
v 0.065387 0.298278 -0.398336
v 0.065049 -0.002257 -0.394077
v 0.138854 0.285013 -0.391715
v 0.219064 0.232764 -0.386735
v 0.259893 0.165924 -0.391261
v 0.294638 0.098481 -0.383844
v 0.309242 0.001366 -0.382865
v 0.297018 -0.089374 -0.382246
v 0.263825 -0.152486 -0.390932
v 0.234692 -0.220049 -0.387362
v 0.143717 -0.276063 -0.391996
v 0.065423 -0.294157 -0.398790
v -0.004554 0.339020 -0.284287
v 0.054378 0.339282 -0.282682
v 0.051938 0.380307 -0.251905
v 0.000582 0.383111 -0.259382
v 0.033119 0.422068 -0.261792
v 0.052522 0.429681 -0.259274
v -0.033845 0.371509 -0.265041
v -0.071539 0.324014 -0.287940
v 0.036866 0.435586 -0.270323
v 0.052552 0.441118 -0.259649
v 0.055467 0.455157 -0.296430
v 0.018191 0.422246 -0.259216
v 0.033094 0.444443 -0.289646
v 0.058293 0.460192 -0.332072
v 0.028199 0.434995 -0.252682
v 0.018476 0.435818 -0.271708
v 0.013207 0.429203 -0.261428
v 0.003558 0.440716 -0.292209
v -0.010327 0.423496 -0.276816
v 0.023772 0.452956 -0.319602
v 0.061475 0.449142 -0.372224
v -0.006897 0.447300 -0.320878
v -0.001334 0.431365 -0.380349
v 0.063518 0.418778 -0.398005
v -0.031300 0.428166 -0.296620
v 0.042371 0.418365 -0.400764
v -0.040699 0.415585 -0.277644
v 0.048830 0.401482 -0.412826
v 0.064427 0.394628 -0.409464
v -0.034118 0.406836 -0.269521
v 0.057285 0.385617 -0.422115
v 0.064221 0.376205 -0.406869
v -0.040433 0.397968 -0.264810
v 0.044179 0.369759 -0.404047
v 0.060416 0.327980 -0.358865
v -0.044138 0.414473 -0.266352
v -0.070898 0.381130 -0.264274
v -0.081922 0.393932 -0.271930
v -0.048077 0.418337 -0.287505
v -0.075143 0.414732 -0.286037
v -0.112142 0.386480 -0.277677
v -0.098713 0.412821 -0.303170
v -0.073446 0.428669 -0.324360
v -0.130777 0.395804 -0.305565
v -0.065548 0.423448 -0.384630
v -0.140569 0.398721 -0.328986
v -0.134880 0.388518 -0.279005
v -0.147798 0.382696 -0.299827
v -0.106046 0.371423 -0.268389
v -0.124667 0.382993 -0.261366
v -0.123991 0.361171 -0.266732
v -0.142494 0.289242 -0.287752
v -0.151113 0.363554 -0.276342
v -0.144674 0.349253 -0.271801
v -0.174262 0.356026 -0.278961
v -0.165099 0.338489 -0.270831
v -0.191881 0.316696 -0.276292
v -0.185217 0.339719 -0.272355
v -0.209966 0.299448 -0.277874
v -0.190152 0.250624 -0.288034
v -0.198285 0.333644 -0.276328
v -0.195992 0.349727 -0.271762
v -0.169981 0.368262 -0.297607
v -0.181699 0.374527 -0.328921
v -0.188462 0.358187 -0.299071
v -0.207183 0.345681 -0.280948
v -0.204163 0.348976 -0.300753
v -0.213282 0.339815 -0.271527
v -0.202147 0.325477 -0.278302
v -0.219968 0.341220 -0.287576
v -0.216119 0.313889 -0.283615
v -0.222351 0.330875 -0.284495
v -0.217250 0.321924 -0.286059
v -0.236503 0.294646 -0.281270
v -0.236375 0.320531 -0.301436
v -0.224074 0.338474 -0.310223
v -0.222343 0.319966 -0.280294
v -0.206961 0.354444 -0.329024
v -0.245607 0.316507 -0.311203
v -0.157274 0.380047 -0.395768
v -0.239029 0.300322 -0.281464
v -0.245063 0.308395 -0.293724
v -0.261616 0.275218 -0.289121
v -0.230901 0.201533 -0.293083
v -0.267009 0.301932 -0.332514
v -0.268469 0.289261 -0.308476
v -0.231812 0.334409 -0.331109
v -0.312190 0.248074 -0.337984
v -0.199395 0.348893 -0.395939
v -0.255865 0.300972 -0.397843
v -0.148319 0.361944 -0.422054
v -0.301848 0.244078 -0.314830
v -0.297306 0.248076 -0.299151
v -0.336017 0.199978 -0.326220
v -0.294823 0.241575 -0.289692
v -0.308285 0.244399 -0.288530
v -0.285860 0.220212 -0.280626
v -0.301287 0.235779 -0.286930
v -0.299893 0.176919 -0.280664
v -0.271131 0.100891 -0.296470
v -0.320071 0.197511 -0.299250
v -0.321441 0.221542 -0.308999
v -0.344693 0.157576 -0.313868
v -0.328058 0.096056 -0.284272
v -0.289384 0.013548 -0.299220
v -0.338800 0.136945 -0.298012
v -0.345045 0.016254 -0.286763
v -0.289945 -0.066235 -0.295056
v -0.362106 0.108651 -0.300272
v -0.355132 -0.029438 -0.287227
v -0.357521 0.124537 -0.307976
v -0.353331 0.047803 -0.293056
v -0.360284 0.123182 -0.323261
v -0.361445 0.080889 -0.304205
v -0.368615 0.013770 -0.312978
v -0.367766 0.052136 -0.302141
v -0.369860 0.105122 -0.305663
v -0.370365 0.080473 -0.311081
v -0.369724 0.129359 -0.308633
v -0.372940 0.105587 -0.319979
v -0.367455 0.116546 -0.324446
v -0.374714 0.100781 -0.345591
v -0.375799 0.082313 -0.330048
v -0.357306 0.169026 -0.344047
v -0.384262 0.054146 -0.352046
v -0.369475 0.091873 -0.402061
v -0.302226 0.248370 -0.396914
v -0.380986 0.038953 -0.331758
v -0.389967 -0.005739 -0.357165
v -0.380295 -0.011434 -0.332631
v -0.377415 -0.013132 -0.405196
v -0.373162 -0.022046 -0.295483
v -0.380843 -0.038751 -0.304801
v -0.375010 -0.055087 -0.288904
v -0.372048 -0.051791 -0.311501
v -0.361384 -0.056323 -0.294947
v -0.378473 -0.042263 -0.337009
v -0.352196 -0.090877 -0.288796
v -0.278209 -0.113068 -0.293323
v -0.379801 -0.074191 -0.361165
v -0.367593 -0.092596 -0.308257
v -0.363720 -0.087132 -0.301031
v -0.362286 -0.103435 -0.401538
v -0.371008 -0.114034 -0.335339
v -0.364319 -0.096856 -0.289883
v -0.372487 -0.125832 -0.361772
v -0.366822 -0.145405 -0.319396
v -0.351013 -0.185861 -0.346786
v -0.345197 -0.116810 -0.287747
v -0.351349 -0.157357 -0.308089
v -0.355581 -0.121369 -0.290287
v -0.330980 -0.148810 -0.290602
v -0.255514 -0.164261 -0.291305
v -0.342569 -0.143920 -0.296694
v -0.311430 -0.193574 -0.293259
v -0.340283 -0.156738 -0.288055
v -0.219781 -0.217817 -0.291479
v -0.336427 -0.192224 -0.316482
v -0.350477 -0.181011 -0.330085
v -0.325935 -0.195688 -0.300760
v -0.323084 -0.234008 -0.346915
v -0.309297 -0.231406 -0.316543
v -0.299348 -0.227285 -0.299278
v -0.284570 -0.242615 -0.283025
v -0.299657 -0.246832 -0.298433
v -0.295877 -0.260783 -0.312476
v -0.291020 -0.265931 -0.284309
v -0.262549 -0.268264 -0.280913
v -0.278014 -0.269304 -0.300197
v -0.295056 -0.272967 -0.342463
v -0.217092 -0.302809 -0.279816
v -0.161456 -0.276887 -0.287160
v -0.256228 -0.311038 -0.275228
v -0.179221 -0.331436 -0.272936
v -0.104763 -0.323478 -0.276257
v -0.230215 -0.316172 -0.274026
v -0.251997 -0.305907 -0.270334
v -0.243624 -0.330517 -0.266719
v -0.258166 -0.295781 -0.307470
v -0.246639 -0.313813 -0.286837
v -0.237854 -0.326771 -0.283077
v -0.225923 -0.320559 -0.291869
v -0.263847 -0.299858 -0.333473
v -0.182710 -0.345774 -0.278844
v -0.204062 -0.360097 -0.331918
v -0.260324 -0.300047 -0.393514
v -0.142727 -0.362628 -0.270255
v -0.174823 -0.368200 -0.298625
v -0.152785 -0.372264 -0.267092
v -0.130617 -0.371559 -0.270169
v -0.136054 -0.390923 -0.261206
v -0.151859 -0.382687 -0.278576
v -0.135582 -0.385365 -0.276101
v -0.095977 -0.387882 -0.266946
v -0.038705 -0.352125 -0.267748
v -0.126076 -0.395465 -0.294522
v -0.114170 -0.395242 -0.270220
v -0.083346 -0.422775 -0.262218
v -0.101476 -0.407640 -0.276733
v -0.132303 -0.402317 -0.321298
v -0.088335 -0.408639 -0.278461
v -0.084144 -0.394953 -0.269850
v -0.059878 -0.399997 -0.261953
v -0.039523 -0.399568 -0.266001
v 0.010668 -0.360622 -0.263021
v -0.065426 -0.417259 -0.265095
v 0.014150 -0.403240 -0.254953
v 0.052191 -0.368597 -0.255095
v -0.057146 -0.427365 -0.248637
v 0.033497 -0.417146 -0.253468
v 0.051789 -0.410698 -0.250025
v 0.051324 -0.443655 -0.244156
v 0.016754 -0.435745 -0.245748
v 0.029618 -0.433135 -0.260161
v 0.052834 -0.441325 -0.263208
v 0.055452 -0.447904 -0.296242
v -0.011788 -0.419528 -0.262676
v -0.003810 -0.433980 -0.274018
v 0.015609 -0.439568 -0.299521
v 0.060495 -0.448355 -0.359865
v -0.051085 -0.429334 -0.313000
v -0.039753 -0.417388 -0.275476
v 0.016859 -0.441574 -0.361317
v 0.062338 -0.434803 -0.383114
v -0.047866 -0.427366 -0.261424
v -0.057245 -0.428389 -0.264800
v -0.061639 -0.420781 -0.286438
v -0.055768 -0.427707 -0.370892
v 0.034981 -0.420817 -0.406562
v 0.064356 -0.406876 -0.408577
v -0.016076 -0.417435 -0.402814
v -0.132580 -0.395341 -0.380443
v 0.057138 -0.412227 -0.416153
v -0.198812 -0.356633 -0.386347
v 0.056182 -0.390276 -0.410866
v 0.064117 -0.380342 -0.405561
v 0.054759 -0.412997 -0.440469
v 0.047428 -0.375551 -0.405849
v 0.062620 -0.345894 -0.386678
v 0.019676 -0.340985 -0.387846
v 0.047282 -0.391118 -0.422210
v 0.017710 -0.372348 -0.408809
v -0.035862 -0.327559 -0.390587
v 0.030860 -0.410551 -0.424058
v -0.015567 -0.400629 -0.420576
v -0.050844 -0.365720 -0.415437
v -0.076082 -0.309829 -0.390827
v -0.041116 -0.391197 -0.417357
v -0.065011 -0.400826 -0.403849
v -0.049589 -0.377440 -0.427512
v -0.047600 -0.390092 -0.431383
v -0.054545 -0.386947 -0.441726
v -0.058061 -0.392653 -0.424138
v -0.066077 -0.384556 -0.430806
v -0.087809 -0.391790 -0.409938
v -0.097453 -0.374059 -0.418386
v -0.086132 -0.343503 -0.416007
v -0.125585 -0.358199 -0.425392
v -0.130331 -0.375004 -0.410517
v -0.175270 -0.347990 -0.414115
v -0.147237 -0.354481 -0.428767
v -0.120567 -0.351624 -0.438800
v -0.155470 -0.334853 -0.432048
v -0.180806 -0.328428 -0.426528
v -0.123495 -0.346112 -0.423404
v -0.136636 -0.334048 -0.424246
v -0.131146 -0.326669 -0.422569
v -0.122907 -0.312265 -0.417311
v -0.131878 -0.275353 -0.392388
v -0.137117 -0.286537 -0.409653
v -0.181572 -0.231490 -0.396870
v -0.122920 -0.315849 -0.436001
v -0.120895 -0.304624 -0.438391
v -0.160587 -0.273215 -0.417726
v -0.134049 -0.326125 -0.433881
v -0.124045 -0.328837 -0.446096
v -0.143992 -0.329121 -0.438590
v -0.127546 -0.303598 -0.443242
v -0.150505 -0.312572 -0.442418
v -0.165373 -0.283254 -0.431303
v -0.180958 -0.305704 -0.434662
v -0.185576 -0.271996 -0.424230
v -0.202700 -0.242253 -0.419881
v -0.226046 -0.177669 -0.405776
v -0.226985 -0.291965 -0.423206
v -0.217879 -0.267850 -0.428756
v -0.247252 -0.186795 -0.426028
v -0.260241 -0.132661 -0.420506
v -0.241832 -0.231550 -0.433895
v -0.235101 -0.265438 -0.429196
v -0.214243 -0.325450 -0.410916
v -0.244811 -0.267915 -0.436677
v -0.251847 -0.289623 -0.412769
v -0.247287 -0.251002 -0.430462
v -0.258196 -0.250931 -0.444122
v -0.256968 -0.267671 -0.429202
v -0.265871 -0.247428 -0.431131
v -0.282455 -0.255014 -0.416226
v -0.271664 -0.211286 -0.448152
v -0.291958 -0.264656 -0.395188
v -0.258406 -0.201881 -0.442573
v -0.311529 -0.233360 -0.396108
v -0.286392 -0.218094 -0.443937
v -0.279887 -0.169125 -0.454102
v -0.263593 -0.178153 -0.441584
v -0.279247 -0.167624 -0.447194
v -0.288884 -0.177425 -0.447569
v -0.296617 -0.207629 -0.434435
v -0.298666 -0.172665 -0.440727
v -0.275431 -0.168540 -0.433450
v -0.278590 -0.142317 -0.436559
v -0.305672 -0.201242 -0.422465
v -0.304751 -0.147371 -0.447449
v -0.291858 -0.104287 -0.442420
v -0.274150 -0.099970 -0.423276
v -0.343148 -0.184244 -0.397705
v -0.332743 -0.149706 -0.433338
v -0.336408 -0.116964 -0.421511
v -0.316959 -0.092454 -0.445788
v -0.302781 -0.096425 -0.448117
v -0.326212 -0.092272 -0.433504
v -0.302252 -0.088398 -0.436284
v -0.344064 -0.052859 -0.432045
v -0.325302 -0.009949 -0.437705
v -0.295117 -0.009732 -0.428382
v -0.327425 0.016135 -0.440482
v -0.287996 0.061428 -0.426682
v -0.339488 -0.014972 -0.440527
v -0.364576 -0.030253 -0.422894
v -0.353932 -0.007204 -0.434322
v -0.338564 0.018393 -0.448822
v -0.359018 0.008887 -0.427019
v -0.345880 0.017146 -0.441322
v -0.341083 0.024356 -0.438682
v -0.337072 0.041434 -0.441442
v -0.345007 0.047258 -0.436001
v -0.326236 0.064412 -0.436823
v -0.337684 0.076480 -0.451559
v -0.349700 0.052412 -0.425558
v -0.337979 0.074124 -0.433785
v -0.316220 0.091355 -0.436142
v -0.333477 0.093682 -0.435498
v -0.304290 0.118663 -0.438297
v -0.274405 0.104043 -0.423770
v -0.236435 0.170894 -0.412790
v -0.342096 0.104075 -0.428644
v -0.326444 0.122523 -0.449223
v -0.345618 0.168100 -0.400482
v -0.329108 0.128667 -0.432679
v -0.305149 0.146385 -0.438760
v -0.291164 0.175473 -0.443925
v -0.259025 0.192683 -0.432831
v -0.202168 0.212185 -0.403564
v -0.302614 0.202311 -0.422998
v -0.277549 0.201501 -0.456064
v -0.259296 0.203619 -0.451208
v -0.281097 0.205155 -0.443514
v -0.267075 0.213554 -0.460853
v -0.269452 0.215048 -0.440587
v -0.266547 0.228621 -0.431700
v -0.249833 0.242236 -0.433460
v -0.230658 0.230747 -0.431350
v -0.254336 0.265222 -0.427403
v -0.227836 0.253001 -0.444122
v -0.209814 0.235193 -0.420781
v -0.207926 0.248685 -0.442344
v -0.229354 0.264676 -0.442596
v -0.198370 0.257107 -0.424346
v -0.210217 0.261532 -0.460881
v -0.203842 0.258083 -0.448854
v -0.213662 0.268084 -0.448826
v -0.216887 0.280866 -0.429569
v -0.179087 0.261757 -0.419401
v -0.144626 0.267322 -0.395936
v -0.191476 0.257975 -0.441337
v -0.209807 0.306841 -0.428662
v -0.198319 0.264979 -0.441639
v -0.182100 0.259285 -0.441365
v -0.188429 0.259386 -0.458861
v -0.197846 0.279723 -0.443931
v -0.182759 0.280798 -0.441815
v -0.171074 0.307040 -0.427628
v -0.163310 0.282097 -0.418918
v -0.163716 0.325634 -0.424241
v -0.135212 0.316562 -0.412117
v -0.154058 0.341665 -0.428850
v -0.138828 0.337331 -0.422831
v -0.147911 0.344857 -0.437788
v -0.136378 0.356158 -0.429689
v -0.124558 0.365419 -0.419665
v -0.120158 0.351816 -0.421048
v -0.100266 0.346645 -0.419349
v -0.076681 0.304151 -0.383642
v -0.116616 0.357359 -0.425523
v -0.084689 0.359740 -0.418442
v -0.112619 0.359949 -0.436639
v -0.116261 0.360368 -0.425997
v -0.101667 0.375501 -0.423848
v -0.118608 0.399123 -0.394087
v -0.082649 0.390763 -0.412598
v -0.086455 0.375954 -0.425150
v -0.073941 0.384250 -0.421061
v -0.065458 0.369370 -0.416847
v 0.001838 0.326203 -0.371589
v -0.057284 0.397485 -0.410998
v -0.056420 0.386169 -0.429193
v -0.048483 0.368011 -0.414923
v -0.027208 0.395520 -0.415246
v -0.051608 0.393632 -0.423180
v -0.043835 0.389935 -0.434060
v -0.037851 0.393003 -0.422091
v -0.045160 0.379755 -0.422080
v -0.025139 0.373502 -0.413132
v -0.005813 0.403989 -0.409481
v -0.005040 0.361451 -0.407540
v 0.023756 0.403131 -0.411140
v -0.003153 0.370833 -0.418191
v 0.016663 0.368289 -0.406940
v -0.007915 0.385331 -0.421020
v 0.032441 0.381460 -0.410088
v 0.003049 0.391273 -0.421143
v 0.019723 0.375237 -0.425602
v 0.017192 0.391991 -0.416073
v 0.016875 0.371545 -0.415188
v 0.024492 0.383135 -0.410295
v 0.033973 0.393745 -0.413929
v 0.051938 0.380307 -0.251905
v 0.054378 0.339282 -0.282682
v 0.112827 0.339020 -0.274984
v 0.103831 0.383111 -0.251199
v 0.138720 0.371509 -0.251364
v 0.179551 0.324014 -0.268038
v 0.072081 0.422068 -0.258704
v 0.052522 0.429681 -0.259274
v 0.069724 0.435586 -0.267719
v 0.052552 0.441118 -0.259649
v 0.055467 0.455157 -0.296430
v 0.086416 0.422246 -0.253808
v 0.076493 0.444443 -0.286206
v 0.058293 0.460192 -0.332072
v 0.075504 0.434995 -0.248933
v 0.088103 0.435818 -0.266190
v 0.091686 0.429203 -0.255207
v 0.106064 0.440716 -0.284084
v 0.117350 0.423496 -0.266696
v 0.090417 0.452956 -0.314320
v 0.061475 0.449142 -0.372224
v 0.120905 0.447300 -0.310748
v 0.124780 0.431365 -0.370353
v 0.063518 0.418778 -0.398005
v 0.139696 0.406836 -0.255744
v 0.141181 0.428166 -0.282949
v 0.147474 0.415585 -0.262729
v 0.145190 0.397967 -0.250098
v 0.149091 0.414473 -0.251036
v 0.156313 0.418337 -0.271305
v 0.175190 0.381130 -0.244769
v 0.187282 0.393932 -0.250593
v 0.182810 0.414732 -0.265592
v 0.218030 0.386480 -0.251507
v 0.210547 0.371423 -0.243296
v 0.228007 0.361171 -0.238832
v 0.249590 0.289242 -0.256675
v 0.227829 0.382992 -0.233427
v 0.249230 0.349253 -0.240580
v 0.208785 0.412821 -0.278797
v 0.240693 0.388518 -0.249236
v 0.187171 0.428669 -0.303703
v 0.240826 0.395804 -0.276112
v 0.188866 0.423448 -0.364465
v 0.254185 0.398721 -0.297697
v 0.256730 0.382696 -0.267763
v 0.256304 0.363554 -0.244049
v 0.279577 0.356026 -0.242989
v 0.294791 0.374526 -0.291153
v 0.269247 0.338489 -0.236404
v 0.278286 0.368262 -0.262076
v 0.289354 0.339719 -0.234740
v 0.299902 0.349727 -0.232457
v 0.296767 0.358187 -0.260611
v 0.302885 0.333644 -0.236604
v 0.312400 0.345681 -0.239765
v 0.312537 0.348975 -0.259798
v 0.316938 0.339814 -0.229500
v 0.296555 0.316696 -0.237578
v 0.307010 0.325477 -0.237945
v 0.314663 0.299448 -0.236292
v 0.296697 0.250624 -0.249446
v 0.321645 0.313889 -0.240991
v 0.341404 0.294646 -0.235465
v 0.367441 0.275218 -0.239261
v 0.337733 0.201533 -0.248012
v 0.343929 0.300322 -0.235258
v 0.323146 0.321924 -0.243227
v 0.327267 0.319966 -0.236731
v 0.327937 0.330874 -0.240878
v 0.344455 0.320531 -0.255398
v 0.326069 0.341220 -0.244297
v 0.333692 0.338474 -0.266013
v 0.355110 0.316507 -0.263589
v 0.351819 0.308395 -0.246415
v 0.379602 0.301932 -0.281263
v 0.377256 0.289261 -0.257295
v 0.319754 0.354444 -0.287276
v 0.344623 0.334409 -0.285419
v 0.281202 0.380047 -0.361014
v 0.322823 0.348893 -0.354547
v 0.378889 0.300971 -0.347532
v 0.242754 0.399123 -0.365445
v 0.276499 0.361944 -0.388382
v 0.252658 0.365418 -0.389766
v 0.210159 0.390763 -0.389390
v 0.230712 0.375501 -0.397503
v 0.202894 0.384250 -0.399118
v 0.184859 0.397484 -0.391805
v 0.245463 0.360368 -0.397326
v 0.215895 0.375954 -0.401186
v 0.243543 0.359949 -0.408409
v 0.245739 0.357359 -0.396802
v 0.248531 0.351816 -0.391825
v 0.213095 0.359740 -0.394839
v 0.228620 0.346645 -0.393281
v 0.193852 0.369369 -0.396294
v 0.199705 0.304151 -0.361736
v 0.268737 0.267321 -0.363172
v 0.120267 0.326203 -0.362202
v 0.261991 0.316561 -0.380634
v 0.186873 0.386169 -0.409909
v 0.176786 0.368011 -0.397068
v 0.181174 0.393632 -0.404730
v 0.153452 0.373502 -0.398977
v 0.174632 0.379754 -0.404659
v 0.175211 0.389935 -0.416698
v 0.167417 0.393003 -0.405821
v 0.155828 0.395520 -0.400738
v 0.132723 0.361451 -0.396621
v 0.133792 0.403989 -0.398415
v 0.132538 0.370833 -0.407436
v 0.137686 0.385331 -0.409479
v 0.111196 0.368289 -0.399447
v 0.060416 0.327980 -0.358865
v 0.111114 0.375237 -0.418358
v 0.083568 0.369759 -0.400925
v 0.064221 0.376205 -0.406869
v 0.112286 0.371545 -0.407626
v 0.073473 0.385617 -0.420832
v 0.064427 0.394628 -0.409464
v 0.096111 0.381460 -0.405041
v 0.103994 0.383135 -0.403994
v 0.095204 0.393745 -0.409076
v 0.080358 0.401482 -0.410327
v 0.084836 0.418365 -0.397398
v 0.112113 0.391991 -0.408549
v 0.104853 0.403131 -0.404712
v 0.126877 0.391273 -0.411328
v 0.072777 -0.336162 -0.491577
v 0.065423 -0.294157 -0.398790
v -0.012965 -0.276063 -0.404414
v -0.022817 -0.330535 -0.494250
v -0.020556 -0.340000 -0.591755
v 0.080178 -0.349093 -0.584949
v -0.138806 -0.268451 -0.509188
v -0.103534 -0.220049 -0.414170
v -0.131740 -0.152486 -0.422285
v -0.015724 -0.330016 -0.630735
v 0.082832 -0.340010 -0.618434
v 0.085563 -0.311126 -0.652887
v -0.140388 -0.274781 -0.604487
v -0.181431 -0.191228 -0.515729
v -0.165887 -0.089374 -0.418937
v -0.191988 -0.198117 -0.604668
v -0.134900 -0.265991 -0.642825
v -0.005144 -0.300780 -0.670105
v 0.088182 -0.253991 -0.685938
v -0.227311 -0.122192 -0.521128
v -0.177861 0.001366 -0.421474
v 0.011790 -0.242982 -0.712612
v -0.246185 0.002068 -0.511834
v 0.029731 -0.156984 -0.715477
v 0.088606 -0.161058 -0.691286
v 0.085053 0.001736 -0.655810
v -0.083429 -0.195938 -0.715124
v -0.116849 -0.241628 -0.680849
v -0.041963 -0.077728 -0.686098
v -0.186237 -0.189935 -0.641957
v -0.164989 -0.170533 -0.678957
v -0.129114 -0.137098 -0.699500
v -0.237538 -0.126529 -0.606087
v -0.228414 -0.119427 -0.642145
v -0.201309 -0.105153 -0.677876
v -0.257867 0.004286 -0.597288
v -0.250889 0.005282 -0.634529
v -0.226871 0.124821 -0.517236
v -0.163286 0.098481 -0.420139
v -0.127805 0.165924 -0.421991
v -0.236732 0.135854 -0.607946
v -0.177689 0.201298 -0.513082
v -0.187592 0.211751 -0.603761
v -0.126434 0.278277 -0.517014
v -0.088200 0.232765 -0.411089
v -0.008206 0.285013 -0.403371
v -0.018249 0.329439 -0.504037
v 0.065387 0.298278 -0.398336
v 0.072721 0.333813 -0.490871
v -0.016984 0.342389 -0.595784
v 0.080475 0.345535 -0.588696
v 0.083161 0.335884 -0.622589
v -0.128810 0.280104 -0.603996
v -0.011179 0.330558 -0.637622
v 0.085906 0.307051 -0.657221
v -0.123262 0.271142 -0.646057
v 0.000137 0.299799 -0.679522
v 0.088368 0.241029 -0.688282
v -0.180117 0.203752 -0.644558
v -0.105814 0.246706 -0.687705
v 0.012316 0.246104 -0.710459
v 0.088546 0.151682 -0.690525
v -0.072763 0.209895 -0.713789
v 0.028930 0.147881 -0.713933
v -0.157455 0.184145 -0.684997
v -0.038323 0.083522 -0.692723
v -0.123918 0.148573 -0.704054
v -0.067792 0.001201 -0.698847
v -0.154418 0.096479 -0.706208
v -0.163767 -0.082870 -0.699529
v -0.188979 0.004516 -0.692133
v -0.224697 0.006198 -0.671903
v -0.189244 0.119613 -0.684687
v -0.221856 0.131434 -0.646578
v 0.143717 -0.276063 -0.391996
v 0.065423 -0.294157 -0.398790
v 0.072777 -0.336162 -0.491577
v 0.167598 -0.330535 -0.479157
v 0.180726 -0.340000 -0.575801
v 0.080178 -0.349093 -0.584949
v 0.082832 -0.340010 -0.618434
v 0.284492 -0.268451 -0.475637
v 0.234692 -0.220049 -0.387362
v 0.263825 -0.152486 -0.390932
v 0.182095 -0.330016 -0.615056
v 0.085563 -0.311126 -0.652887
v 0.301068 -0.274781 -0.569496
v 0.327616 -0.191228 -0.475381
v 0.297018 -0.089374 -0.382246
v 0.352052 -0.198117 -0.561547
v 0.373773 -0.122192 -0.473486
v 0.309242 0.001366 -0.382865
v 0.301687 -0.265991 -0.608221
v 0.390948 0.002068 -0.461333
v 0.177849 -0.300780 -0.655601
v 0.088182 -0.253991 -0.685938
v 0.372725 0.124821 -0.469711
v 0.294638 0.098481 -0.383844
v 0.259893 0.165924 -0.391261
v 0.415945 0.004286 -0.543881
v 0.397257 -0.126530 -0.555772
v 0.352247 -0.189935 -0.599276
v 0.393927 -0.119428 -0.592817
v 0.289851 -0.241628 -0.648614
v 0.337093 -0.170533 -0.639161
v 0.262248 -0.195938 -0.687725
v 0.167823 -0.242982 -0.700244
v 0.150558 -0.156984 -0.705900
v 0.088606 -0.161058 -0.691286
v 0.085053 0.001736 -0.655810
v 0.216728 -0.077728 -0.665593
v 0.304901 -0.137098 -0.665099
v 0.372789 -0.105153 -0.632372
v 0.339127 -0.082871 -0.659669
v 0.244242 0.001201 -0.674115
v 0.362859 0.004516 -0.648394
v 0.414921 0.005282 -0.581756
v 0.394944 0.006198 -0.622790
v 0.330947 0.096479 -0.667738
v 0.396753 0.135854 -0.557735
v 0.388149 0.131433 -0.598228
v 0.361948 0.119613 -0.640999
v 0.330605 0.184145 -0.646312
v 0.346613 0.203751 -0.602808
v 0.347568 0.211750 -0.561343
v 0.323504 0.201298 -0.473356
v 0.273508 0.278276 -0.485314
v 0.219064 0.232764 -0.386735
v 0.138854 0.285013 -0.391715
v 0.290704 0.271142 -0.613246
v 0.164630 0.329439 -0.489542
v 0.065387 0.298278 -0.398336
v 0.072721 0.333813 -0.490871
v 0.289557 0.280104 -0.570836
v 0.177833 0.342389 -0.580342
v 0.080475 0.345535 -0.588696
v 0.178692 0.330558 -0.622573
v 0.083161 0.335884 -0.622589
v 0.085906 0.307051 -0.657221
v 0.174118 0.299799 -0.665732
v 0.088368 0.241029 -0.688282
v 0.280034 0.246706 -0.657122
v 0.166964 0.246104 -0.698201
v 0.088546 0.151682 -0.690525
v 0.251506 0.209895 -0.688087
v 0.151105 0.147881 -0.704249
v 0.300488 0.148573 -0.670415
v 0.214177 0.083522 -0.672710
v 0.127832 0.066353 -1.167231
v 0.128671 0.054564 -1.177814
v 0.118275 0.047959 -1.170095
v 0.126849 0.046701 -1.154826
v 0.129268 0.037572 -1.185356
v 0.106212 0.026226 -1.167246
v 0.115743 0.019600 -1.177325
v 0.132515 0.020124 -1.226313
v 0.092870 0.000002 -1.129922
v 0.125278 0.037291 -1.135007
v 0.088903 0.000002 -1.159317
v 0.104503 0.000002 -1.187924
v 0.135404 0.000002 -1.262772
v 0.132515 -0.020120 -1.226313
v 0.115743 -0.019596 -1.177325
v 0.129268 -0.037568 -1.185356
v 0.106212 -0.026221 -1.167246
v 0.118275 -0.047954 -1.170095
v 0.128671 -0.054560 -1.177814
v 0.127832 -0.066348 -1.167232
v 0.126849 -0.046696 -1.154826
v 0.125278 -0.037287 -1.135008
v 0.123653 -0.034138 -1.114509
v 0.123653 0.034142 -1.114509
v 0.094275 0.000002 -1.073421
v 0.101149 -0.037757 -1.092920
v 0.099287 -0.066543 -1.101299
v 0.124351 -0.076805 -1.123320
v 0.123625 -0.122065 -1.114155
v 0.120294 -0.036688 -1.072134
v 0.121090 -0.057865 -1.082179
v 0.098467 -0.017913 -1.076851
v 0.118718 -0.029129 -1.052242
v 0.094345 -0.088342 -1.098870
v 0.120669 -0.074712 -1.076860
v 0.098613 -0.093601 -1.075586
v 0.119955 -0.132069 -1.067852
v 0.117828 -0.097878 -1.041019
v 0.102214 -0.077175 -1.046474
v 0.118195 -0.053113 -1.045646
v 0.115179 -0.105663 -1.007599
v 0.101860 -0.082487 -1.028582
v 0.116145 -0.069396 -1.019791
v 0.095048 0.000002 -1.055792
v 0.116868 -0.035864 -1.028903
v 0.098467 0.017917 -1.076851
v 0.089566 0.000002 -1.031942
v 0.115080 -0.055530 -1.006348
v 0.118718 0.029133 -1.052242
v 0.116868 0.035867 -1.028902
v 0.120294 0.036692 -1.072134
v 0.115080 0.055534 -1.006348
v 0.101149 0.037761 -1.092920
v 0.081189 0.000002 -1.014267
v 0.114279 0.072864 -0.996241
v 0.114279 -0.072860 -0.996241
v 0.069889 0.000002 -1.004523
v 0.113525 0.064241 -0.986733
v 0.113525 -0.064238 -0.986734
v 0.074039 0.000002 -0.994460
v 0.099287 0.066547 -1.101299
v 0.124351 0.076810 -1.123320
v 0.121090 0.057869 -1.082179
v 0.123625 0.122069 -1.114155
v 0.094345 0.088346 -1.098869
v 0.120669 0.074715 -1.076860
v 0.098613 0.093605 -1.075585
v 0.119955 0.132073 -1.067852
v 0.117828 0.097881 -1.041018
v 0.102214 0.077179 -1.046474
v 0.118195 0.053117 -1.045646
v 0.115179 0.105667 -1.007598
v 0.101860 0.082491 -1.028581
v 0.116145 0.069400 -1.019791
v 0.127832 0.066353 -1.167231
v 0.137720 0.047959 -1.168554
v 0.128671 0.054564 -1.177814
v 0.126849 0.046701 -1.154826
v 0.129268 0.037572 -1.185356
v 0.149184 0.026226 -1.163840
v 0.141359 0.019600 -1.175294
v 0.132515 0.020124 -1.226313
v 0.156479 0.000002 -1.124880
v 0.125278 0.037291 -1.135007
v 0.165028 0.000002 -1.153284
v 0.154129 0.000002 -1.183991
v 0.135404 0.000002 -1.262772
v 0.132515 -0.020120 -1.226313
v 0.141359 -0.019596 -1.175294
v 0.129268 -0.037568 -1.185356
v 0.149184 -0.026221 -1.163840
v 0.137720 -0.047954 -1.168554
v 0.128671 -0.054560 -1.177814
v 0.127832 -0.066348 -1.167232
v 0.126849 -0.046696 -1.154826
v 0.125278 -0.037287 -1.135008
v 0.123653 -0.034138 -1.114509
v 0.123653 0.034142 -1.114509
v 0.146191 0.000002 -1.069306
v 0.142475 -0.037757 -1.089645
v 0.142475 0.037761 -1.089645
v 0.145634 -0.066543 -1.097626
v 0.124351 -0.076805 -1.123320
v 0.123625 -0.122065 -1.114155
v 0.142592 -0.017913 -1.073353
v 0.120294 -0.036688 -1.072134
v 0.121090 -0.057865 -1.082179
v 0.118718 -0.029129 -1.052242
v 0.150131 -0.088342 -1.094448
v 0.120669 -0.074712 -1.076860
v 0.142248 -0.093601 -1.072127
v 0.119955 -0.132069 -1.067852
v 0.117828 -0.097878 -1.041019
v 0.134107 -0.077175 -1.043946
v 0.118195 -0.053113 -1.045646
v 0.115179 -0.105663 -1.007599
v 0.131638 -0.082487 -1.026222
v 0.116145 -0.069396 -1.019791
v 0.142651 0.000002 -1.052019
v 0.116868 -0.035864 -1.028903
v 0.142592 0.017917 -1.073353
v 0.144307 0.000002 -1.027604
v 0.115080 -0.055530 -1.006348
v 0.118718 0.029133 -1.052242
v 0.116868 0.035867 -1.028902
v 0.120294 0.036692 -1.072134
v 0.115080 0.055534 -1.006348
v 0.145634 0.066547 -1.097625
v 0.124351 0.076810 -1.123320
v 0.121090 0.057869 -1.082179
v 0.123625 0.122069 -1.114155
v 0.150131 0.088346 -1.094448
v 0.120669 0.074715 -1.076860
v 0.142248 0.093605 -1.072127
v 0.119955 0.132073 -1.067852
v 0.117828 0.097881 -1.041018
v 0.134107 0.077179 -1.043946
v 0.118195 0.053117 -1.045646
v 0.115179 0.105667 -1.007598
v 0.131638 0.082491 -1.026221
v 0.116145 0.069400 -1.019791
v 0.149796 0.000002 -1.008829
v 0.114279 0.072864 -0.996241
v 0.114279 -0.072860 -0.996241
v 0.159419 0.000002 -0.997427
v 0.113525 0.064241 -0.986733
v 0.113525 -0.064238 -0.986734
v 0.153736 0.000002 -0.988143
v 0.108243 0.137305 -0.933019
v 0.046430 0.118552 -0.939000
v 0.048791 0.055092 -0.918065
v 0.106682 0.082775 -0.913331
v -0.004251 0.065959 -0.943400
v 0.070424 0.035691 -0.888844
v 0.104531 0.051769 -0.886192
v 0.024041 0.000002 -0.920076
v -0.022986 0.000002 -0.944483
v -0.004251 -0.065955 -0.943400
v 0.075888 0.028698 -0.861507
v 0.102440 0.040528 -0.859803
v 0.100621 0.036584 -0.836859
v 0.054518 0.000001 -0.890678
v 0.076209 0.025666 -0.838980
v 0.098745 0.000001 -0.813191
v 0.063474 0.000001 -0.863065
v 0.065359 0.000001 -0.840189
v 0.076209 -0.025663 -0.838980
v 0.100621 -0.036582 -0.836859
v 0.075888 -0.028696 -0.861508
v 0.102440 -0.040525 -0.859804
v 0.104531 -0.051766 -0.886193
v 0.070424 -0.035688 -0.888844
v 0.106682 -0.082772 -0.913332
v 0.048791 -0.055089 -0.918065
v 0.108243 -0.137301 -0.933020
v 0.046430 -0.118548 -0.939001
v 0.164596 0.055092 -0.908886
v 0.170226 0.118551 -0.929188
v 0.108243 0.137305 -0.933019
v 0.220967 0.065959 -0.925549
v 0.106682 0.082775 -0.913331
v 0.189354 0.000001 -0.906973
v 0.239638 0.000001 -0.923667
v 0.138630 0.035691 -0.883438
v 0.104531 0.051769 -0.886192
v 0.220967 -0.065956 -0.925549
v 0.128928 0.028698 -0.857303
v 0.102440 0.040528 -0.859803
v 0.100621 0.036584 -0.836859
v 0.164596 -0.055089 -0.908886
v 0.170226 -0.118548 -0.929188
v 0.108243 -0.137301 -0.933020
v 0.106682 -0.082772 -0.913332
v 0.138630 -0.035688 -0.883438
v 0.104531 -0.051766 -0.886193
v 0.154627 0.000001 -0.882743
v 0.128928 -0.028696 -0.857304
v 0.102440 -0.040525 -0.859804
v 0.100621 -0.036582 -0.836859
v 0.141433 0.000001 -0.856886
v 0.125063 -0.025663 -0.835108
v 0.098745 0.000001 -0.813191
v 0.135967 0.000001 -0.834592
v 0.125063 0.025666 -0.835107
v 0.108243 0.137305 -0.933019
v 0.111024 0.100714 -0.968115
v 0.061642 0.085058 -0.971821
v 0.046430 0.118552 -0.939000
v 0.112442 0.062053 -0.985995
v -0.004251 0.065959 -0.943400
v 0.071403 0.042156 -0.989282
v 0.028568 0.056757 -0.974376
v -0.022986 0.000002 -0.944483
v 0.113477 0.000002 -0.999055
v 0.016597 0.000002 -0.975544
v 0.048193 0.000002 -0.991051
v 0.071403 -0.042152 -0.989282
v 0.112442 -0.062050 -0.985996
v 0.028568 -0.056754 -0.974376
v -0.004251 -0.065955 -0.943400
v 0.061642 -0.085055 -0.971821
v 0.111024 -0.100710 -0.968115
v 0.046430 -0.118548 -0.939001
v 0.108243 -0.137301 -0.933020
v 0.108243 0.137305 -0.933019
v 0.170226 0.118551 -0.929188
v 0.160374 0.085058 -0.963995
v 0.111024 0.100714 -0.968115
v 0.220967 0.065959 -0.925549
v 0.112442 0.062053 -0.985995
v 0.193438 0.056757 -0.961308
v 0.239638 0.000001 -0.923667
v 0.153485 0.042156 -0.982776
v 0.113477 0.000002 -0.999055
v 0.205444 0.000002 -0.960576
v 0.176685 0.000002 -0.980866
v 0.153485 -0.042152 -0.982776
v 0.112442 -0.062050 -0.985996
v 0.193438 -0.056754 -0.961308
v 0.220967 -0.065956 -0.925549
v 0.160374 -0.085055 -0.963996
v 0.111024 -0.100710 -0.968115
v 0.170226 -0.118548 -0.929188
v 0.108243 -0.137301 -0.933020
v -0.539018 0.269790 0.004410
v -0.538131 0.277046 0.047275
v -0.530917 0.287111 0.043470
v -0.517314 0.306837 0.028668
v -0.546258 0.260048 0.049603
v -0.532238 0.281234 -0.003878
v -0.548502 0.255889 0.007796
v -0.525508 0.289161 -0.015621
v -0.504651 0.320341 0.007407
v -0.492869 0.326988 -0.019135
v -0.540517 0.245529 -0.041420
v -0.519481 0.293012 -0.030113
v -0.514686 0.292261 -0.045610
v -0.484276 0.325523 -0.047589
v -0.477103 0.315552 -0.075679
v -0.512539 0.286886 -0.060569
v -0.512178 0.277537 -0.073679
v -0.474039 0.295765 -0.098000
v -0.476358 0.274968 -0.115409
v -0.513769 0.264679 -0.083041
v -0.517019 0.249930 -0.088496
v -0.484904 0.248008 -0.125956
v -0.496626 0.219706 -0.127776
v -0.522080 0.234959 -0.089346
v -0.528076 0.220791 -0.085739
v -0.508109 0.193372 -0.121463
v -0.521324 0.172884 -0.107102
v -0.535215 0.208574 -0.077329
v -0.542111 0.199537 -0.065587
v -0.536765 0.159102 -0.083472
v -0.551079 0.157227 -0.058240
v -0.549530 0.195673 -0.051562
v -0.555402 0.196202 -0.036579
v -0.559775 0.160156 -0.031632
v -0.566396 0.167828 -0.004436
v -0.559247 0.201452 -0.021947
v -0.560603 0.210616 -0.009050
v -0.569305 0.184638 0.019564
v -0.566418 0.203978 0.036982
v -0.559839 0.224850 0.000721
v -0.554865 0.239752 0.007159
v -0.562331 0.220608 0.043727
v -0.559242 0.230433 0.047829
v -0.539018 -0.269790 0.004410
v -0.530917 -0.287110 0.043470
v -0.538131 -0.277045 0.047275
v -0.517314 -0.306837 0.028668
v -0.546258 -0.260048 0.049603
v -0.532238 -0.281234 -0.003878
v -0.548502 -0.255888 0.007796
v -0.525508 -0.289161 -0.015621
v -0.504651 -0.320341 0.007407
v -0.492869 -0.326988 -0.019135
v -0.554865 -0.239752 0.007158
v -0.559242 -0.230433 0.047828
v -0.562331 -0.220608 0.043727
v -0.566418 -0.203977 0.036982
v -0.519481 -0.293012 -0.030113
v -0.559839 -0.224850 0.000721
v -0.514686 -0.292261 -0.045610
v -0.484276 -0.325523 -0.047589
v -0.477103 -0.315552 -0.075679
v -0.560603 -0.210615 -0.009050
v -0.569305 -0.184638 0.019564
v -0.566396 -0.167828 -0.004436
v -0.512539 -0.286886 -0.060569
v -0.559247 -0.201451 -0.021947
v -0.512178 -0.277536 -0.073679
v -0.474039 -0.295765 -0.098000
v -0.476358 -0.274968 -0.115409
v -0.555402 -0.196201 -0.036579
v -0.559775 -0.160156 -0.031632
v -0.551079 -0.157227 -0.058240
v -0.513769 -0.264678 -0.083041
v -0.549530 -0.195673 -0.051562
v -0.517019 -0.249930 -0.088496
v -0.484904 -0.248008 -0.125956
v -0.496626 -0.219706 -0.127776
v -0.542111 -0.199537 -0.065587
v -0.536765 -0.159102 -0.083472
v -0.521324 -0.172884 -0.107102
v -0.522080 -0.234959 -0.089346
v -0.535215 -0.208574 -0.077329
v -0.528076 -0.220791 -0.085739
v -0.508109 -0.193371 -0.121463
v -0.540517 -0.245528 -0.041420
v -0.348880 0.000001 0.457158
v -0.243387 0.000002 0.476506
v -0.225515 0.085762 0.479769
v 0.000038 0.000002 0.500627
v -0.321669 0.122024 0.456506
v -0.460016 0.000002 0.408912
v -0.172790 0.158401 0.482408
v -0.421727 0.154828 0.409093
v -0.545087 0.000002 0.327443
v -0.246123 0.227103 0.459002
v -0.503323 0.187829 0.329407
v -0.592842 0.000002 0.243404
v -0.325734 0.291528 0.413043
v -0.554828 0.213611 0.245882
v -0.598546 0.000002 0.149413
v -0.394434 0.356503 0.334291
v -0.132792 0.301700 0.466407
v -0.566552 0.221346 0.143707
v -0.171103 0.402684 0.422085
v -0.117919 0.261388 0.476489
v -0.096966 0.312943 0.467793
v -0.434502 0.405688 0.249500
v -0.452392 0.420616 0.142832
v -0.221986 0.560691 0.258218
v -0.561097 0.223902 0.044143
v -0.597849 -0.000054 0.052815
v -0.579993 -0.000112 -0.045568
v -0.449580 0.424609 0.037742
v -0.534073 0.216597 -0.052307
v -0.492195 0.200125 -0.138722
v -0.540172 -0.000103 -0.129496
v -0.487693 -0.000131 -0.199461
v -0.449424 0.177797 -0.206048
v -0.421268 -0.000182 -0.264589
v -0.403821 0.369307 -0.137332
v -0.387006 0.142570 -0.267067
v -0.317298 -0.000202 -0.327550
v -0.355723 0.329195 -0.204000
v -0.439355 0.409158 -0.059790
v -0.287225 0.107444 -0.329945
v -0.223644 -0.000195 -0.376956
v -0.293506 0.277966 -0.263928
v -0.203636 0.079493 -0.370635
v -0.215331 0.212387 -0.328257
v -0.190423 0.440843 -0.200292
v -0.137447 0.055535 -0.405940
v -0.151953 -0.000176 -0.410042
v -0.151034 0.151363 -0.369719
v -0.159422 0.373676 -0.266001
v -0.116122 0.284872 -0.330539
v -0.214570 0.496135 -0.134749
v -0.057261 0.465707 -0.198838
v -0.230972 0.540474 -0.056175
v -0.061267 0.525652 -0.129361
v -0.064486 0.567465 -0.061251
v -0.237292 0.567098 0.030898
v -0.062923 0.585429 -0.018721
v 0.165041 0.555209 -0.047125
v -0.258108 0.569402 0.137839
v -0.185402 0.577122 0.066829
v -0.205366 0.583788 0.139145
v -0.063570 0.601787 0.020764
v -0.167450 0.597794 0.153573
v -0.063336 0.621539 0.072135
v 0.101488 0.597896 0.059422
v 0.063608 0.610704 0.096621
v 0.110194 0.593937 0.147957
v -0.173719 0.575297 0.254228
v -0.132526 0.575147 0.251816
v -0.076546 0.557098 0.298019
v 0.156996 0.579763 0.141771
v 0.105001 0.565328 0.247892
v -0.087149 0.531345 0.336267
v -0.038783 0.540453 0.321999
v -0.141828 0.523063 0.340534
v -0.206679 0.500982 0.339618
v -0.089852 0.501661 0.375554
v -0.033877 0.524399 0.341047
v 0.024309 0.539345 0.315415
v -0.065270 0.425223 0.427786
v -0.031051 0.491939 0.378417
v 0.028384 0.527296 0.326750
v 0.064894 0.551177 0.289194
v 0.024401 0.486527 0.370867
v 0.007376 0.426521 0.422717
v 0.083877 0.536086 0.298823
v 0.110583 0.504749 0.332113
v 0.141177 0.552068 0.245715
v 0.179351 0.539637 0.246186
v 0.082426 0.415922 0.407696
v 0.210382 0.567337 0.136886
v -0.051028 0.374078 0.451734
v 0.010944 0.383396 0.441786
v -0.034773 0.334263 0.466969
v 0.017367 0.344781 0.460656
v 0.068972 0.374037 0.439385
v -0.075447 0.302044 0.473335
v 0.054365 0.337604 0.458972
v 0.127371 0.342124 0.442504
v 0.098422 0.308676 0.462608
v 0.043318 0.311018 0.466924
v 0.162303 0.395594 0.408238
v 0.018362 0.315901 0.468082
v 0.073544 0.291074 0.469420
v -0.017599 0.307975 0.472139
v 0.025219 0.283949 0.473601
v 0.047487 0.272387 0.474693
v 0.090737 0.262016 0.474417
v 0.056466 0.251374 0.477915
v 0.017873 0.250051 0.478455
v 0.121523 0.272663 0.469804
v 0.091072 0.239973 0.478113
v 0.047945 0.230426 0.481101
v 0.164164 0.285430 0.460111
v 0.123840 0.230782 0.477392
v 0.074652 0.210791 0.482805
v 0.025847 0.219268 0.482720
v 0.101218 0.191179 0.483971
v 0.044671 0.191295 0.485598
v 0.160206 0.228497 0.472852
v 0.019573 0.187422 0.486044
v 0.057090 0.162249 0.488171
v 0.136087 0.180193 0.481997
v 0.000451 0.223165 0.482164
v 0.015975 0.156538 0.488390
v 0.062994 0.141751 0.487749
v -0.007291 0.191617 0.485090
v 0.204659 0.148889 0.483876
v 0.009840 0.131052 0.489004
v 0.239505 0.224183 0.460574
v -0.017605 0.161739 0.487732
v -0.023047 0.138616 0.488809
v -0.027933 0.202266 0.483726
v -0.050922 0.178075 0.484917
v -0.016255 0.240576 0.480175
v -0.049061 0.230159 0.480842
v -0.069610 0.159337 0.485130
v -0.082444 0.219153 0.480165
v -0.016462 0.263473 0.477806
v -0.107013 0.207443 0.480904
v -0.053666 0.263957 0.478193
v -0.088909 0.269688 0.476629
v -0.044967 0.285593 0.476060
v -0.000017 0.280631 0.475218
v 0.224443 0.086818 0.482209
v 0.241699 0.000001 0.476826
v 0.300903 0.184655 0.462082
v 0.320673 0.126118 0.465331
v 0.347181 -0.000000 0.466796
v 0.389800 0.246092 0.417709
v 0.414842 0.162126 0.416392
v 0.444428 -0.000001 0.415477
v 0.323131 0.311030 0.420768
v 0.520893 0.199615 0.337473
v 0.548912 -0.000002 0.334241
v 0.473575 0.301548 0.334913
v 0.573326 0.222733 0.243498
v 0.600042 -0.000002 0.239889
v 0.519517 0.341152 0.242777
v 0.580002 0.237490 0.143501
v 0.611592 -0.000002 0.141791
v 0.384632 0.384369 0.334119
v 0.579257 0.238165 0.042159
v 0.616202 0.000107 0.040130
v 0.528546 0.357836 0.143552
v 0.561606 0.231239 -0.046308
v 0.596511 0.000193 -0.048815
v 0.527675 0.360378 0.047496
v 0.509730 0.348636 -0.043506
v 0.519741 0.213011 -0.134350
v 0.554490 0.000106 -0.138648
v 0.471133 0.320187 -0.130201
v 0.464468 0.186900 -0.212746
v 0.495014 0.000134 -0.216668
v 0.420173 0.280467 -0.206488
v 0.382797 0.151736 -0.282418
v 0.408451 0.000177 -0.282939
v 0.278920 0.108703 -0.343428
v 0.304607 0.000195 -0.349216
v 0.351485 0.229681 -0.279027
v 0.193614 0.064082 -0.384574
v 0.209992 0.000202 -0.386719
v 0.255591 0.166038 -0.341914
v 0.278556 0.288270 -0.273839
v 0.200341 0.197704 -0.336428
v 0.176318 0.104762 -0.384361
v 0.340276 0.354099 -0.200691
v 0.141188 0.061163 -0.415208
v 0.158333 0.000193 -0.412927
v 0.103363 0.000128 -0.455435
v 0.144074 0.131856 -0.381374
v 0.111438 0.094662 -0.410001
v 0.097314 0.027113 -0.454408
v 0.082027 0.000100 -0.491203
v 0.078695 0.052071 -0.451617
v 0.079129 0.014545 -0.491302
v 0.072839 0.000090 -0.525092
v 0.069680 0.008886 -0.524872
v 0.063709 0.000079 -0.568042
v 0.067817 0.030197 -0.491991
v 0.048709 0.077208 -0.451293
v 0.080900 0.119877 -0.409103
v 0.105852 0.173088 -0.380129
v 0.045996 0.132796 -0.407578
v 0.140187 0.252801 -0.334435
v 0.049711 0.184694 -0.372874
v 0.189292 0.343408 -0.269544
v 0.060528 0.273503 -0.330993
v -0.012028 0.137323 -0.402933
v -0.020795 0.206086 -0.373628
v 0.090609 0.375279 -0.267596
v 0.232633 0.413898 -0.196891
v -0.033720 0.297914 -0.329210
v 0.121583 0.450187 -0.197807
v -0.047471 0.399014 -0.266302
v -0.081691 0.198159 -0.370999
v 0.144625 0.504398 -0.123344
v 0.266358 0.466449 -0.126838
v 0.386921 0.407125 -0.126428
v 0.303325 0.507404 -0.038515
v 0.416235 0.445900 -0.038705
v 0.237003 0.564011 0.052929
v 0.434470 0.462550 0.054796
v 0.335521 0.525734 0.057169
v 0.435465 0.458472 0.145507
v 0.339423 0.518281 0.148228
v 0.424082 0.440187 0.243886
v 0.326886 0.493826 0.245378
v 0.294902 0.438399 0.334388
v 0.238734 0.558251 0.145496
v 0.242054 0.363716 0.412724
v 0.200058 0.471884 0.333768
v 0.224576 0.526955 0.245935
v 0.136028 0.580975 0.029581
v -0.053346 0.132300 -0.403635
v -0.102046 0.102775 -0.403984
v -0.021297 0.074950 -0.445136
v -0.050685 0.058930 -0.445554
v 0.003716 0.078054 -0.445818
v 0.010621 0.036111 -0.497864
v -0.071493 0.032424 -0.447212
v -0.079035 -0.000098 -0.448225
v -0.000644 0.025779 -0.500208
v -0.007194 0.012470 -0.502085
v -0.008774 -0.000011 -0.502837
v 0.023319 0.017976 -0.532568
v 0.017113 0.006758 -0.535098
v 0.016805 0.000021 -0.535840
v 0.036024 0.004182 -0.574158
v 0.035979 0.000045 -0.574652
v 0.039470 0.009441 -0.572566
v 0.053481 0.001077 -0.619720
v 0.053470 0.000067 -0.619840
v 0.044090 0.012712 -0.570994
v 0.057240 0.000243 -0.627118
v 0.057238 0.000072 -0.627138
v 0.054321 0.002360 -0.619326
v 0.057926 0.000073 -0.627523
v 0.057382 0.000460 -0.627051
v 0.055446 0.003156 -0.618937
v 0.057573 0.000595 -0.626985
v 0.057944 0.000621 -0.626923
v 0.033434 0.024791 -0.529943
v 0.053101 0.013362 -0.569536
v 0.057642 0.003313 -0.618573
v 0.022649 0.040613 -0.496081
v 0.052604 0.024885 -0.527508
v 0.051522 0.039571 -0.493550
v 0.062703 0.019029 -0.525766
v 0.058337 0.010864 -0.568510
v 0.062415 0.005860 -0.568017
v 0.058918 0.002703 -0.618320
v 0.059912 0.001484 -0.618198
v 0.060228 0.000076 -0.618204
v 0.058160 0.000518 -0.626880
v 0.058328 0.000312 -0.626860
v 0.058382 0.000074 -0.626861
v -0.225515 -0.085759 0.479770
v -0.243387 0.000002 0.476506
v -0.348880 0.000001 0.457158
v 0.000038 0.000002 0.500627
v -0.321669 -0.122021 0.456507
v -0.460016 0.000002 0.408912
v -0.172790 -0.158398 0.482409
v -0.421728 -0.154824 0.409093
v -0.545087 0.000002 0.327443
v -0.246124 -0.227100 0.459002
v -0.503324 -0.187825 0.329407
v -0.592842 0.000002 0.243404
v -0.325736 -0.291526 0.413043
v -0.554829 -0.213607 0.245882
v -0.598546 0.000002 0.149413
v -0.394436 -0.356500 0.334292
v -0.132794 -0.301699 0.466408
v -0.566553 -0.221342 0.143707
v -0.117920 -0.261386 0.476490
v -0.561057 -0.224003 0.044143
v -0.597849 -0.000054 0.052815
v -0.579993 -0.000112 -0.045568
v -0.452395 -0.420612 0.142832
v -0.434505 -0.405684 0.249500
v -0.221991 -0.560690 0.258218
v -0.449503 -0.424691 0.037742
v -0.533989 -0.216803 -0.052307
v -0.492118 -0.200312 -0.138722
v -0.540172 -0.000103 -0.129496
v -0.487693 -0.000131 -0.199461
v -0.258113 -0.569400 0.137839
v -0.449328 -0.178039 -0.206048
v -0.421268 -0.000182 -0.264589
v -0.403680 -0.369461 -0.137333
v -0.439270 -0.409249 -0.059790
v -0.386883 -0.142905 -0.267067
v -0.317298 -0.000202 -0.327550
v -0.355545 -0.329387 -0.204000
v -0.287087 -0.107810 -0.329945
v -0.223644 -0.000195 -0.376956
v -0.293266 -0.278220 -0.263928
v -0.214380 -0.496217 -0.134750
v -0.190185 -0.440945 -0.200293
v -0.215060 -0.212662 -0.328257
v -0.230860 -0.540522 -0.056175
v -0.203483 -0.079883 -0.370635
v -0.237253 -0.567114 0.030898
v -0.137319 -0.055853 -0.405940
v -0.151953 -0.000176 -0.410042
v -0.150743 -0.151652 -0.369720
v -0.071413 -0.032601 -0.447212
v -0.079035 -0.000098 -0.448225
v -0.101808 -0.103011 -0.403985
v -0.007164 -0.012489 -0.502085
v -0.008774 -0.000011 -0.502837
v -0.050539 -0.059056 -0.445554
v -0.000581 -0.025781 -0.500208
v 0.017130 -0.006717 -0.535098
v 0.016805 0.000021 -0.535840
v 0.023363 -0.017918 -0.532568
v 0.010711 -0.036085 -0.497864
v 0.036035 -0.004093 -0.574158
v 0.035979 0.000045 -0.574652
v 0.039494 -0.009342 -0.572566
v 0.053484 -0.000943 -0.619720
v 0.053470 0.000067 -0.619840
v 0.044121 -0.012602 -0.570994
v 0.057240 -0.000099 -0.627118
v 0.057238 0.000072 -0.627138
v 0.054327 -0.002223 -0.619326
v 0.057926 0.000073 -0.627523
v 0.057383 -0.000315 -0.627051
v 0.055454 -0.003017 -0.618937
v 0.057574 -0.000450 -0.626986
v 0.057945 -0.000475 -0.626923
v 0.033495 -0.024708 -0.529943
v 0.053135 -0.013229 -0.569536
v 0.057651 -0.003168 -0.618573
v 0.058161 -0.000371 -0.626880
v 0.058924 -0.002555 -0.618320
v 0.058364 -0.010718 -0.568510
v 0.058329 -0.000165 -0.626860
v 0.058382 0.000074 -0.626861
v 0.060228 0.000076 -0.618204
v 0.059915 -0.001333 -0.618198
v 0.063709 0.000079 -0.568042
v 0.062430 -0.005704 -0.568017
v 0.069702 -0.008714 -0.524872
v 0.072839 0.000090 -0.525092
v 0.062750 -0.018874 -0.525766
v 0.052665 -0.024754 -0.527508
v 0.079165 -0.014351 -0.491302
v 0.082027 0.000100 -0.491203
v 0.022749 -0.040557 -0.496081
v 0.051620 -0.039444 -0.493550
v 0.003909 -0.078045 -0.445819
v 0.067891 -0.030030 -0.491991
v 0.048900 -0.077088 -0.451294
v 0.078824 -0.051877 -0.451617
v 0.097381 -0.026873 -0.454408
v 0.103363 0.000128 -0.455435
v 0.141322 -0.060855 -0.415208
v 0.158333 0.000193 -0.412927
v 0.209992 0.000202 -0.386719
v 0.111657 -0.094404 -0.410001
v 0.193725 -0.063745 -0.384574
v 0.304607 0.000195 -0.349216
v 0.176503 -0.104450 -0.384361
v 0.279058 -0.108347 -0.343428
v 0.408451 0.000177 -0.282939
v 0.255802 -0.165712 -0.341914
v 0.144297 -0.131612 -0.381374
v 0.382928 -0.151404 -0.282418
v 0.495014 0.000134 -0.216668
v 0.351684 -0.229376 -0.279027
v 0.464569 -0.186649 -0.212746
v 0.554490 0.000106 -0.138648
v 0.420324 -0.280240 -0.206489
v 0.519822 -0.212812 -0.134350
v 0.596511 0.000193 -0.048815
v 0.200590 -0.197451 -0.336428
v 0.561755 -0.230876 -0.046308
v 0.616202 0.000107 0.040130
v 0.471255 -0.320007 -0.130201
v 0.579340 -0.237965 0.042159
v 0.611592 -0.000002 0.141791
v 0.509955 -0.348306 -0.043506
v 0.580000 -0.237494 0.143501
v 0.600042 -0.000002 0.239889
v 0.527800 -0.360195 0.047496
v 0.387077 -0.406977 -0.126429
v 0.573324 -0.222737 0.243498
v 0.548912 -0.000002 0.334241
v 0.340467 -0.353915 -0.200691
v 0.520891 -0.199618 0.337474
v 0.444428 -0.000001 0.415477
v 0.278805 -0.288028 -0.273839
v 0.414841 -0.162127 0.416393
v 0.347181 -0.000000 0.466796
v 0.473573 -0.301551 0.334913
v 0.320672 -0.126117 0.465332
v 0.241699 0.000001 0.476826
v 0.389799 -0.246093 0.417710
v 0.224443 -0.086816 0.482209
v 0.300902 -0.184655 0.462083
v 0.204659 -0.148888 0.483877
v 0.239504 -0.224182 0.460574
v 0.323129 -0.311031 0.420768
v 0.519514 -0.341155 0.242777
v 0.384629 -0.384371 0.334119
v 0.528544 -0.357840 0.143552
v 0.424079 -0.440190 0.243886
v 0.435461 -0.458475 0.145507
v 0.326882 -0.493828 0.245378
v 0.294899 -0.438400 0.334388
v 0.242051 -0.363717 0.412724
v 0.200055 -0.471885 0.333768
v 0.339420 -0.518284 0.148228
v 0.224572 -0.526956 0.245935
v 0.434630 -0.462399 0.054796
v 0.416523 -0.445631 -0.038705
v 0.335703 -0.525618 0.057169
v 0.238729 -0.558253 0.145496
v 0.303652 -0.507208 -0.038515
v 0.237198 -0.563929 0.052929
v 0.266536 -0.466347 -0.126839
v 0.165260 -0.555143 -0.047126
v 0.210378 -0.567339 0.136886
v 0.232856 -0.413772 -0.196892
v 0.136024 -0.580976 0.029580
v 0.189590 -0.343244 -0.269544
v 0.144818 -0.504342 -0.123345
v 0.140506 -0.252624 -0.334436
v 0.090934 -0.375200 -0.267597
v 0.106145 -0.172909 -0.380129
v 0.121826 -0.450121 -0.197808
v 0.060873 -0.273426 -0.330994
v 0.050056 -0.184600 -0.372874
v 0.081177 -0.119689 -0.409103
v 0.046303 -0.132689 -0.407578
v -0.011710 -0.137351 -0.402933
v -0.020449 -0.206121 -0.373628
v -0.021111 -0.075003 -0.445136
v -0.053040 -0.132423 -0.403635
v -0.081311 -0.198315 -0.371000
v -0.033344 -0.297956 -0.329210
v -0.115761 -0.285018 -0.330539
v -0.047125 -0.399054 -0.266303
v -0.159098 -0.373813 -0.266001
v -0.057010 -0.465737 -0.198838
v -0.061066 -0.525675 -0.129362
v -0.064350 -0.567480 -0.061251
v -0.062840 -0.585438 -0.018721
v 0.101484 -0.597897 0.059422
v -0.063532 -0.601790 0.020763
v -0.185406 -0.577120 0.066829
v -0.063341 -0.621539 0.072134
v 0.063603 -0.610704 0.096621
v -0.167454 -0.597793 0.153572
v 0.110190 -0.593938 0.147957
v -0.205370 -0.583787 0.139145
v 0.156991 -0.579764 0.141770
v 0.104997 -0.565328 0.247892
v -0.173724 -0.575296 0.254227
v -0.132530 -0.575146 0.251815
v -0.076549 -0.557098 0.298019
v 0.179347 -0.539638 0.246186
v 0.141173 -0.552069 0.245715
v 0.110579 -0.504750 0.332113
v 0.083873 -0.536086 0.298823
v 0.064890 -0.551177 0.289194
v 0.028380 -0.527296 0.326750
v 0.024306 -0.539345 0.315415
v 0.162301 -0.395595 0.408238
v -0.033881 -0.524399 0.341047
v -0.038787 -0.540453 0.321999
v 0.024397 -0.486527 0.370868
v 0.082424 -0.415922 0.407696
v 0.164163 -0.285429 0.460111
v 0.127370 -0.342123 0.442505
v 0.160205 -0.228496 0.472853
v 0.121522 -0.272661 0.469805
v 0.123840 -0.230780 0.477393
v 0.136086 -0.180191 0.481998
v 0.101218 -0.191177 0.483972
v 0.062994 -0.141748 0.487750
v 0.057090 -0.162247 0.488172
v 0.074652 -0.210789 0.482806
v 0.044670 -0.191292 0.485599
v 0.015975 -0.156535 0.488391
v 0.019573 -0.187419 0.486045
v 0.025847 -0.219266 0.482722
v 0.091071 -0.239971 0.478114
v 0.047944 -0.230424 0.481103
v 0.000451 -0.223162 0.482165
v 0.090737 -0.262014 0.474418
v -0.007291 -0.191614 0.485091
v 0.056465 -0.251372 0.477916
v 0.098421 -0.308675 0.462609
v 0.073543 -0.291072 0.469421
v 0.068970 -0.374036 0.439386
v 0.054364 -0.337603 0.458974
v 0.010942 -0.383394 0.441787
v 0.007373 -0.426521 0.422717
v 0.017365 -0.344779 0.460657
v -0.031054 -0.491938 0.378417
v -0.051030 -0.374077 0.451735
v -0.065273 -0.425222 0.427786
v -0.089856 -0.501661 0.375554
v -0.087152 -0.531344 0.336267
v -0.141832 -0.523062 0.340534
v -0.206683 -0.500981 0.339618
v -0.171106 -0.402682 0.422086
v -0.096967 -0.312941 0.467794
v -0.034774 -0.334261 0.466970
v -0.075448 -0.302042 0.473336
v 0.018361 -0.315899 0.468083
v -0.017600 -0.307973 0.472140
v 0.043317 -0.311016 0.466925
v 0.025219 -0.283947 0.473602
v 0.047486 -0.272385 0.474694
v -0.000018 -0.280629 0.475220
v 0.017873 -0.250049 0.478457
v -0.044968 -0.285591 0.476061
v -0.016463 -0.263471 0.477807
v -0.016256 -0.240573 0.480176
v -0.027933 -0.202263 0.483727
v -0.049061 -0.230156 0.480843
v -0.053666 -0.263955 0.478194
v -0.088910 -0.269686 0.476630
v -0.082445 -0.219151 0.480167
v -0.107014 -0.207440 0.480905
v -0.050922 -0.178072 0.484919
v -0.069610 -0.159334 0.485131
v -0.023047 -0.138613 0.488810
v -0.017605 -0.161736 0.487733
v 0.009840 -0.131049 0.489005
v 0.062620 -0.345894 -0.386678
v 0.080644 -0.375551 -0.403216
v 0.064117 -0.380342 -0.405561
v 0.105212 -0.340985 -0.381066
v 0.072789 -0.390276 -0.409550
v 0.064356 -0.406876 -0.408577
v 0.110456 -0.372348 -0.401457
v 0.160489 -0.327559 -0.375024
v 0.072677 -0.412227 -0.414922
v 0.179199 -0.365720 -0.397203
v 0.200244 -0.309829 -0.368925
v 0.083365 -0.391118 -0.419350
v 0.093048 -0.420817 -0.401959
v 0.062338 -0.434803 -0.383114
v 0.078857 -0.412997 -0.438559
v 0.099873 -0.410551 -0.418588
v 0.145171 -0.400629 -0.407836
v 0.103815 -0.441574 -0.354424
v 0.060495 -0.448355 -0.359865
v 0.142877 -0.417435 -0.390215
v 0.169894 -0.391197 -0.400632
v 0.095315 -0.439568 -0.293204
v 0.055452 -0.447904 -0.296242
v 0.177044 -0.427707 -0.352439
v 0.191363 -0.400826 -0.383529
v 0.075280 -0.433135 -0.256542
v 0.052834 -0.441325 -0.263208
v 0.051324 -0.443655 -0.244156
v 0.178507 -0.390092 -0.413461
v 0.070396 -0.417146 -0.250543
v 0.051789 -0.410698 -0.250025
v 0.052191 -0.368597 -0.255095
v 0.187697 -0.392653 -0.404659
v 0.186995 -0.386947 -0.422581
v 0.089735 -0.403240 -0.248962
v 0.094444 -0.360622 -0.256381
v 0.196663 -0.384556 -0.409981
v 0.179861 -0.377440 -0.409325
v 0.214835 -0.391790 -0.385950
v 0.225690 -0.374059 -0.392773
v 0.214136 -0.343503 -0.392207
v 0.254575 -0.358199 -0.395260
v 0.250657 -0.312265 -0.387702
v 0.255590 -0.275354 -0.361677
v 0.252198 -0.346112 -0.393626
v 0.263483 -0.286537 -0.377901
v 0.305370 -0.231490 -0.358275
v 0.259622 -0.326669 -0.391595
v 0.251991 -0.304624 -0.408836
v 0.265307 -0.334048 -0.392388
v 0.253614 -0.315849 -0.406157
v 0.251731 -0.351624 -0.409292
v 0.285135 -0.334853 -0.397125
v 0.276488 -0.354481 -0.395182
v 0.256918 -0.375004 -0.379823
v 0.301862 -0.347990 -0.376297
v 0.254401 -0.395341 -0.349770
v 0.320737 -0.356633 -0.345166
v 0.244811 -0.402317 -0.291407
v 0.309285 -0.328428 -0.387683
v 0.163299 -0.429334 -0.296008
v 0.339845 -0.325450 -0.366998
v 0.110473 -0.433980 -0.264960
v 0.085713 -0.435745 -0.240282
v 0.116565 -0.419528 -0.252502
v 0.144478 -0.399568 -0.251416
v 0.143945 -0.352125 -0.253271
v 0.146197 -0.417388 -0.260738
v 0.169537 -0.420781 -0.268115
v 0.159146 -0.427365 -0.231493
v 0.161789 -0.428389 -0.247440
v 0.151996 -0.427366 -0.245583
v 0.169915 -0.417259 -0.246442
v 0.163941 -0.399997 -0.244213
v 0.194644 -0.408639 -0.256032
v 0.189148 -0.394953 -0.248188
v 0.200375 -0.387882 -0.243456
v 0.210519 -0.323478 -0.251267
v 0.234443 -0.395465 -0.265947
v 0.187158 -0.422775 -0.240778
v 0.207348 -0.407640 -0.252255
v 0.218857 -0.395242 -0.243824
v 0.240928 -0.385365 -0.246258
v 0.283228 -0.368200 -0.262319
v 0.235091 -0.371559 -0.241182
v 0.257392 -0.382687 -0.246138
v 0.239048 -0.390923 -0.231474
v 0.247063 -0.362628 -0.239359
v 0.256497 -0.372264 -0.234652
v 0.283524 -0.331436 -0.236259
v 0.268222 -0.276887 -0.253103
v 0.287900 -0.345774 -0.241543
v 0.322006 -0.302809 -0.237086
v 0.326499 -0.217817 -0.248180
v 0.317346 -0.360097 -0.290590
v 0.332626 -0.320559 -0.247598
v 0.382610 -0.300047 -0.342554
v 0.376630 -0.299858 -0.282708
v 0.334053 -0.316172 -0.229301
v 0.354364 -0.291965 -0.377127
v 0.367068 -0.268264 -0.231009
v 0.310716 -0.305704 -0.395691
v 0.389147 -0.242615 -0.229625
v 0.281866 -0.312572 -0.408147
v 0.417284 -0.193574 -0.235500
v 0.361759 -0.164261 -0.242379
v 0.274831 -0.329121 -0.405394
v 0.264270 -0.326125 -0.402310
v 0.256315 -0.328837 -0.415948
v 0.259323 -0.303598 -0.412579
v 0.294798 -0.283254 -0.394830
v 0.287932 -0.273216 -0.382176
v 0.313634 -0.271996 -0.384662
v 0.329859 -0.242253 -0.377669
v 0.350691 -0.177669 -0.360063
v 0.346246 -0.267850 -0.384043
v 0.374822 -0.186796 -0.376721
v 0.386780 -0.132661 -0.369222
v 0.370710 -0.231551 -0.385344
v 0.363322 -0.265438 -0.381764
v 0.374090 -0.267915 -0.387622
v 0.375555 -0.251002 -0.381095
v 0.377272 -0.289623 -0.362905
v 0.388480 -0.250931 -0.392865
v 0.384918 -0.267672 -0.378326
v 0.394013 -0.247428 -0.378828
v 0.408042 -0.255014 -0.361496
v 0.402416 -0.211286 -0.394724
v 0.388444 -0.201881 -0.391303
v 0.414113 -0.264656 -0.339224
v 0.411473 -0.169125 -0.399304
v 0.416296 -0.218094 -0.388241
v 0.433584 -0.233361 -0.337049
v 0.408866 -0.272968 -0.286669
v 0.393410 -0.178153 -0.389509
v 0.409752 -0.167625 -0.392583
v 0.419328 -0.177425 -0.391435
v 0.424895 -0.207629 -0.377246
v 0.427911 -0.172665 -0.383137
v 0.403819 -0.168540 -0.379612
v 0.407429 -0.142317 -0.382184
v 0.431952 -0.201242 -0.364000
v 0.434978 -0.147372 -0.388817
v 0.421454 -0.104287 -0.385882
v 0.400952 -0.099970 -0.369767
v 0.433138 -0.096425 -0.389787
v 0.430751 -0.088398 -0.378185
v 0.446772 -0.092454 -0.385254
v 0.453974 -0.092272 -0.371665
v 0.460398 -0.149707 -0.370472
v 0.453737 -0.009949 -0.375957
v 0.422461 -0.009733 -0.371505
v 0.465059 -0.184245 -0.333645
v 0.462154 -0.116964 -0.358216
v 0.471374 -0.052859 -0.367412
v 0.484563 -0.103436 -0.334415
v 0.464805 -0.185862 -0.282123
v 0.437245 -0.234008 -0.286650
v 0.488371 -0.125832 -0.293540
v 0.461645 -0.181011 -0.265715
v 0.476102 -0.145406 -0.252585
v 0.445627 -0.192224 -0.254495
v 0.482747 -0.114034 -0.267670
v 0.459041 -0.157357 -0.243856
v 0.468981 -0.096856 -0.223835
v 0.495499 -0.074192 -0.291787
v 0.475108 -0.092597 -0.241463
v 0.460415 -0.121369 -0.225610
v 0.504907 -0.005739 -0.286236
v 0.449761 -0.116810 -0.224737
v 0.448576 -0.143920 -0.233987
v 0.444957 -0.156738 -0.225816
v 0.436171 -0.148810 -0.229797
v 0.456838 -0.090877 -0.224671
v 0.384488 -0.113068 -0.240797
v 0.396350 -0.066235 -0.240660
v 0.432790 -0.195688 -0.240623
v 0.406301 -0.227285 -0.243348
v 0.418846 -0.231407 -0.258830
v 0.406473 -0.246832 -0.242464
v 0.395719 -0.265931 -0.229877
v 0.404953 -0.260783 -0.256928
v 0.385378 -0.269304 -0.247616
v 0.366923 -0.295782 -0.257924
v 0.359930 -0.311038 -0.226390
v 0.354981 -0.305907 -0.222224
v 0.352290 -0.313813 -0.239365
v 0.346144 -0.330518 -0.219973
v 0.343023 -0.326771 -0.237036
v 0.459490 -0.029439 -0.222659
v 0.449456 0.016254 -0.223790
v 0.396452 0.013548 -0.244860
v 0.466880 -0.056323 -0.229297
v 0.432288 0.096056 -0.224006
v 0.377994 0.100891 -0.245020
v 0.470145 -0.087133 -0.234937
v 0.403907 0.176919 -0.224880
v 0.480018 -0.051792 -0.243965
v 0.390043 0.220212 -0.227053
v 0.490382 -0.042263 -0.268142
v 0.491492 -0.011434 -0.263532
v 0.479385 -0.055087 -0.221184
v 0.487649 -0.038751 -0.235963
v 0.478595 -0.022046 -0.227971
v 0.476862 0.013770 -0.245964
v 0.492036 0.038953 -0.262561
v 0.458630 0.047802 -0.228699
v 0.474316 0.052136 -0.235397
v 0.468398 0.080889 -0.238431
v 0.478291 0.080472 -0.243815
v 0.498467 0.054146 -0.282079
v 0.468432 0.108651 -0.234443
v 0.476939 0.105121 -0.238545
v 0.445062 0.136945 -0.235882
v 0.477272 0.129359 -0.241498
v 0.465118 0.124537 -0.242772
v 0.482236 0.105586 -0.252197
v 0.486645 0.082313 -0.261689
v 0.477523 0.116546 -0.257472
v 0.470255 0.123181 -0.257431
v 0.488022 0.100780 -0.277210
v 0.453378 0.157576 -0.250612
v 0.491744 0.091873 -0.333799
v 0.426761 0.197511 -0.240055
v 0.470588 0.169026 -0.278428
v 0.406270 0.235779 -0.230848
v 0.429650 0.221541 -0.249466
v 0.400322 0.241575 -0.234594
v 0.413433 0.244399 -0.231326
v 0.404265 0.248076 -0.243543
v 0.411220 0.244077 -0.258311
v 0.446756 0.199978 -0.264177
v 0.425080 0.248073 -0.279547
v 0.424524 0.248370 -0.339311
v 0.467936 0.168100 -0.335999
v 0.382035 0.265222 -0.376963
v 0.468894 0.104074 -0.364364
v 0.345395 0.280866 -0.385002
v 0.456704 0.128667 -0.370394
v 0.338261 0.306841 -0.385222
v 0.456680 0.122523 -0.387151
v 0.292048 0.325634 -0.388117
v 0.434003 0.146385 -0.380174
v 0.283238 0.341665 -0.394189
v 0.421006 0.175473 -0.387477
v 0.278575 0.344857 -0.403984
v 0.265911 0.356158 -0.397803
v 0.267250 0.337331 -0.390645
v 0.299848 0.307040 -0.390302
v 0.290809 0.282097 -0.382924
v 0.328854 0.279723 -0.402184
v 0.306465 0.261757 -0.380916
v 0.313622 0.280798 -0.402471
v 0.326763 0.212185 -0.361641
v 0.328961 0.264978 -0.399846
v 0.321906 0.259386 -0.418411
v 0.312900 0.259284 -0.402130
v 0.322156 0.257975 -0.400626
v 0.326286 0.257107 -0.382761
v 0.335551 0.258083 -0.406101
v 0.337026 0.235193 -0.377438
v 0.345243 0.268084 -0.404526
v 0.338558 0.248685 -0.399029
v 0.359759 0.264676 -0.395903
v 0.343741 0.261532 -0.416974
v 0.358500 0.253001 -0.397649
v 0.359275 0.230746 -0.384591
v 0.378542 0.242236 -0.383654
v 0.387520 0.192683 -0.381585
v 0.362055 0.170893 -0.365353
v 0.394770 0.228621 -0.379283
v 0.429016 0.202310 -0.365008
v 0.411000 0.205155 -0.388658
v 0.409474 0.201500 -0.401610
v 0.399039 0.215048 -0.387601
v 0.399885 0.213554 -0.407989
v 0.390683 0.203619 -0.399690
v 0.433082 0.118663 -0.379852
v 0.401281 0.104043 -0.370214
v 0.415161 0.061428 -0.370948
v 0.461464 0.093682 -0.372490
v 0.444523 0.091355 -0.375845
v 0.475917 0.052411 -0.360119
v 0.465639 0.074124 -0.370089
v 0.454521 0.064412 -0.374939
v 0.456272 0.016135 -0.378365
v 0.468147 0.076480 -0.387687
v 0.465949 0.041434 -0.377793
v 0.472928 0.047258 -0.371170
v 0.469476 0.024356 -0.374436
v 0.485350 0.008887 -0.360093
v 0.474628 0.017146 -0.376288
v 0.468585 0.018393 -0.384846
v 0.500079 -0.013133 -0.335645
v 0.481478 -0.007204 -0.368106
v 0.490188 -0.030253 -0.355144
v 0.468191 -0.014972 -0.376509
v -0.234226 0.315050 -0.598921
v -0.233361 0.326237 -0.607449
v -0.205021 0.294307 -0.592903
v -0.228847 0.316221 -0.570025
v -0.211351 0.289487 -0.586721
v -0.182438 0.266794 -0.570462
v -0.231520 0.308024 -0.569178
v -0.190730 0.264263 -0.567318
v -0.184495 0.247550 -0.415311
v -0.231731 0.287784 -0.421557
v -0.229681 0.295246 -0.412143
v -0.192532 0.246409 -0.424168
v -0.205021 0.294307 -0.592903
v -0.233361 0.326237 -0.607449
v -0.223806 0.325636 -0.597645
v -0.228847 0.316221 -0.570025
v -0.201155 0.300149 -0.585294
v -0.182438 0.266794 -0.570462
v -0.220828 0.318331 -0.567967
v -0.180272 0.274810 -0.566039
v -0.182104 0.256985 -0.422892
v -0.184495 0.247550 -0.415311
v -0.229681 0.295246 -0.412143
v -0.221299 0.298351 -0.420398
v 0.073556 0.446242 -0.574443
v 0.081532 0.454474 -0.582613
v 0.081774 0.411112 -0.570216
v 0.078608 0.442133 -0.545736
v 0.073893 0.411377 -0.563970
v 0.080690 0.374471 -0.549568
v 0.071188 0.437717 -0.545070
v 0.072827 0.377897 -0.546207
v 0.067735 0.353718 -0.395157
v 0.058894 0.415372 -0.398282
v 0.065447 0.419141 -0.388700
v 0.060880 0.358612 -0.403746
v 0.081774 0.411112 -0.570216
v 0.081532 0.454474 -0.582613
v 0.088380 0.447225 -0.573193
v 0.078608 0.442133 -0.545736
v 0.088601 0.412557 -0.562558
v 0.080690 0.374471 -0.549568
v 0.086032 0.438314 -0.543904
v 0.087654 0.378825 -0.544957
v 0.075705 0.359582 -0.402497
v 0.067735 0.353718 -0.395157
v 0.065447 0.419141 -0.388700
v 0.073714 0.416338 -0.397151
v 0.365823 0.292944 -0.547658
v 0.396101 0.324874 -0.557557
v 0.395611 0.313687 -0.548999
v 0.385747 0.314858 -0.521312
v 0.371100 0.288124 -0.540555
v 0.339987 0.265431 -0.529054
v 0.388254 0.306660 -0.520054
v 0.347679 0.262900 -0.524643
v 0.317577 0.246186 -0.375517
v 0.365207 0.286420 -0.374243
v 0.361700 0.293883 -0.365270
v 0.326909 0.245045 -0.382997
v 0.385121 0.324272 -0.549381
v 0.396101 0.324874 -0.557557
v 0.365823 0.292944 -0.547658
v 0.385747 0.314858 -0.521312
v 0.360807 0.298785 -0.540752
v 0.339987 0.265431 -0.529054
v 0.377504 0.316968 -0.520543
v 0.337151 0.273446 -0.525027
v 0.316409 0.255622 -0.383379
v 0.317577 0.246186 -0.375517
v 0.361700 0.293883 -0.365270
v 0.354723 0.296987 -0.374742
v 0.525266 0.005694 -0.538578
v 0.533904 -0.001843 -0.546740
v 0.489682 -0.001577 -0.537887
v 0.518665 -0.001658 -0.510843
v 0.489663 0.005723 -0.530971
v 0.451515 -0.000944 -0.520193
v 0.514428 0.005832 -0.509879
v 0.454882 0.006471 -0.515893
v 0.418531 -0.000585 -0.367375
v 0.480467 0.006247 -0.364815
v 0.483241 -0.001240 -0.355578
v 0.424314 0.006801 -0.374914
v 0.489682 -0.001577 -0.537887
v 0.533904 -0.001843 -0.546740
v 0.525708 -0.009208 -0.538562
v 0.518665 -0.001658 -0.510843
v 0.490291 -0.009085 -0.530769
v 0.451515 -0.000944 -0.520193
v 0.514493 -0.009069 -0.509979
v 0.455269 -0.008432 -0.515882
v 0.424743 -0.008102 -0.374899
v 0.418531 -0.000585 -0.367375
v 0.483241 -0.001240 -0.355578
v 0.480901 -0.008641 -0.364918
v 0.395587 -0.314162 -0.549003
v 0.396076 -0.325349 -0.557561
v 0.365798 -0.293419 -0.547661
v 0.385723 -0.315333 -0.521315
v 0.371076 -0.288599 -0.540559
v 0.339963 -0.265906 -0.529057
v 0.388229 -0.307136 -0.520057
v 0.347655 -0.263375 -0.524646
v 0.317553 -0.246662 -0.375520
v 0.365183 -0.286896 -0.374246
v 0.361675 -0.294359 -0.365273
v 0.326885 -0.245521 -0.383000
v 0.365798 -0.293419 -0.547661
v 0.396076 -0.325349 -0.557561
v 0.385096 -0.324747 -0.549384
v 0.385723 -0.315333 -0.521315
v 0.360782 -0.299260 -0.540756
v 0.339963 -0.265906 -0.529057
v 0.377480 -0.317443 -0.520546
v 0.337127 -0.273921 -0.525031
v 0.316385 -0.256098 -0.383382
v 0.317553 -0.246662 -0.375520
v 0.361675 -0.294359 -0.365273
v 0.354698 -0.297463 -0.374745
v 0.081774 -0.411111 -0.570218
v 0.081532 -0.454473 -0.582616
v 0.073556 -0.446241 -0.574445
v 0.078608 -0.442132 -0.545738
v 0.073893 -0.411376 -0.563972
v 0.080690 -0.374470 -0.549570
v 0.071188 -0.437716 -0.545072
v 0.072827 -0.377896 -0.546209
v 0.067735 -0.353718 -0.395158
v 0.058894 -0.415372 -0.398285
v 0.065447 -0.419141 -0.388703
v 0.060880 -0.358612 -0.403748
v 0.088380 -0.447224 -0.573196
v 0.081532 -0.454473 -0.582616
v 0.081774 -0.411111 -0.570218
v 0.078608 -0.442132 -0.545738
v 0.088601 -0.412556 -0.562560
v 0.080690 -0.374470 -0.549570
v 0.086032 -0.438313 -0.543907
v 0.087654 -0.378824 -0.544959
v 0.075705 -0.359582 -0.402499
v 0.067735 -0.353718 -0.395158
v 0.065447 -0.419141 -0.388703
v 0.073713 -0.416338 -0.397153
v -0.205021 -0.294306 -0.592905
v -0.233361 -0.326236 -0.607451
v -0.234226 -0.315049 -0.598923
v -0.228847 -0.316220 -0.570027
v -0.211351 -0.289486 -0.586723
v -0.182438 -0.266793 -0.570464
v -0.231520 -0.308023 -0.569180
v -0.190730 -0.264262 -0.567320
v -0.184495 -0.247549 -0.415313
v -0.231732 -0.287784 -0.421558
v -0.229681 -0.295246 -0.412145
v -0.192532 -0.246408 -0.424170
v -0.223806 -0.325635 -0.597647
v -0.233361 -0.326236 -0.607451
v -0.205021 -0.294306 -0.592905
v -0.228847 -0.316220 -0.570027
v -0.201155 -0.300148 -0.585295
v -0.182438 -0.266793 -0.570464
v -0.220828 -0.318330 -0.567969
v -0.180272 -0.274808 -0.566041
v -0.182104 -0.256985 -0.422893
v -0.184495 -0.247549 -0.415313
v -0.229681 -0.295246 -0.412145
v -0.221299 -0.298350 -0.420400
v 0.159194 0.364791 -0.396301
v 0.171742 0.356365 -0.380707
v 0.185734 0.364997 -0.388105
v 0.232213 0.333309 -0.375046
v 0.176338 0.371047 -0.399739
v 0.170712 0.377758 -0.466528
v 0.185567 0.381437 -0.456007
v 0.187926 0.374585 -0.479383
v 0.198429 0.379289 -0.465505
v 0.228862 0.348554 -0.384067
v 0.241556 0.362845 -0.461468
v 0.248397 0.351529 -0.473722
v 0.261025 0.343325 -0.458073
v 0.241633 0.346152 -0.393627
v 0.249507 0.330358 -0.387847
v 0.250861 0.356542 -0.449895
v 0.382577 0.188027 -0.380526
v 0.384349 0.172102 -0.365868
v 0.400352 0.168017 -0.373095
v 0.407822 0.111575 -0.363423
v 0.398832 0.179765 -0.384045
v 0.401890 0.192708 -0.450080
v 0.414306 0.183515 -0.439774
v 0.411485 0.178678 -0.463598
v 0.421637 0.173175 -0.449754
v 0.417093 0.124850 -0.371351
v 0.438378 0.130009 -0.448010
v 0.434958 0.118152 -0.461153
v 0.436946 0.102313 -0.446429
v 0.424178 0.114411 -0.381406
v 0.417634 0.097633 -0.376875
v 0.439651 0.118162 -0.437134
v -0.099827 -0.342791 -0.412445
v -0.103853 -0.326991 -0.404753
v -0.118309 -0.323738 -0.420629
v -0.044853 -0.353407 -0.398296
v -0.110469 -0.340172 -0.424282
v -0.117556 -0.339322 -0.491263
v -0.109867 -0.352659 -0.480877
v -0.102796 -0.348889 -0.504000
v -0.098998 -0.359967 -0.490294
v -0.057749 -0.361630 -0.407840
v -0.056920 -0.378806 -0.485690
v -0.043796 -0.375304 -0.497544
v -0.029442 -0.378773 -0.481621
v -0.046764 -0.368694 -0.417311
v -0.030194 -0.363188 -0.410987
v -0.046161 -0.381181 -0.473905
v 0.185734 -0.364997 -0.388107
v 0.171742 -0.356365 -0.380709
v 0.159194 -0.364791 -0.396303
v 0.232213 -0.333309 -0.375048
v 0.176338 -0.371047 -0.399741
v 0.170712 -0.377758 -0.466530
v 0.185567 -0.381436 -0.456009
v 0.187926 -0.374584 -0.479385
v 0.198429 -0.379288 -0.465507
v 0.228862 -0.348554 -0.384069
v 0.241556 -0.362845 -0.461470
v 0.248397 -0.351528 -0.473723
v 0.261025 -0.343324 -0.458075
v 0.241633 -0.346152 -0.393629
v 0.249507 -0.330358 -0.387849
v 0.250861 -0.356541 -0.449897
v 0.400352 -0.168017 -0.373096
v 0.384349 -0.172102 -0.365869
v 0.382577 -0.188027 -0.380527
v 0.407822 -0.111576 -0.363424
v 0.398832 -0.179765 -0.384046
v 0.401890 -0.192707 -0.450081
v 0.414306 -0.183515 -0.439775
v 0.411485 -0.178678 -0.463599
v 0.421637 -0.173175 -0.449755
v 0.417093 -0.124850 -0.371352
v 0.438378 -0.130008 -0.448011
v 0.434958 -0.118151 -0.461154
v 0.436946 -0.102313 -0.446429
v 0.424178 -0.114412 -0.381406
v 0.417634 -0.097633 -0.376876
v 0.439651 -0.118161 -0.437135
v -0.118309 0.323738 -0.420628
v -0.103853 0.326992 -0.404751
v -0.099827 0.342792 -0.412443
v -0.044853 0.353407 -0.398294
v -0.110469 0.340172 -0.424281
v -0.117556 0.339323 -0.491262
v -0.109867 0.352659 -0.480875
v -0.102796 0.348889 -0.503999
v -0.098997 0.359968 -0.490292
v -0.057749 0.361630 -0.407838
v -0.056919 0.378807 -0.485688
v -0.043796 0.375305 -0.497542
v -0.029442 0.378773 -0.481619
v -0.046764 0.368694 -0.417309
v -0.030194 0.363189 -0.410985
v -0.046161 0.381181 -0.473903
vn 0.6212 0.1611 -0.7669
vn 0.7845 -0.2939 -0.5460
vn 0.4492 0.3280 -0.8311
vn 0.3257 0.8405 -0.4330
vn -0.1943 0.8141 -0.5472
vn -0.1881 0.8142 -0.5493
vn -0.3126 0.3280 -0.8915
vn -0.6887 -0.2939 -0.6628
vn -0.4926 0.1610 -0.8552
vn 0.2722 0.8141 -0.5129
vn 0.2781 0.8142 -0.5097
vn -0.2534 0.8405 -0.4789
vn -0.5581 0.8013 -0.2156
vn -0.5570 0.8029 -0.2125
vn -0.8546 0.4100 -0.3186
vn -0.2925 -0.9549 -0.0509
vn 0.2514 -0.9669 -0.0435
vn 0.2299 -0.9707 -0.0704
vn 0.4559 -0.8406 0.2924
vn 0.8819 -0.4592 0.1064
vn 0.8678 -0.4929 0.0640
vn 0.8941 0.4100 -0.1801
vn 0.5835 0.8029 -0.1222
vn 0.5851 0.8013 -0.1250
vn 0.8678 0.4928 0.0640
vn 0.8819 0.4592 0.1065
vn 0.4560 0.8406 0.2923
vn 0.2299 0.9707 -0.0704
vn 0.2515 0.9669 -0.0436
vn -0.2925 0.9549 -0.0508
vn 0.2969 0.9549 -0.0042
vn -0.2414 0.9669 -0.0826
vn -0.2159 0.9707 -0.1057
vn -0.2160 -0.9706 -0.1059
vn -0.2412 -0.9670 -0.0822
vn 0.2969 -0.9549 -0.0041
vn -0.9353 0.3490 -0.0586
vn -0.9476 0.3107 -0.0740
vn -0.9353 0.3491 -0.0584
vn -0.9343 0.3530 -0.0496
vn -0.9311 0.3648 -0.0073
vn -0.9288 0.3706 -0.0038
vn 0.0328 -0.0000 -0.9995
vn 0.0286 -0.0000 -0.9996
vn 0.0562 0.0055 -0.9984
vn 0.0589 0.0073 -0.9982
vn 0.0577 0.0121 -0.9983
vn 0.0397 0.0390 -0.9985
vn -0.2803 0.2763 -0.9193
vn 0.8788 -0.3897 -0.2753
vn 0.8527 -0.3807 -0.3577
vn 0.9277 -0.3540 -0.1185
vn 0.9293 -0.3528 -0.1089
vn 0.9679 -0.2277 -0.1062
vn 0.9795 -0.1863 -0.0762
vn 0.9994 -0.0000 -0.0333
vn 0.9999 -0.0000 -0.0141
vn 0.9982 -0.0000 -0.0604
vn 0.9972 -0.0000 -0.0753
vn 0.9729 0.2187 -0.0751
vn 0.9597 0.2747 -0.0601
vn 0.8922 0.4434 -0.0863
vn 0.8610 0.5031 -0.0744
vn 0.7567 0.6443 -0.1112
vn 0.7100 0.6970 -0.1001
vn 0.5582 0.8191 -0.1323
vn 0.5056 0.8548 -0.1168
vn 0.3163 0.9372 -0.1468
vn 0.2611 0.9528 -0.1549
vn 0.0135 0.9837 -0.1795
vn 0.0510 0.9839 -0.1715
vn -0.2293 0.9522 -0.2018
vn -0.2664 0.9450 -0.1896
vn -0.4720 0.8563 -0.2098
vn -0.5080 0.8385 -0.1968
vn -0.6707 0.7087 -0.2188
vn -0.6962 0.6870 -0.2083
vn -0.8301 0.5079 -0.2301
vn -0.8505 0.4782 -0.2191
vn -0.9343 0.2646 -0.2390
vn -0.9469 0.2286 -0.2262
vn -0.9714 -0.0000 -0.2376
vn -0.9754 -0.0000 -0.2204
vn 0.0397 -0.0390 -0.9985
vn -0.2803 -0.2763 -0.9193
vn 0.0577 -0.0121 -0.9983
vn 0.0589 -0.0073 -0.9982
vn 0.0562 -0.0055 -0.9984
vn 0.0286 -0.0001 -0.9996
vn 0.9995 -0.0000 -0.0323
vn 0.9795 0.1863 -0.0762
vn 0.9679 0.2277 -0.1062
vn 0.9293 0.3528 -0.1089
vn 0.9277 0.3540 -0.1185
vn 0.8789 0.3897 -0.2750
vn 0.8526 0.3806 -0.3581
vn 0.9308 0.0297 -0.3642
vn 0.9990 0.0252 -0.0370
vn 0.9253 0.0246 -0.3785
vn 0.5969 0.0147 -0.8022
vn 0.5944 0.0095 -0.8041
vn 0.9995 0.0041 0.0308
vn 0.9990 -0.0180 -0.0414
vn 0.7224 -0.0326 0.6907
vn 0.6837 -0.0201 0.7295
vn 0.9669 -0.0346 0.2527
vn 0.9513 -0.0007 0.3083
vn 0.9805 -0.0024 -0.1964
vn 0.9838 -0.0105 -0.1787
vn 0.8747 -0.0044 -0.4846
vn 0.8766 -0.0018 -0.4812
vn 0.7233 0.0014 -0.6906
vn -0.2941 -0.8115 0.5049
vn -0.5911 -0.0237 0.8063
vn -0.3819 -0.0259 0.9238
vn -0.1628 -0.7807 0.6033
vn -0.0798 -0.0072 0.9968
vn -0.1077 -0.9921 0.0645
vn 0.0734 0.0043 0.9973
vn -0.0046 -0.9972 -0.0741
vn -0.0196 -0.9964 -0.0825
vn 0.2661 0.0025 0.9640
vn 0.4891 -0.0040 0.8722
vn -0.0542 0.0043 -0.9985
vn -0.2662 -0.8204 -0.5060
vn -0.2688 -0.0077 -0.9632
vn -0.3636 0.0211 -0.9313
vn -0.3913 -0.8581 -0.3325
vn -0.4693 -0.8374 -0.2802
vn -0.0620 -0.0111 -0.9980
vn -0.7539 0.0629 -0.6540
vn -0.5684 -0.7928 -0.2200
vn -0.8547 0.4100 -0.3185
vn -0.4175 0.8297 -0.3705
vn -0.2978 0.8193 -0.4899
vn -0.1286 0.9909 0.0393
vn -0.0001 0.9968 -0.0799
vn -0.0798 -0.0074 0.9968
vn -0.3819 -0.0260 0.9238
vn 0.0734 0.0042 0.9973
vn -0.1609 0.7707 0.6166
vn -0.3480 0.7832 0.5152
vn 0.2658 0.0024 0.9640
vn -0.0295 0.9925 -0.1187
vn -0.0598 0.9942 -0.0889
vn 0.4889 -0.0040 0.8723
vn 0.7451 -0.0074 0.6669
vn -0.5060 -0.0017 -0.8625
vn -0.0811 0.9937 -0.0773
vn -0.0953 0.9951 -0.0268
vn 0.9397 0.0095 0.3419
vn 0.9931 0.0266 0.1143
vn -0.7455 -0.0027 -0.6665
vn -0.0524 -0.9945 -0.0910
vn -0.0800 -0.9936 -0.0793
vn 0.9397 0.0095 0.3418
vn -0.9282 -0.0147 -0.3718
vn -0.0772 -0.9969 -0.0172
vn -0.0391 -0.9992 -0.0001
vn 0.9931 0.0266 0.1142
vn -0.0690 0.9976 0.0026
vn 0.9971 0.0055 -0.0761
vn -0.9941 -0.0187 -0.1070
vn 0.0233 0.9997 -0.0062
vn 0.9905 0.0004 -0.1377
vn 0.0844 0.9964 0.0126
vn -0.9963 -0.0204 0.0838
vn -0.9862 -0.0217 0.1641
vn 0.0435 -0.9988 0.0207
vn 0.0637 -0.9978 -0.0181
vn 0.9905 0.0007 -0.1377
vn 0.0709 -0.8871 -0.4561
vn 0.0212 -0.9984 0.0523
vn 0.0656 -0.8768 -0.4763
vn 0.0885 -0.4223 -0.9021
vn 0.0823 -0.4180 -0.9047
vn 0.0183 -0.9853 -0.1697
vn 0.0011 -0.9697 -0.2443
vn -0.0749 -0.8472 0.5260
vn -0.0659 -0.8163 0.5738
vn -0.0370 -0.9993 0.0110
vn -0.0063 -0.9975 0.0710
vn 0.0416 -0.8257 -0.5625
vn 0.0322 -0.8405 -0.5409
vn 0.0647 -0.4952 -0.8664
vn 0.0641 -0.4914 -0.8686
vn 0.0734 -0.3343 -0.9396
vn -0.8591 0.2048 0.4691
vn -0.0891 0.5591 0.8243
vn -0.0978 0.2080 0.9732
vn -0.8287 0.0372 0.5585
vn -0.0853 -0.1279 0.9881
vn -0.9958 0.0913 0.0026
vn -0.0726 -0.2563 0.9639
vn -0.9897 0.0166 -0.1424
vn -0.9871 0.0352 -0.1562
vn -0.0682 -0.4421 0.8944
vn -0.0646 -0.6481 0.7588
vn 0.0738 0.2368 -0.9688
vn -0.7891 0.3553 -0.5012
vn 0.0606 0.4548 -0.8885
vn 0.0813 0.5852 -0.8068
vn -0.8450 0.4428 -0.2998
vn -0.8632 0.4844 -0.1424
vn 0.0613 0.2515 -0.9659
vn 0.0368 0.9928 -0.1139
vn -0.8444 0.5251 0.1059
vn 0.4561 0.8406 0.2924
vn 0.8686 0.4601 -0.1838
vn 0.8564 0.3800 -0.3494
vn 0.9829 0.1110 0.1468
vn 0.9998 0.0133 0.0130
vn -0.0854 -0.1279 0.9881
vn -0.0978 0.2079 0.9733
vn 0.7129 0.0453 0.6998
vn 0.7463 0.2593 0.6130
vn -0.0683 -0.4420 0.8944
vn 0.9981 0.0541 -0.0286
vn 0.9973 0.0736 0.0023
vn -0.0509 -0.8246 0.5635
vn 0.0577 0.6591 -0.7498
vn 0.9970 0.0718 0.0274
vn 0.9938 0.0961 0.0551
vn -0.0134 -0.9537 0.3006
vn 0.0220 -0.9978 0.0632
vn 0.0412 0.8182 -0.5735
vn -0.9852 0.0670 -0.1577
vn -0.9896 0.0669 -0.1271
vn -0.0508 -0.8246 0.5634
vn -0.0133 -0.9537 0.3005
vn 0.0107 0.9465 -0.3226
vn -0.9925 0.0778 -0.0944
vn -0.9958 0.0514 -0.0755
vn 0.0222 -0.9978 0.0631
vn 0.9931 0.0793 0.0862
vn 0.0189 -0.9846 -0.1738
vn -0.0146 0.9988 -0.0459
vn 0.9970 -0.0023 0.0778
vn 0.0216 -0.9646 -0.2628
vn 0.9919 -0.1058 0.0706
vn -0.0332 0.9842 0.1742
vn -0.0425 0.9582 0.2830
vn -0.9981 -0.0248 -0.0566
vn -0.9903 -0.0845 -0.1101
vn 0.0189 -0.9846 -0.1739
vn 0.0216 -0.9647 -0.2626
vn 0.6610 -0.5719 -0.4857
vn 0.7237 -0.6626 -0.1928
vn 0.6504 -0.5665 -0.5061
vn 0.4094 -0.3173 -0.8554
vn 0.4023 -0.3178 -0.8586
vn 0.7180 -0.6942 -0.0502
vn 0.6997 -0.7034 -0.1250
vn 0.5072 -0.5902 0.6281
vn 0.4887 -0.5573 0.6713
vn 0.6736 -0.7216 0.1599
vn 0.6870 -0.6919 0.2221
vn 0.6770 -0.6518 -0.3419
vn 0.6824 -0.6586 -0.3171
vn 0.5628 -0.5364 -0.6289
vn 0.5424 -0.5349 -0.6478
vn 0.4910 -0.4795 -0.7274
vn -0.7442 -0.4597 0.4846
vn -0.3748 0.2915 0.8801
vn -0.2482 0.1465 0.9576
vn -0.6498 -0.5223 0.5522
vn -0.0668 -0.0278 0.9974
vn -0.7708 -0.6371 0.0059
vn 0.0456 -0.1191 0.9918
vn -0.7025 -0.7025 -0.1140
vn -0.7122 -0.6852 -0.1523
vn 0.1970 -0.2609 0.9451
vn 0.3573 -0.4177 0.8354
vn -0.0386 0.1057 -0.9937
vn -0.7744 -0.3473 -0.5288
vn -0.2132 0.2559 -0.9429
vn -0.2787 0.3710 -0.8858
vn -0.8901 -0.3034 -0.3400
vn -0.9360 -0.2623 -0.2348
vn -0.0617 0.1088 -0.9921
vn -0.6048 0.6831 -0.4094
vn -0.9759 -0.1964 -0.0955
vn 0.2298 0.9707 -0.0704
vn 0.2845 0.9196 -0.2708
vn 0.3447 0.8376 -0.4238
vn 0.6069 0.7907 0.0812
vn 0.6975 0.7165 -0.0122
vn -0.0670 -0.0277 0.9974
vn 0.0454 -0.1190 0.9919
vn 0.4596 0.6123 0.6433
vn 0.3382 0.7567 0.5594
vn 0.1967 -0.2609 0.9451
vn 0.6674 0.7403 -0.0806
vn 0.6543 0.7555 -0.0318
vn 0.3571 -0.4177 0.8354
vn 0.5019 -0.5506 0.6670
vn -0.3674 0.4163 -0.8317
vn 0.6525 0.7577 -0.0093
vn 0.6379 0.7701 0.0038
vn 0.6329 -0.6389 0.4373
vn 0.7182 -0.6753 0.1678
vn -0.5058 0.5397 -0.6730
vn -0.7308 -0.6677 -0.1418
vn -0.7389 -0.6651 -0.1082
vn 0.5021 -0.5506 0.6669
vn 0.6330 -0.6389 0.4371
vn -0.6337 0.6302 -0.4487
vn -0.7474 -0.6601 -0.0758
vn -0.7573 -0.6507 -0.0561
vn 0.7183 -0.6752 0.1676
vn 0.6104 0.7910 0.0417
vn 0.7229 -0.6819 -0.1116
vn -0.7134 0.6853 -0.1466
vn 0.6897 0.7217 0.0583
vn 0.7111 -0.6732 -0.2027
vn 0.7692 0.6368 0.0530
vn -0.7286 0.6745 0.1190
vn -0.7192 0.6558 0.2293
vn -0.6897 -0.7235 -0.0286
vn -0.6333 -0.7701 -0.0766
vn 0.7229 -0.6818 -0.1118
vn 0.7112 -0.6731 -0.2027
vn -0.5763 0.5719 -0.5838
vn -0.6843 0.6626 -0.3044
vn -0.5625 0.5664 -0.6022
vn -0.2695 0.3173 -0.9092
vn -0.2620 0.3179 -0.9112
vn -0.7011 0.6943 -0.1626
vn -0.6713 0.7034 -0.2337
vn -0.5998 0.5902 0.5403
vn -0.5883 0.5573 0.5859
vn -0.6904 0.7216 0.0518
vn -0.7135 0.6918 0.1111
vn -0.6147 0.6518 -0.4442
vn -0.6239 0.6587 -0.4206
vn -0.4566 0.5364 -0.7097
vn -0.4336 0.5349 -0.7252
vn -0.3703 0.4795 -0.7956
vn 0.6586 0.4597 0.5957
vn 0.2315 -0.2915 0.9281
vn 0.0942 -0.1465 0.9847
vn 0.5547 0.5223 0.6477
vn -0.0911 0.0278 0.9955
vn 0.7602 0.6371 0.1272
vn -0.2013 0.1190 0.9723
vn 0.7116 0.7025 -0.0019
vn 0.7274 0.6852 -0.0382
vn -0.3433 0.2609 0.9023
vn -0.4844 0.4177 0.7687
vn 0.1946 -0.1057 -0.9752
vn 0.8481 0.3473 -0.4002
vn 0.3591 -0.2559 -0.8975
vn 0.4148 -0.3710 -0.8309
vn 0.9326 0.3033 -0.1955
vn 0.9613 0.2623 -0.0845
vn 0.2172 -0.1088 -0.9700
vn 0.6617 -0.6831 -0.3091
vn 0.9787 0.1964 0.0594
vn 0.2969 -0.9549 -0.0042
vn -0.2159 -0.9707 -0.1058
vn -0.2383 -0.9196 -0.3123
vn -0.2737 -0.8376 -0.4728
vn -0.6121 -0.7907 -0.0154
vn -0.6868 -0.7165 -0.1219
vn -0.0909 0.0277 0.9955
vn 0.0943 -0.1465 0.9847
vn -0.2012 0.1190 0.9723
vn -0.5552 -0.6124 0.5628
vn -0.4221 -0.7568 0.4991
vn -0.3432 0.2609 0.9023
vn -0.6464 -0.7403 -0.1847
vn -0.6411 -0.7556 -0.1345
vn -0.6007 0.5506 0.5796
vn 0.4939 -0.4163 -0.7634
vn -0.6429 -0.7577 -0.1120
vn -0.6305 -0.7701 -0.0967
vn -0.6939 0.6389 0.3322
vn -0.7357 0.6753 0.0525
vn 0.6055 -0.5397 -0.5849
vn 0.7440 0.6677 -0.0249
vn 0.7467 0.6651 0.0096
vn -0.6009 0.5506 0.5794
vn -0.6940 0.6389 0.3320
vn 0.6965 -0.6302 -0.3432
vn 0.7500 0.6601 0.0429
vn 0.7567 0.6507 0.0639
vn -0.7357 0.6752 0.0525
vn -0.6094 -0.7909 -0.0550
vn -0.6963 0.6819 -0.2241
vn 0.7275 -0.6853 -0.0324
vn -0.6903 -0.7217 -0.0511
vn -0.6703 0.6732 -0.3122
vn -0.7680 -0.6367 -0.0689
vn 0.7008 -0.6745 0.2323
vn 0.6741 -0.6558 0.3397
vn 0.6856 0.7235 0.0804
vn 0.6375 0.7701 0.0241
vn -0.6963 0.6818 -0.2242
vn -0.9353 -0.3491 -0.0584
vn -0.9476 -0.3107 -0.0740
vn -0.9353 -0.3490 -0.0586
vn -0.9343 -0.3529 -0.0495
vn -0.9311 -0.3647 -0.0074
vn -0.9288 -0.3705 -0.0038
vn 0.9729 -0.2187 -0.0751
vn 0.9597 -0.2747 -0.0601
vn 0.8922 -0.4434 -0.0863
vn 0.8610 -0.5031 -0.0744
vn 0.7567 -0.6443 -0.1112
vn 0.7100 -0.6970 -0.1001
vn 0.5582 -0.8191 -0.1323
vn 0.5056 -0.8548 -0.1168
vn 0.3163 -0.9372 -0.1468
vn 0.2611 -0.9528 -0.1549
vn 0.0135 -0.9837 -0.1795
vn 0.0510 -0.9839 -0.1715
vn -0.2293 -0.9522 -0.2018
vn -0.2664 -0.9450 -0.1896
vn -0.4720 -0.8563 -0.2098
vn -0.5080 -0.8385 -0.1968
vn -0.6707 -0.7087 -0.2188
vn -0.6962 -0.6870 -0.2083
vn -0.8301 -0.5079 -0.2301
vn -0.8505 -0.4782 -0.2191
vn -0.9343 -0.2646 -0.2390
vn -0.9469 -0.2286 -0.2262
vn -0.9717 -0.0000 -0.2362
vn -0.9752 -0.0000 -0.2214
vn -0.9995 -0.0001 -0.0302
vn -0.9712 -0.0948 0.2185
vn -0.9941 0.0865 0.0658
vn -0.7618 -0.0425 0.6464
vn -0.6608 -0.0144 0.7504
vn 0.6610 0.5719 -0.4857
vn 0.6504 0.5665 -0.5061
vn 0.7237 0.6626 -0.1928
vn 0.4094 0.3173 -0.8554
vn 0.4023 0.3178 -0.8586
vn 0.7180 0.6943 -0.0502
vn 0.6997 0.7034 -0.1250
vn 0.5072 0.5902 0.6280
vn 0.4887 0.5573 0.6713
vn 0.6736 0.7216 0.1599
vn 0.6870 0.6918 0.2221
vn 0.6770 0.6518 -0.3419
vn 0.6824 0.6586 -0.3171
vn 0.5627 0.5364 -0.6289
vn 0.5424 0.5349 -0.6478
vn 0.4910 0.4795 -0.7273
vn -0.7442 0.4597 0.4845
vn -0.2482 -0.1466 0.9576
vn -0.3749 -0.2916 0.8800
vn -0.6498 0.5223 0.5522
vn -0.0669 0.0277 0.9974
vn -0.7708 0.6371 0.0059
vn 0.0455 0.1189 0.9919
vn -0.7025 0.7025 -0.1140
vn -0.0386 -0.1057 -0.9937
vn -0.7744 0.3473 -0.5288
vn -0.7123 0.6852 -0.1523
vn 0.1968 0.2607 0.9451
vn 0.3572 0.4177 0.8354
vn -0.2132 -0.2559 -0.9429
vn -0.7308 0.6677 -0.1418
vn -0.0617 -0.1088 -0.9921
vn -0.7389 0.6651 -0.1082
vn 0.5020 0.5505 0.6670
vn 0.6330 0.6388 0.4373
vn -0.3674 -0.4163 -0.8317
vn -0.7474 0.6601 -0.0758
vn 0.6674 -0.7403 -0.0806
vn -0.5058 -0.5397 -0.6730
vn -0.6337 -0.6302 -0.4487
vn -0.7573 0.6507 -0.0561
vn 0.7183 0.6752 0.1677
vn 0.6525 -0.7577 -0.0093
vn -0.6897 0.7235 -0.0286
vn 0.7230 0.6818 -0.1117
vn -0.6333 0.7701 -0.0766
vn 0.7112 0.6731 -0.2027
vn -0.7192 -0.6558 0.2293
vn -0.7286 -0.6745 0.1190
vn 0.7693 -0.6367 0.0530
vn -0.7134 -0.6853 -0.1466
vn 0.6897 -0.7217 0.0583
vn 0.7111 0.6732 -0.2027
vn 0.7229 0.6819 -0.1117
vn 0.6105 -0.7910 0.0417
vn 0.7182 0.6753 0.1677
vn 0.6379 -0.7701 0.0038
vn 0.6329 0.6390 0.4372
vn 0.5020 0.5507 0.6669
vn 0.6543 -0.7556 -0.0318
vn 0.3572 0.4178 0.8354
vn 0.1968 0.2610 0.9451
vn 0.6975 -0.7165 -0.0122
vn 0.0456 0.1192 0.9918
vn -0.0669 0.0278 0.9974
vn 0.6068 -0.7907 0.0812
vn -0.2482 -0.1465 0.9576
vn 0.3382 -0.7567 0.5594
vn -0.3748 -0.2915 0.8801
vn 0.4596 -0.6123 0.6433
vn -0.2787 -0.3710 -0.8858
vn 0.3447 -0.8376 -0.4238
vn -0.8901 0.3034 -0.3400
vn 0.2845 -0.9196 -0.2708
vn -0.9360 0.2624 -0.2348
vn -0.6048 -0.6831 -0.4095
vn 0.2298 -0.9707 -0.0704
vn -0.9759 0.1964 -0.0955
vn 0.0709 0.8871 -0.4561
vn 0.0656 0.8768 -0.4763
vn 0.0212 0.9984 0.0523
vn 0.0885 0.4223 -0.9021
vn 0.0823 0.4180 -0.9047
vn 0.0183 0.9853 -0.1697
vn 0.0010 0.9697 -0.2444
vn -0.0749 0.8472 0.5260
vn -0.0659 0.8163 0.5738
vn -0.0370 0.9993 0.0110
vn -0.0063 0.9975 0.0710
vn 0.0416 0.8257 -0.5625
vn 0.0322 0.8405 -0.5409
vn 0.0647 0.4952 -0.8664
vn 0.0641 0.4913 -0.8686
vn 0.0733 0.3343 -0.9396
vn -0.8591 -0.2048 0.4691
vn -0.0978 -0.2078 0.9733
vn -0.0891 -0.5591 0.8243
vn -0.8287 -0.0372 0.5585
vn -0.0853 0.1279 0.9881
vn -0.9958 -0.0913 0.0027
vn -0.0726 0.2563 0.9639
vn -0.9897 -0.0166 -0.1424
vn 0.0738 -0.2368 -0.9688
vn -0.7891 -0.3553 -0.5012
vn -0.9871 -0.0352 -0.1562
vn -0.0682 0.4420 0.8944
vn -0.0646 0.6481 0.7588
vn 0.0606 -0.4548 -0.8885
vn -0.9852 -0.0670 -0.1577
vn 0.0613 -0.2515 -0.9659
vn -0.9896 -0.0669 -0.1271
vn -0.0508 0.8246 0.5635
vn -0.0133 0.9536 0.3006
vn 0.0578 -0.6591 -0.7498
vn -0.9925 -0.0778 -0.0944
vn 0.9981 -0.0541 -0.0286
vn 0.0412 -0.8182 -0.5735
vn 0.0107 -0.9465 -0.3226
vn -0.9958 -0.0514 -0.0755
vn 0.0222 0.9978 0.0632
vn 0.9970 -0.0718 0.0274
vn -0.9981 0.0248 -0.0566
vn 0.0189 0.9846 -0.1738
vn -0.9903 0.0845 -0.1102
vn 0.0216 0.9646 -0.2628
vn -0.0425 -0.9582 0.2829
vn -0.0332 -0.9842 0.1742
vn 0.9919 0.1058 0.0706
vn -0.0146 -0.9988 -0.0459
vn 0.9970 0.0023 0.0778
vn 0.0216 0.9646 -0.2627
vn 0.0189 0.9846 -0.1739
vn 0.9931 -0.0793 0.0862
vn 0.0221 0.9978 0.0631
vn 0.9938 -0.0961 0.0551
vn -0.0134 0.9537 0.3005
vn -0.0509 0.8246 0.5633
vn 0.9973 -0.0735 0.0023
vn -0.0683 0.4421 0.8943
vn 0.9998 -0.0133 0.0130
vn -0.0855 0.1279 0.9881
vn 0.9829 -0.1110 0.1468
vn -0.0978 -0.2079 0.9733
vn 0.7464 -0.2593 0.6130
vn -0.0891 -0.5592 0.8243
vn 0.7129 -0.0453 0.6998
vn 0.0813 -0.5852 -0.8068
vn 0.8564 -0.3800 -0.3494
vn -0.8450 -0.4428 -0.2998
vn 0.8686 -0.4601 -0.1839
vn -0.8632 -0.4844 -0.1424
vn 0.0368 -0.9928 -0.1138
vn 0.8678 -0.4928 0.0640
vn -0.8444 -0.5251 0.1059
vn 0.4560 -0.8406 0.2924
vn -0.8618 0.0297 -0.5063
vn -0.8541 0.0246 -0.5195
vn -0.9807 0.0252 -0.1939
vn -0.4630 0.0147 -0.8862
vn -0.4603 0.0095 -0.8877
vn -0.9919 0.0041 -0.1271
vn -0.9800 -0.0180 -0.1983
vn -0.8222 -0.0325 0.5683
vn -0.7901 -0.0201 0.6127
vn -0.9947 -0.0346 0.0972
vn -0.9880 -0.0007 0.1546
vn -0.9373 -0.0024 -0.3485
vn -0.9434 -0.0105 -0.3315
vn -0.7875 -0.0044 -0.6163
vn -0.7898 -0.0018 -0.6133
vn -0.6055 0.0014 -0.7959
vn 0.2109 -0.8115 0.5450
vn 0.2316 -0.0259 0.9725
vn 0.4567 -0.0237 0.8893
vn 0.0657 -0.7807 0.6215
vn -0.0781 -0.0071 0.9969
vn 0.0962 -0.9921 0.0807
vn -0.2295 0.0044 0.9733
vn 0.0162 -0.9972 -0.0724
vn 0.2109 0.0043 -0.9775
vn 0.3426 -0.8204 -0.4577
vn 0.0323 -0.9964 -0.0784
vn -0.4144 0.0026 0.9101
vn -0.6202 -0.0040 0.7844
vn 0.4172 -0.0077 -0.9088
vn 0.0661 -0.9945 -0.0816
vn 0.2184 -0.0111 -0.9758
vn 0.0915 -0.9936 -0.0657
vn -0.8409 -0.0074 0.5412
vn -0.9818 0.0095 0.1897
vn 0.6356 -0.0017 -0.7720
vn 0.0790 -0.9969 -0.0048
vn 0.0478 0.9925 -0.1125
vn 0.8412 -0.0027 -0.5408
vn 0.9752 -0.0147 -0.2209
vn 0.0386 -0.9992 0.0060
vn -0.9987 0.0266 -0.0436
vn 0.0923 0.9937 -0.0636
vn -0.0462 -0.9988 0.0136
vn -0.9727 0.0055 -0.2322
vn -0.0601 -0.9978 -0.0280
vn -0.9564 0.0007 -0.2921
vn 0.9481 -0.0217 0.3174
vn 0.9706 -0.0204 0.2397
vn -0.0853 0.9964 -0.0009
vn 0.9985 -0.0188 0.0509
vn -0.0220 0.9997 -0.0098
vn -0.9564 0.0005 -0.2920
vn -0.9726 0.0054 -0.2323
vn 0.0677 0.9976 0.0134
vn -0.9987 0.0266 -0.0437
vn 0.0983 0.9951 -0.0114
vn -0.9818 0.0095 0.1895
vn 0.0731 0.9942 -0.0783
vn -0.6204 -0.0040 0.7843
vn -0.4145 0.0024 0.9100
vn 0.0127 0.9968 -0.0789
vn -0.2296 0.0042 0.9733
vn -0.0782 -0.0074 0.9969
vn 0.1208 0.9909 0.0591
vn 0.2315 -0.0260 0.9725
vn 0.2625 0.7832 0.5636
vn 0.0617 0.7707 0.6342
vn 0.5058 0.0211 -0.8624
vn 0.3712 0.8193 -0.4369
vn 0.4388 -0.8581 -0.2667
vn 0.4707 0.8297 -0.3001
vn 0.5076 -0.8374 -0.2028
vn 0.8475 0.0629 -0.5271
vn 0.5960 -0.7928 -0.1277
vn 0.8942 0.4100 -0.1800
vn -0.5762 -0.5719 -0.5838
vn -0.5625 -0.5664 -0.6022
vn -0.6843 -0.6626 -0.3044
vn -0.2695 -0.3173 -0.9092
vn -0.2620 -0.3179 -0.9112
vn -0.7011 -0.6943 -0.1626
vn -0.6713 -0.7034 -0.2337
vn -0.5998 -0.5902 0.5403
vn -0.5883 -0.5573 0.5859
vn -0.6904 -0.7216 0.0518
vn -0.7134 -0.6919 0.1111
vn -0.6147 -0.6518 -0.4442
vn -0.6239 -0.6586 -0.4206
vn -0.4567 -0.5364 -0.7097
vn -0.4336 -0.5349 -0.7252
vn -0.3702 -0.4795 -0.7956
vn 0.6586 -0.4597 0.5957
vn 0.0942 0.1466 0.9847
vn 0.2316 0.2916 0.9281
vn 0.5547 -0.5223 0.6477
vn -0.0910 -0.0277 0.9955
vn 0.7602 -0.6371 0.1272
vn -0.2012 -0.1190 0.9723
vn 0.7116 -0.7025 -0.0019
vn 0.1946 0.1057 -0.9752
vn 0.8481 -0.3473 -0.4002
vn 0.7274 -0.6852 -0.0382
vn -0.3433 -0.2608 0.9023
vn -0.4844 -0.4177 0.7687
vn 0.3591 0.2559 -0.8975
vn 0.7440 -0.6678 -0.0249
vn 0.2172 0.1088 -0.9700
vn 0.7467 -0.6651 0.0096
vn -0.6008 -0.5505 0.5796
vn -0.6939 -0.6389 0.3321
vn 0.4939 0.4163 -0.7634
vn 0.7500 -0.6601 0.0429
vn -0.6464 0.7403 -0.1847
vn 0.6055 0.5397 -0.5849
vn 0.6965 0.6302 -0.3432
vn 0.7567 -0.6507 0.0639
vn -0.7357 -0.6752 0.0526
vn -0.6429 0.7577 -0.1120
vn 0.6856 -0.7235 0.0804
vn -0.6964 -0.6818 -0.2242
vn 0.6375 -0.7701 0.0241
vn -0.6703 -0.6732 -0.3122
vn 0.6741 0.6558 0.3398
vn 0.7007 0.6745 0.2323
vn -0.7680 0.6367 -0.0689
vn 0.7276 0.6853 -0.0324
vn -0.6903 0.7217 -0.0511
vn -0.6703 -0.6733 -0.3122
vn -0.6962 -0.6819 -0.2242
vn -0.6094 0.7910 -0.0550
vn -0.7357 -0.6753 0.0524
vn -0.6305 0.7701 -0.0967
vn -0.6939 -0.6390 0.3321
vn -0.6008 -0.5507 0.5795
vn -0.6411 0.7556 -0.1345
vn -0.3433 -0.2609 0.9023
vn -0.6868 0.7165 -0.1219
vn -0.2012 -0.1192 0.9723
vn -0.0911 -0.0278 0.9955
vn -0.6121 0.7907 -0.0154
vn 0.0942 0.1465 0.9847
vn -0.4221 0.7568 0.4991
vn 0.2315 0.2915 0.9281
vn -0.5552 0.6123 0.5629
vn 0.4148 0.3710 -0.8309
vn -0.2736 0.8376 -0.4729
vn 0.9326 -0.3034 -0.1955
vn -0.2382 0.9196 -0.3123
vn 0.9613 -0.2623 -0.0845
vn 0.6617 0.6831 -0.3091
vn -0.2159 0.9707 -0.1058
vn 0.9787 -0.1964 0.0594
vn -0.8319 0.5537 -0.0360
vn -0.8295 0.5528 -0.0796
vn -0.8485 0.5238 -0.0757
vn -0.8313 0.5549 -0.0333
vn -0.8380 0.5456 0.0053
vn -0.8418 0.5398 0.0042
vn -0.8485 -0.5238 -0.0757
vn -0.8295 -0.5528 -0.0795
vn -0.8319 -0.5537 -0.0361
vn -0.8312 -0.5549 -0.0333
vn -0.8380 -0.5456 0.0052
vn -0.8418 -0.5398 0.0042
vn -0.7840 0.3476 -0.5143
vn -0.7484 0.4736 -0.4643
vn -0.7403 0.4321 -0.5150
vn -0.7814 0.3492 -0.5172
vn -0.7296 0.3955 -0.5580
vn -0.8354 0.2925 -0.4654
vn -0.8373 0.2861 -0.4660
vn -0.9046 0.2572 -0.3399
vn -0.8806 0.2066 -0.4264
vn -0.9264 0.2207 -0.3050
vn -0.9480 0.2407 -0.2080
vn -0.8960 0.3537 -0.2685
vn -0.8764 0.3783 -0.2981
vn -0.8673 0.4265 -0.2566
vn -0.8770 0.4264 -0.2214
vn -0.8427 0.4812 -0.2414
vn -0.7858 0.5077 -0.3533
vn -0.8853 0.4561 -0.0900
vn -0.7840 -0.3476 -0.5143
vn -0.7403 -0.4321 -0.5150
vn -0.7484 -0.4736 -0.4643
vn -0.7814 -0.3492 -0.5172
vn -0.7296 -0.3955 -0.5580
vn -0.8354 -0.2925 -0.4654
vn -0.8373 -0.2861 -0.4660
vn -0.9046 -0.2572 -0.3399
vn -0.8806 -0.2065 -0.4264
vn -0.9264 -0.2207 -0.3050
vn -0.9480 -0.2407 -0.2080
vn -0.8960 -0.3537 -0.2685
vn -0.8764 -0.3783 -0.2981
vn -0.8673 -0.4265 -0.2566
vn -0.8770 -0.4265 -0.2214
vn -0.8427 -0.4812 -0.2414
vn -0.7858 -0.5077 -0.3533
vn -0.8853 -0.4562 -0.0900
vn 0.8778 -0.0000 -0.4791
vn 0.2386 -0.0000 -0.9711
vn 0.2792 0.0527 -0.9588
vn 0.8645 0.2100 -0.4566
vn 0.9631 0.0001 0.2690
vn 0.9329 0.2412 0.2673
vn 0.2731 0.1122 -0.9554
vn 0.8406 0.4749 0.2605
vn 0.7898 0.4130 -0.4535
vn 0.2011 0.1045 -0.9740
vn 0.6441 0.5806 -0.4981
vn 0.6911 0.6776 0.2517
vn 0.1705 0.1549 -0.9731
vn 0.4805 0.8435 0.2399
vn 0.4728 0.7299 -0.4937
vn 0.1244 0.1251 -0.9843
vn 0.2703 0.7981 -0.5384
vn 0.2424 0.9469 0.2113
vn 0.0805 0.1012 -0.9916
vn 0.0555 0.8184 -0.5719
vn -0.0063 0.9843 0.1763
vn 0.0450 0.1157 -0.9923
vn -0.2845 0.9450 0.1611
vn -0.1648 0.8042 -0.5710
vn -0.0035 0.1319 -0.9913
vn -0.5141 0.8440 0.1531
vn -0.3817 0.7277 -0.5698
vn -0.0164 0.0961 -0.9952
vn -0.5417 0.5856 -0.6030
vn -0.7125 0.6887 0.1342
vn 0.0397 0.0390 -0.9984
vn -0.7953 0.5941 0.1203
vn 0.2792 -0.0527 -0.9588
vn 0.8646 -0.2100 -0.4566
vn 0.9631 -0.0001 0.2690
vn 0.9329 -0.2412 0.2673
vn 0.2731 -0.1122 -0.9554
vn 0.8406 -0.4749 0.2605
vn 0.7898 -0.4130 -0.4535
vn 0.2011 -0.1045 -0.9740
vn 0.6441 -0.5806 -0.4980
vn 0.6911 -0.6776 0.2516
vn 0.1705 -0.1549 -0.9731
vn 0.4805 -0.8435 0.2399
vn 0.4728 -0.7299 -0.4937
vn 0.1244 -0.1251 -0.9843
vn 0.2703 -0.7981 -0.5384
vn 0.2424 -0.9469 0.2113
vn 0.0805 -0.1012 -0.9916
vn 0.0555 -0.8184 -0.5719
vn -0.0063 -0.9843 0.1763
vn 0.0450 -0.1156 -0.9923
vn -0.2845 -0.9450 0.1611
vn -0.1648 -0.8042 -0.5710
vn -0.0035 -0.1319 -0.9913
vn -0.5141 -0.8440 0.1531
vn -0.3817 -0.7277 -0.5698
vn -0.0165 -0.0962 -0.9952
vn -0.5417 -0.5856 -0.6030
vn -0.7125 -0.6887 0.1342
vn -0.7953 -0.5941 0.1203
vn -0.2804 -0.2763 -0.9193
vn -0.9941 0.0865 0.0657
vn -0.9712 -0.0949 0.2185
vn -0.9959 -0.0001 0.0904
vn -0.9943 0.0783 0.0729
vn -0.7508 0.0001 -0.6605
vn -0.2410 -0.0000 0.9705
vn -0.2522 -0.0215 0.9674
vn -0.6726 -0.6292 -0.3895
vn -0.9623 -0.0000 -0.2719
vn -0.4423 -0.3800 0.8124
vn -0.2494 -0.0648 0.9662
vn -0.8651 0.2893 0.4098
vn -0.6198 -0.5150 0.5921
vn -0.5433 -0.8293 -0.1307
vn -0.3784 -0.7567 0.5332
vn -0.0621 -0.5948 0.8015
vn -0.6900 -0.7232 -0.0300
vn -0.6092 -0.6798 -0.4084
vn -0.9891 -0.0000 -0.1475
vn -0.3046 -0.9314 -0.1993
vn 0.3235 -0.9423 0.0864
vn 0.3120 -0.8880 -0.3378
vn -0.8898 -0.2847 -0.3566
vn -0.7664 0.0001 -0.6423
vn -0.6469 -0.4132 -0.6409
vn -0.4254 -0.1548 -0.8917
vn -0.2075 -0.3290 -0.9213
vn -0.6113 -0.0000 -0.7914
vn -0.4363 -0.8759 -0.2058
vn -0.4032 -0.8699 0.2840
vn -0.6996 -0.6585 0.2774
vn -0.7028 -0.6970 -0.1423
vn -0.9647 -0.0001 0.2632
vn -0.4170 -0.8482 -0.3264
vn -0.9865 -0.0006 -0.1636
vn -0.6995 0.6587 0.2773
vn -0.6718 -0.6666 -0.3231
vn -0.7085 0.6927 -0.1349
vn -0.4033 0.8698 0.2841
vn -0.4157 0.8894 -0.1903
vn -0.9390 -0.0009 -0.3440
vn -0.6781 0.6546 -0.3342
vn -0.3884 0.8524 -0.3501
vn -0.4249 0.8206 0.3822
vn -0.6830 0.6287 0.3717
vn -0.9317 -0.0001 0.3631
vn -0.6831 -0.6286 0.3719
vn -0.4249 -0.8203 0.3828
vn -0.4377 -0.8981 0.0430
vn -0.7169 -0.6965 0.0306
vn -0.2169 -0.5771 -0.7873
vn -1.0000 -0.0002 0.0074
vn -0.7167 0.6967 0.0306
vn -0.4380 0.8979 0.0432
vn -0.2169 0.5771 -0.7873
vn -0.5418 -0.0000 -0.8405
vn -0.3678 -0.4165 -0.8314
vn -0.1659 -0.4836 -0.8595
vn -0.3678 0.4165 -0.8314
vn -0.3150 -0.3718 -0.8732
vn -0.4441 -0.0000 -0.8960
vn -0.3150 0.3718 -0.8732
vn -0.1659 0.4836 -0.8594
vn -0.3863 0.8553 -0.3453
vn -0.6509 0.6577 -0.3791
vn -0.3535 0.8088 -0.4700
vn -0.9141 -0.0000 -0.4054
vn -0.5947 0.6155 -0.5172
vn -0.5217 0.0032 -0.8531
vn -0.8427 -0.0004 -0.5384
vn -0.5934 -0.6151 -0.5191
vn -0.3527 -0.8077 -0.4725
vn -0.6509 -0.6577 -0.3791
vn -0.3863 -0.8553 -0.3453
vn 0.6444 -0.6613 0.3839
vn 0.3462 -0.8726 0.3444
vn 0.4539 -0.8828 -0.1212
vn 0.7144 -0.6991 -0.0293
vn 0.9112 -0.0001 0.4120
vn 0.4605 -0.8501 -0.2553
vn 1.0000 -0.0006 -0.0061
vn 0.6442 0.6616 0.3838
vn 0.7143 -0.6665 -0.2133
vn 0.7181 0.6956 -0.0221
vn 0.3466 0.8725 0.3443
vn 0.4345 0.8938 -0.1112
vn 0.9814 -0.0008 -0.1918
vn 0.7212 0.6563 -0.2219
vn 0.4389 0.8537 -0.2805
vn 0.3594 0.8206 0.4443
vn 0.6159 0.6287 0.4747
vn 0.8629 -0.0001 0.5053
vn 0.6160 -0.6286 0.4748
vn 0.3593 -0.8203 0.4450
vn 0.4254 -0.8981 0.1114
vn 0.7032 -0.6965 0.1432
vn 0.3382 -0.5771 -0.7434
vn 0.9863 -0.0001 0.1648
vn 0.7029 0.6967 0.1432
vn 0.4257 0.8979 0.1116
vn 0.3382 0.5771 -0.7433
vn 0.6675 -0.0000 -0.7447
vn 0.4942 -0.4165 -0.7631
vn 0.2992 -0.4836 -0.8226
vn 0.4942 0.4165 -0.7631
vn 0.4486 -0.3719 -0.8127
vn 0.4486 0.3718 -0.8127
vn 0.2992 0.4836 -0.8226
vn 0.4359 0.8553 -0.2801
vn 0.5797 -0.0000 -0.8148
vn 0.7025 0.6577 -0.2718
vn 0.4231 0.8088 -0.4084
vn 0.9666 -0.0000 -0.2564
vn 0.6687 0.6155 -0.4171
vn 0.6496 0.0031 -0.7602
vn 0.9170 -0.0004 -0.3989
vn 0.6678 -0.6151 -0.4192
vn 0.4227 -0.8077 -0.4110
vn 0.7025 -0.6577 -0.2718
vn 0.4359 -0.8553 -0.2802
vn -0.4691 0.2525 0.8462
vn -0.1812 0.1792 0.9670
vn -0.2329 -0.3360 0.9126
vn -0.5846 -0.5238 0.6196
vn -0.1917 -0.4870 0.8521
vn -0.8416 -0.1050 0.5298
vn -0.4767 0.7478 0.4621
vn -0.5698 -0.4667 0.6764
vn -0.2107 -0.5371 0.8168
vn -0.8486 -0.2215 0.4804
vn -0.6532 0.7495 0.1076
vn -0.3704 0.9283 0.0321
vn -0.1214 0.9401 -0.3186
vn -0.8357 0.5479 0.0372
vn -0.1808 0.9132 -0.3651
vn 0.2672 0.9448 -0.1896
vn -0.8920 0.4393 0.1068
vn 0.3516 0.8912 -0.2865
vn 0.4183 0.9025 0.1029
vn -0.2443 0.8952 -0.3728
vn 0.6081 0.7874 0.1008
vn 0.3515 0.8278 0.4373
vn 0.3937 0.8709 -0.2942
vn 0.5990 0.6295 0.4949
vn 0.2831 0.7278 0.6246
vn 0.7741 0.6281 0.0788
vn 0.5097 0.4508 0.7328
vn 0.3343 0.4214 0.8430
vn 0.8204 0.2528 0.5128
vn 0.3781 -0.1320 0.9163
vn -0.2327 -0.3360 0.9127
vn 0.7112 0.0080 0.7029
vn 0.3795 -0.2775 0.8826
vn -0.1916 -0.4870 0.8521
vn 0.8072 0.1362 0.5743
vn 0.3513 -0.3603 0.8642
vn -0.2104 -0.5371 0.8168
vn 0.7405 0.1454 0.6562
vn 0.7413 0.6384 0.2071
vn 0.6443 0.6924 0.3248
vn 0.3187 0.9394 -0.1263
vn 0.5052 0.6714 0.5422
vn -0.3022 0.9219 -0.2423
vn 0.2065 0.9757 0.0730
vn -0.3537 0.9347 -0.0356
vn -0.8943 0.3901 0.2192
vn -0.8255 -0.2431 0.5094
vn -0.8848 0.2526 0.3916
vn -0.5718 -0.4725 0.6707
vn -0.2759 -0.4873 0.8285
vn -0.7054 -0.2940 0.6450
vn -0.5726 -0.1531 0.8054
vn -0.2934 -0.2837 0.9129
vn -0.7117 0.2758 0.6461
vn -0.4222 0.0702 0.9038
vn -0.2886 -0.0000 0.9575
vn -0.2547 0.3059 0.9174
vn -0.5034 0.2924 0.8131
vn -0.3307 0.5748 0.7485
vn -0.4123 0.7552 0.5096
vn -0.4549 0.8693 0.1931
vn 0.1073 0.9267 0.3600
vn -0.0568 0.7677 0.6382
vn -0.1505 0.5799 0.8007
vn 0.2201 0.6214 0.7520
vn -0.0383 0.4781 0.8775
vn 0.0329 0.2498 0.9677
vn 0.3082 0.1981 0.9305
vn -0.1141 0.0594 0.9917
vn -0.2885 -0.0000 0.9575
vn 0.5526 0.1543 0.8190
vn 0.0433 -0.1777 0.9831
vn -0.2932 -0.2837 0.9130
vn 0.1967 -0.3448 0.9178
vn -0.2757 -0.4873 0.8285
vn -0.2328 0.3360 0.9126
vn -0.1812 -0.1793 0.9670
vn -0.4692 -0.2527 0.8462
vn -0.5846 0.5237 0.6196
vn -0.1917 0.4870 0.8521
vn -0.8416 0.1049 0.5299
vn -0.4766 -0.7479 0.4621
vn -0.5698 0.4667 0.6764
vn -0.2107 0.5371 0.8168
vn -0.8486 0.2215 0.4805
vn -0.6532 -0.7495 0.1076
vn -0.3704 -0.9283 0.0321
vn -0.1214 -0.9401 -0.3187
vn -0.8357 -0.5479 0.0372
vn -0.1809 -0.9132 -0.3651
vn 0.2672 -0.9448 -0.1896
vn -0.8920 -0.4393 0.1068
vn 0.3516 -0.8912 -0.2866
vn 0.4183 -0.9025 0.1029
vn -0.2443 -0.8952 -0.3728
vn 0.6081 -0.7874 0.1008
vn 0.3515 -0.8278 0.4373
vn 0.3937 -0.8709 -0.2942
vn 0.5990 -0.6295 0.4949
vn 0.2831 -0.7278 0.6246
vn 0.7741 -0.6281 0.0788
vn 0.5097 -0.4507 0.7328
vn 0.3343 -0.4212 0.8431
vn 0.8205 -0.2528 0.5128
vn 0.3781 0.1320 0.9163
vn -0.1812 -0.1792 0.9670
vn -0.2327 0.3360 0.9127
vn 0.7112 -0.0079 0.7029
vn 0.8072 -0.1362 0.5743
vn 0.3795 0.2775 0.8826
vn -0.1915 0.4870 0.8521
vn 0.7413 -0.6384 0.2070
vn 0.3513 0.3603 0.8642
vn -0.2105 0.5371 0.8168
vn 0.7405 -0.1454 0.6562
vn 0.6443 -0.6924 0.3248
vn 0.3187 -0.9394 -0.1263
vn 0.5053 -0.6714 0.5422
vn -0.3022 -0.9219 -0.2423
vn 0.2065 -0.9757 0.0730
vn -0.3537 -0.9347 -0.0356
vn -0.8943 -0.3901 0.2193
vn -0.8255 0.2431 0.5094
vn -0.5718 0.4725 0.6707
vn -0.2759 0.4873 0.8285
vn -0.7054 0.2940 0.6450
vn -0.5726 0.1531 0.8054
vn -0.2934 0.2837 0.9129
vn -0.8848 -0.2526 0.3916
vn -0.7117 -0.2758 0.6461
vn -0.4222 -0.0701 0.9038
vn -0.2547 -0.3059 0.9174
vn -0.5034 -0.2924 0.8131
vn -0.3307 -0.5748 0.7485
vn -0.4123 -0.7552 0.5096
vn -0.4549 -0.8693 0.1931
vn 0.1073 -0.9267 0.3600
vn -0.0568 -0.7677 0.6382
vn -0.1505 -0.5799 0.8007
vn 0.2201 -0.6214 0.7520
vn -0.0383 -0.4781 0.8775
vn 0.0329 -0.2498 0.9677
vn 0.3082 -0.1981 0.9305
vn -0.1141 -0.0594 0.9917
vn 0.5526 -0.1543 0.8190
vn 0.0433 0.1778 0.9831
vn -0.2932 0.2838 0.9130
vn 0.1967 0.3448 0.9178
vn -0.2758 0.4873 0.8285
vn -0.2075 0.3290 -0.9212
vn -0.6114 -0.0000 -0.7913
vn -0.7664 -0.0001 -0.6424
vn -0.8898 0.2848 -0.3565
vn -0.9891 -0.0000 -0.1474
vn -0.6469 0.4132 -0.6409
vn -0.4254 0.1548 -0.8917
vn 0.3120 0.8880 -0.3378
vn -0.6091 0.6798 -0.4084
vn -0.3046 0.9314 -0.1993
vn 0.3235 0.9423 0.0864
vn -0.0621 0.5948 0.8015
vn -0.6900 0.7232 -0.0300
vn -0.3784 0.7567 0.5332
vn -0.2494 0.0648 0.9662
vn -0.4423 0.3800 0.8124
vn -0.2522 0.0215 0.9674
vn -0.5433 0.8293 -0.1307
vn -0.6726 0.6292 -0.3895
vn -0.7507 -0.0001 -0.6606
vn -0.9943 -0.0783 0.0729
vn -0.9959 0.0002 0.0904
vn -0.6198 0.5150 0.5921
vn -0.8651 -0.2893 0.4098
vn -0.6482 -0.0404 0.7604
vn -0.6608 -0.0143 0.7504
vn -0.9995 0.0002 -0.0302
vn -0.9670 -0.2377 0.0920
vn -0.9712 -0.0950 0.2185
vn -0.0708 0.0142 0.9974
vn -0.0842 0.0108 0.9964
vn -0.1095 -0.0008 0.9940
vn -0.1362 -0.0171 0.9905
vn -0.1411 0.0025 0.9900
vn -0.0962 0.0393 0.9946
vn -0.1120 0.0081 0.9937
vn -0.0915 -0.0413 0.9949
vn -0.1307 -0.0150 0.9913
vn -0.1381 0.0156 0.9903
vn -0.0916 -0.0115 0.9957
vn -0.0753 -0.0162 0.9970
vn -0.0872 0.0142 0.9961
vn -0.0484 -0.0008 0.9988
vn -0.0738 0.0108 0.9972
vn -0.0215 -0.0171 0.9996
vn -0.0166 0.0025 0.9999
vn -0.0617 0.0393 0.9973
vn -0.0460 0.0081 0.9989
vn -0.0663 -0.0413 0.9969
vn -0.0271 -0.0150 0.9995
vn -0.0196 0.0156 0.9997
vn -0.0664 -0.0115 0.9977
vn -0.0827 -0.0162 0.9964
vn -0.0129 -0.5069 0.8619
vn -0.0191 -0.6007 0.7992
vn -0.1210 -0.2131 0.9695
vn -0.1504 -0.1163 0.9818
vn 0.1156 0.0658 0.9911
vn -0.3812 0.2160 0.8989
vn -0.0157 -0.2471 0.9689
vn 0.0694 -0.3677 0.9274
vn -0.1315 0.8360 0.5327
vn -0.6033 0.4758 0.6400
vn -0.3984 0.8960 0.1961
vn -0.1232 -0.0950 0.9878
vn -0.1908 0.9188 0.3455
vn -0.2750 0.9567 -0.0948
vn 0.1899 0.4626 0.8660
vn -0.2517 0.9121 0.3235
vn -0.5198 0.5042 0.6896
vn -0.3439 0.8617 0.3730
vn -0.3476 0.6556 0.6704
vn -0.1776 0.9826 0.0540
vn -0.1881 0.8454 -0.4999
vn -0.2329 0.9699 0.0709
vn -0.1078 0.8584 -0.5015
vn 0.0767 0.6353 -0.7684
vn -0.2520 0.8636 0.4366
vn 0.0011 0.7298 -0.6837
vn 0.0480 0.9072 0.4179
vn 0.0512 0.5225 -0.8511
vn 0.5931 0.3604 -0.7200
vn 0.1804 0.4130 0.8927
vn 0.3107 -0.1237 -0.9424
vn 0.3869 -0.6505 -0.6536
vn 0.1892 0.1080 0.9760
vn 0.0533 -0.6732 -0.7375
vn 0.1513 -0.6865 -0.7112
vn 0.1332 0.6700 0.7303
vn -0.1214 0.0137 0.9925
vn -0.2837 0.4522 0.8456
vn -0.1875 0.9243 0.3324
vn -0.2842 0.8717 0.3992
vn -0.0588 0.7833 0.6189
vn -0.4113 0.8529 0.3215
vn -0.3197 0.9395 0.1231
vn -0.4257 0.8512 0.3070
vn -0.2191 0.8738 -0.4340
vn -0.4629 0.8821 0.0873
vn -0.4184 0.8287 0.3716
vn -0.5502 0.7691 0.3253
vn 0.1363 0.0413 0.9898
vn -0.0365 0.4954 0.8679
vn 0.0644 -0.2550 0.9648
vn 0.1060 -0.2500 0.9624
vn -0.4634 0.4266 0.7767
vn -0.1395 -0.0708 0.9877
vn -0.1220 0.6270 0.7694
vn -0.0036 0.0105 0.9999
vn -0.0805 -0.1302 0.9882
vn -0.0247 -0.0988 0.9948
vn -0.0882 -0.0115 0.9960
vn 0.0077 -0.1490 0.9888
vn -0.0926 -0.1082 0.9898
vn -0.3446 0.4569 0.8201
vn -0.4496 0.8184 0.3578
vn -0.5574 0.8260 0.0838
vn -0.4901 0.8418 0.2262
vn -0.5130 0.7743 0.3704
vn -0.5095 0.8486 0.1426
vn -0.3152 0.3035 0.8992
vn -0.2488 -0.2164 0.9441
vn -0.7099 0.6739 0.2048
vn -0.1672 0.2553 0.9523
vn -0.7844 -0.0565 0.6177
vn -0.5274 -0.1066 0.8429
vn -0.1176 -0.0872 0.9892
vn -0.7110 0.5425 0.4474
vn -0.6555 0.7396 0.1527
vn 0.2482 0.7188 0.6494
vn -0.6100 0.7920 0.0229
vn -0.6931 0.6535 0.3041
vn -0.4437 0.7967 -0.4104
vn -0.3666 0.2298 0.9016
vn -0.6625 0.5821 0.4714
vn -0.3834 0.2515 0.8887
vn 0.1393 -0.0533 0.9888
vn -0.7340 0.6757 0.0689
vn -0.7161 0.5678 0.4060
vn -0.6544 0.7559 -0.0197
vn -0.8185 0.5604 0.1264
vn -0.5434 0.7095 -0.4487
vn -0.6274 0.6430 -0.4392
vn -0.3063 0.6707 -0.6755
vn -0.7762 0.6070 0.1705
vn -0.5349 0.8009 0.2690
vn -0.8642 0.4056 0.2978
vn -0.1470 0.5136 0.8453
vn -0.4884 0.6251 0.6089
vn -0.0276 0.0880 0.9957
vn -0.1744 0.1585 0.9718
vn -0.2015 0.0150 0.9794
vn 0.2165 -0.1022 0.9709
vn -0.6959 0.1291 0.7065
vn -0.8839 0.4383 0.1634
vn -0.7823 0.2883 0.5521
vn -0.1476 0.0061 0.9890
vn 0.2178 -0.0155 0.9759
vn -0.5623 0.2793 0.7783
vn -0.2902 0.0138 0.9569
vn 0.1147 0.0230 0.9931
vn -0.4698 0.1039 0.8766
vn -0.2383 0.0235 0.9709
vn -0.4472 0.6734 0.5887
vn -0.5395 0.0187 0.8418
vn -0.7767 0.6254 -0.0747
vn -0.5587 0.0256 0.8290
vn -0.8188 0.0524 0.5717
vn -0.7285 0.0007 0.6850
vn -0.8122 -0.0258 0.5828
vn -0.8497 0.0259 0.5266
vn -0.4840 0.8251 0.2913
vn -0.9844 0.1524 -0.0881
vn -0.7754 0.5246 -0.3516
vn -0.9689 0.2450 0.0357
vn -0.9728 0.1153 0.2010
vn -0.9277 0.3518 0.1253
vn -0.9923 0.1238 0.0074
vn -0.8821 0.1788 -0.4359
vn -0.7276 0.5245 -0.4422
vn -0.9403 0.0274 0.3392
vn -0.9989 -0.0362 0.0313
vn -0.9571 -0.0078 0.2898
vn -0.9047 -0.0469 -0.4235
vn -0.6345 0.2850 0.7184
vn -0.9920 -0.1181 0.0448
vn -0.3990 -0.5609 0.7254
vn -0.9429 -0.3213 0.0875
vn -0.5955 -0.2622 0.7594
vn -0.9785 -0.0880 0.1867
vn -0.2471 0.1118 0.9625
vn 0.0547 0.0359 0.9979
vn -0.9901 -0.1222 -0.0685
vn -0.9547 -0.0041 0.2974
vn -0.7979 -0.1365 0.5871
vn -0.8298 -0.1998 -0.5210
vn -0.9858 -0.0886 0.1426
vn -0.6776 0.2900 0.6759
vn -0.9474 -0.2607 -0.1857
vn -0.9023 -0.3070 0.3027
vn -0.8980 -0.4389 -0.0302
vn -0.0602 -0.0911 0.9940
vn -0.7542 -0.3743 0.5396
vn -0.5213 -0.2985 0.7994
vn -0.0537 0.0547 0.9971
vn -0.0076 -0.0088 0.9999
vn -0.5401 -0.1616 0.8259
vn -0.2222 -0.1685 0.9603
vn -0.4650 -0.0044 0.8853
vn 0.0462 0.1219 0.9915
vn -0.7746 -0.4848 0.4063
vn -0.8279 -0.4745 0.2990
vn -0.6264 -0.4561 0.6322
vn -0.8317 -0.5495 0.0792
vn -0.8118 -0.4364 0.3881
vn -0.7960 -0.2642 0.5446
vn -0.3184 0.0987 0.9428
vn -0.8950 -0.1416 0.4230
vn -0.7878 -0.5954 0.1578
vn -0.5647 -0.5671 0.5996
vn -0.2188 -0.0411 0.9749
vn -0.5896 -0.7816 0.2035
vn -0.7634 -0.6412 0.0776
vn 0.0735 -0.0228 0.9970
vn 0.0346 0.2059 0.9780
vn -0.8687 -0.4354 0.2363
vn -0.1860 -0.0322 0.9820
vn -0.0102 0.1564 0.9876
vn 0.6006 -0.2496 0.7596
vn -0.2583 0.1447 0.9552
vn -0.1236 -0.7887 0.6023
vn -0.7199 -0.6923 0.0493
vn -0.5385 -0.7020 -0.4660
vn -0.0030 -0.9339 -0.3576
vn -0.3360 -0.8751 0.3483
vn -0.6841 -0.7187 0.1242
vn -0.5151 -0.4601 0.7232
vn -0.6116 -0.7819 0.1211
vn -0.6398 -0.6826 -0.3531
vn 0.0266 0.1985 0.9797
vn -0.6036 -0.7248 0.3323
vn -0.4585 -0.1230 0.8801
vn 0.1545 0.0477 0.9868
vn 0.2711 -0.7122 0.6475
vn -0.4789 -0.8753 -0.0667
vn -0.0912 -0.9724 0.2148
vn 0.0067 -0.0067 1.0000
vn -0.0585 0.0758 0.9954
vn -0.4670 -0.8445 0.2621
vn -0.4717 -0.3978 0.7869
vn 0.4969 -0.7580 0.4225
vn -0.4282 -0.8829 -0.1927
vn -0.4401 -0.8921 0.1022
vn -0.0883 -0.9748 0.2048
vn -0.1366 -0.2960 0.9454
vn -0.2079 0.1774 0.9619
vn 0.1068 -0.0299 0.9938
vn -0.1475 0.1353 0.9798
vn -0.8158 -0.3902 0.4268
vn -0.1531 0.1425 0.9779
vn -0.1387 0.1291 0.9819
vn -0.1396 -0.4918 0.8594
vn -0.0720 0.0480 0.9963
vn -0.2308 0.1406 0.9628
vn -0.5600 -0.6081 0.5626
vn 0.0043 -0.6143 0.7890
vn -0.0872 -0.9128 0.3991
vn -0.3290 -0.9438 0.0304
vn -0.2282 -0.9686 0.0988
vn -0.4391 -0.4153 0.7967
vn -0.3244 -0.9018 0.2854
vn -0.1655 -0.9820 0.0910
vn -0.1500 -0.9549 -0.2564
vn -0.2348 -0.9650 0.1167
vn 0.1408 -0.8889 0.4359
vn -0.1416 -0.9672 -0.2110
vn 0.0045 -0.8359 -0.5489
vn 0.7265 -0.6538 0.2115
vn -0.3039 -0.9401 -0.1542
vn -0.2225 -0.9696 0.1022
vn -0.2461 -0.9285 -0.2781
vn -0.0122 -0.8902 -0.4554
vn 0.5993 -0.3333 -0.7278
vn -0.1628 -0.7955 -0.5837
vn -0.3989 -0.8558 -0.3294
vn 0.8065 -0.5649 -0.1746
vn -0.5308 -0.7725 -0.3485
vn 0.4736 0.3512 -0.8077
vn 0.2155 0.3688 -0.9042
vn 0.4069 -0.2449 -0.8800
vn 0.1296 0.4527 -0.8822
vn 0.1006 0.5033 -0.8583
vn 0.1410 0.5336 -0.8339
vn 0.3485 0.5997 -0.7204
vn 0.0843 0.5023 -0.8606
vn 0.1778 0.4955 -0.8502
vn -0.3196 -0.4357 -0.8415
vn -0.1578 -0.2405 -0.9578
vn 0.1983 0.4513 -0.8701
vn 0.3415 0.5021 -0.7945
vn 0.6212 0.1612 -0.7669
vn -0.1684 -0.8067 -0.5665
vn 0.5025 0.6236 -0.5989
vn 0.7845 -0.2940 -0.5459
vn 0.4493 0.3281 -0.8310
vn -0.2340 -0.8835 -0.4058
vn -0.4545 -0.0677 -0.8882
vn -0.2839 -0.7380 -0.6121
vn -0.0336 -0.2088 -0.9774
vn 0.2614 0.2792 -0.9240
vn 0.2071 -0.5929 -0.7782
vn -0.2934 -0.7215 -0.6271
vn -0.4482 -0.6228 -0.6413
vn -0.3386 -0.5851 -0.7369
vn 0.6738 -0.1546 -0.7226
vn -0.2219 -0.3694 -0.9024
vn -0.3534 -0.4745 -0.8062
vn 0.5784 0.3076 -0.7555
vn 0.3487 0.3217 -0.8803
vn 0.5389 -0.3374 -0.7719
vn 0.7974 0.3200 -0.5117
vn 0.5379 0.5825 -0.6094
vn 0.6492 0.6505 -0.3941
vn 0.5349 0.4951 -0.6847
vn 0.9248 -0.3533 0.1412
vn 0.8734 0.3783 -0.3067
vn 0.4052 0.6618 -0.6308
vn 0.4367 -0.8938 0.1022
vn 0.5513 -0.6696 -0.4977
vn -0.0504 -0.7798 -0.6241
vn 0.2891 0.4697 -0.8342
vn -0.2277 -0.0259 -0.9734
vn 0.0136 0.5428 -0.8398
vn -0.2525 -0.0370 -0.9669
vn 0.0857 0.2870 -0.9541
vn 0.4151 0.3210 -0.8513
vn 0.5888 0.3112 -0.7460
vn -0.2494 -0.3820 -0.8899
vn 0.1289 -0.0787 -0.9885
vn 0.6102 0.2795 -0.7414
vn 0.6175 0.1874 -0.7639
vn 0.2855 -0.0303 -0.9579
vn 0.2692 -0.0255 -0.9627
vn -0.4714 -0.5848 -0.6601
vn 0.1481 -0.2520 -0.9563
vn -0.4427 -0.6593 -0.6077
vn 0.2510 0.1694 -0.9530
vn -0.2118 0.3408 -0.9159
vn -0.6858 -0.5300 -0.4988
vn -0.4236 -0.2894 -0.8584
vn -0.5839 -0.5072 -0.6339
vn 0.1008 -0.2438 -0.9646
vn -0.7451 -0.5714 -0.3440
vn 0.5801 0.0808 -0.8105
vn -0.7873 -0.4891 -0.3754
vn -0.4263 -0.4066 -0.8080
vn -0.0840 0.6274 -0.7742
vn 0.6976 0.5141 -0.4991
vn 0.0328 0.9799 -0.1968
vn -0.5759 0.0931 -0.8122
vn -0.7867 -0.2036 -0.5828
vn -0.4212 -0.0826 -0.9032
vn 0.3865 0.4841 -0.7850
vn 0.4730 0.0355 -0.8803
vn -0.7220 -0.3202 -0.6133
vn -0.0432 -0.1683 -0.9848
vn 0.5685 0.2687 -0.7776
vn 0.5921 0.2659 -0.7607
vn -0.8384 -0.3848 -0.3860
vn -0.7313 -0.1715 -0.6601
vn -0.7694 -0.0740 -0.6345
vn -0.1943 0.8142 -0.5471
vn 0.3257 0.8405 -0.4329
vn 0.2611 0.4225 -0.8679
vn -0.4532 -0.1501 -0.8787
vn 0.2686 -0.1108 -0.9569
vn 0.3092 -0.0105 -0.9509
vn 0.3369 0.0970 -0.9365
vn 0.2909 -0.0330 -0.9562
vn -0.1073 -0.2285 -0.9676
vn -0.8093 -0.4274 -0.4031
vn -0.6424 -0.0728 -0.7629
vn -0.0445 0.6310 -0.7745
vn -0.7599 0.0956 -0.6430
vn -0.6402 0.3981 -0.6570
vn -0.3630 0.1260 -0.9232
vn -0.1516 -0.0522 -0.9871
vn -0.7863 0.0680 -0.6141
vn 0.4043 0.0883 -0.9103
vn -0.1096 0.6698 -0.7344
vn -0.7348 0.1728 -0.6559
vn -0.5782 0.3531 -0.7355
vn 0.0632 -0.0792 -0.9949
vn -0.3440 -0.1000 -0.9336
vn 0.3311 -0.1471 -0.9321
vn 0.4065 -0.0740 -0.9107
vn 0.4930 -0.2204 -0.8417
vn -0.7304 0.1150 -0.6733
vn -0.3265 0.1458 -0.9339
vn -0.8077 0.3617 -0.4656
vn -0.6982 0.4487 -0.5579
vn -0.3849 0.1725 -0.9067
vn -0.2082 -0.0677 -0.9757
vn 0.6071 -0.3042 -0.7341
vn 0.4961 -0.3787 -0.7813
vn -0.6306 0.3848 -0.6740
vn -0.3876 -0.0250 -0.9215
vn 0.8629 -0.1033 -0.4946
vn -0.5578 0.7246 -0.4048
vn 0.1690 0.5479 -0.8193
vn -0.2357 0.7221 -0.6505
vn -0.2788 0.4021 -0.8721
vn -0.3214 0.0333 -0.9464
vn 0.2397 -0.4214 -0.8746
vn -0.4941 0.3838 -0.7801
vn -0.3777 -0.3050 -0.8743
vn 0.5525 -0.5189 -0.6523
vn 0.4969 -0.7032 -0.5085
vn -0.5115 0.4394 -0.7384
vn 0.4693 -0.6759 -0.5683
vn 0.2295 0.1176 -0.9662
vn 0.9173 -0.0018 -0.3982
vn 0.1689 0.8557 -0.4891
vn -0.3478 0.4365 -0.8298
vn 0.6004 -0.5587 -0.5721
vn 0.4994 -0.4153 -0.7603
vn -0.2802 -0.9536 -0.1102
vn -0.3538 0.4353 -0.8278
vn -0.8122 -0.4391 -0.3841
vn 0.7523 -0.6428 -0.1447
vn 0.0647 -0.4167 -0.9068
vn -0.4827 0.2844 -0.8283
vn 0.5722 0.2323 -0.7865
vn 0.2869 0.0916 -0.9536
vn 0.6203 -0.3059 -0.7223
vn -0.1751 0.2013 -0.9638
vn 0.2898 -0.3252 -0.9001
vn -0.4271 -0.1402 -0.8933
vn 0.3965 -0.3820 -0.8348
vn -0.1688 -0.1798 -0.9691
vn 0.4194 0.2874 -0.8611
vn -0.2080 0.4727 -0.8563
vn -0.1741 -0.2692 -0.9472
vn 0.2842 -0.5003 -0.8179
vn 0.3382 -0.4630 -0.8193
vn -0.8615 0.1317 -0.4904
vn 0.3831 -0.4108 -0.8273
vn -0.3674 -0.0292 -0.9296
vn -0.7225 0.2980 -0.6238
vn -0.2444 0.6638 -0.7068
vn -0.3494 0.8198 -0.4537
vn -0.1726 0.6998 -0.6932
vn 0.1761 0.1804 -0.9677
vn -0.1150 0.3803 -0.9177
vn 0.1253 -0.4745 -0.8713
vn 0.1693 -0.6260 -0.7612
vn -0.1369 0.7734 -0.6190
vn -0.3232 0.0558 -0.9447
vn 0.1030 -0.6286 -0.7708
vn 0.0430 0.4419 -0.8960
vn -0.2482 0.8703 -0.4255
vn 0.3260 0.1594 -0.9318
vn 0.5187 0.4459 -0.7295
vn 0.3313 -0.5181 -0.7885
vn 0.0371 -0.4178 -0.9078
vn -0.0524 0.6666 -0.7436
vn -0.0224 -0.7314 -0.6816
vn 0.0425 0.5376 -0.8421
vn -0.1266 -0.5880 -0.7989
vn 0.2812 -0.6998 -0.6566
vn -0.2735 0.0616 -0.9599
vn -0.1057 -0.3621 -0.9261
vn -0.0437 0.4445 -0.8947
vn 0.5399 -0.3406 -0.7697
vn 0.3646 0.2536 -0.8960
vn 0.5003 -0.8322 -0.2389
vn 0.4200 -0.2678 -0.8671
vn -0.0913 0.1243 -0.9880
vn -0.0332 -0.2131 0.9765
vn -0.1070 -0.6007 0.7923
vn -0.1231 -0.5069 0.8532
vn -0.0062 -0.1163 0.9932
vn -0.1371 -0.2471 0.9592
vn -0.2146 -0.3677 0.9049
vn -0.2703 0.0658 0.9605
vn 0.2349 0.2160 0.9477
vn 0.0460 0.8360 0.5468
vn 0.4950 0.4758 0.7271
vn 0.3626 0.8960 0.2564
vn -0.0340 -0.0950 0.9949
vn 0.1340 0.9188 0.3712
vn 0.2866 0.9567 -0.0503
vn -0.3239 0.4626 0.8253
vn 0.1976 0.9121 0.3591
vn 0.4047 0.5042 0.7629
vn 0.2809 0.8617 0.4225
vn 0.2376 0.6556 0.7168
vn 0.1669 0.9826 0.0813
vn 0.2645 0.8454 -0.4641
vn 0.2188 0.9699 0.1067
vn 0.1854 0.8584 -0.4782
vn 0.0453 0.6353 -0.7709
vn -0.3188 0.4130 0.8531
vn 0.1801 0.8636 0.4709
vn -0.1133 0.9072 0.4051
vn -0.3406 0.1080 0.9340
vn -0.2466 0.6700 0.7002
vn 0.1328 0.9243 0.3578
vn -0.0365 0.0138 0.9992
vn 0.1469 0.4522 0.8797
vn 0.2177 0.8717 0.4389
vn -0.0394 0.7833 0.6204
vn -0.2905 0.0413 0.9560
vn -0.2156 -0.2549 0.9426
vn -0.2563 -0.2500 0.9337
vn -0.1007 0.4954 0.8628
vn -0.0178 -0.0708 0.9973
vn 0.3555 0.8529 0.3823
vn 0.3547 0.8287 0.4329
vn 0.2963 0.9395 0.1719
vn 0.3720 0.8512 0.3703
vn 0.2848 0.8738 -0.3941
vn 0.4434 0.8821 0.1592
vn 0.4921 0.7691 0.4079
vn 0.3352 0.4265 0.8401
vn -0.0008 0.6270 0.7790
vn 0.5372 0.8260 0.1705
vn -0.1539 0.0105 0.9880
vn 0.3876 0.8184 0.4242
vn -0.1324 -0.0988 0.9863
vn 0.2111 0.4569 0.8641
vn 0.4484 0.8418 0.3006
vn -0.0645 -0.1082 0.9920
vn 0.4481 0.7744 0.4466
vn 0.4807 0.8486 0.2211
vn 0.1696 0.3035 0.9376
vn -0.0762 -0.1302 0.9885
vn 0.0969 -0.2164 0.9715
vn -0.0699 -0.0115 0.9975
vn -0.1634 -0.1490 0.9753
vn 0.0150 0.2553 0.9667
vn -0.0397 -0.0872 0.9954
vn 0.2386 0.2515 0.9380
vn -0.2933 -0.0533 0.9545
vn 0.2199 0.2297 0.9481
vn 0.3880 -0.1066 0.9155
vn -0.3475 0.7187 0.6022
vn 0.6773 -0.0565 0.7335
vn 0.6316 0.5424 0.5539
vn 0.6687 0.6739 0.3141
vn 0.6232 0.7396 0.2540
vn 0.6366 0.6535 0.4095
vn 0.5800 0.5821 0.5698
vn 0.7140 0.6757 0.1837
vn 0.6432 0.5678 0.5137
vn 0.5988 0.7921 0.1187
vn 0.6493 0.7559 0.0836
vn 0.5029 0.7966 -0.3354
vn 0.6073 0.7095 -0.3574
vn 0.6888 0.6430 -0.3349
vn 0.4165 0.8198 -0.3930
vn 0.4089 0.6707 -0.6188
vn 0.3403 0.4727 -0.8129
vn 0.2797 0.6998 -0.6573
vn 0.3527 0.6638 -0.6595
vn 0.2582 0.3803 -0.8881
vn 0.2327 0.7734 -0.5897
vn 0.8118 0.2981 -0.5022
vn -0.0215 0.1804 -0.9834
vn 0.5093 -0.0292 -0.8601
vn 0.9280 0.1317 -0.3485
vn 0.3212 -0.2692 -0.9079
vn -0.2480 -0.4109 -0.8773
vn -0.1518 -0.5003 -0.8525
vn 0.0136 -0.4745 -0.8802
vn -0.2049 -0.4630 -0.8623
vn -0.3734 -0.4153 -0.8295
vn -0.0473 -0.6260 -0.7784
vn -0.1444 -0.3252 -0.9345
vn 0.4680 0.0558 -0.8820
vn 0.0197 -0.6286 -0.7775
vn 0.3122 0.8703 -0.3810
vn 0.1063 -0.4178 -0.9023
vn -0.2029 -0.5181 -0.8309
vn -0.1752 0.1594 -0.9715
vn -0.3973 0.4459 -0.8021
vn 0.0987 0.4419 -0.8916
vn 0.1295 -0.7314 -0.6695
vn 0.1689 0.6666 -0.7260
vn 0.2509 -0.5879 -0.7690
vn 0.4213 0.0616 -0.9048
vn -0.1742 -0.6998 -0.6927
vn -0.0374 -0.6865 -0.7262
vn -0.4119 -0.3406 -0.8452
vn 0.0636 -0.6732 -0.7367
vn -0.2791 -0.6505 -0.7064
vn -0.4565 -0.8322 -0.3147
vn -0.1583 -0.1237 -0.9796
vn -0.4722 0.3604 -0.8044
vn 0.2503 -0.3622 -0.8979
vn -0.2783 -0.2678 -0.9224
vn 0.2458 0.1243 -0.9613
vn 0.0835 0.5225 -0.8486
vn 0.1066 0.7298 -0.6754
vn -0.2189 0.2536 -0.9422
vn 0.0907 0.5376 -0.8383
vn 0.1841 0.4445 -0.8766
vn -0.1087 -0.9513 0.2883
vn -0.2337 -0.8926 0.3856
vn -0.3211 -0.8089 0.4924
vn -0.2783 -0.9096 0.3085
vn -0.2769 -0.9570 -0.0863
vn -0.0833 -0.9941 -0.0693
vn -0.6868 -0.6606 0.3031
vn -0.6902 -0.5083 0.5151
vn -0.7594 -0.3759 0.5310
vn -0.2141 -0.8684 -0.4472
vn -0.0335 -0.8901 -0.4546
vn 0.0529 -0.6647 -0.7452
vn -0.6609 -0.7433 -0.1031
vn -0.8118 -0.4610 0.3584
vn -0.7930 -0.2521 0.5546
vn -0.8402 -0.5385 -0.0640
vn -0.5885 -0.6763 -0.4430
vn -0.0988 -0.6796 -0.7269
vn 0.2344 -0.3573 -0.9041
vn -0.8773 -0.3349 0.3439
vn -0.8152 0.0006 0.5792
vn 0.0607 -0.3563 -0.9324
vn -0.9245 -0.0042 0.3811
vn 0.1611 0.1287 -0.9785
vn 0.3833 0.0721 -0.9208
vn 0.2053 -0.0137 -0.9786
vn -0.2124 -0.1383 -0.9674
vn -0.4319 -0.5146 -0.7407
vn 0.0764 0.1192 -0.9899
vn -0.7580 -0.4859 -0.4351
vn -0.5560 -0.3077 -0.7721
vn -0.1900 -0.0034 -0.9818
vn -0.9316 -0.3549 -0.0783
vn -0.8344 -0.2913 -0.4678
vn -0.5991 -0.1964 -0.7762
vn -0.9998 0.0019 -0.0185
vn -0.9224 0.0029 -0.3862
vn -0.8764 0.3238 0.3566
vn -0.7766 0.2526 0.5771
vn -0.7330 0.4202 0.5349
vn -0.9269 0.3596 -0.1072
vn -0.7782 0.5086 0.3684
vn -0.8085 0.5853 -0.0611
vn -0.6437 0.7143 0.2746
vn -0.6639 0.5697 0.4844
vn -0.3340 0.8366 0.4342
vn -0.2738 0.9259 0.2601
vn -0.1479 0.9108 0.3855
vn -0.0757 0.9669 0.2438
vn -0.2540 0.9627 -0.0929
vn -0.0262 0.9963 -0.0815
vn 0.0219 0.8906 -0.4543
vn -0.6214 0.7758 -0.1096
vn -0.1897 0.8697 -0.4557
vn 0.1263 0.6402 -0.7578
vn -0.5572 0.7159 -0.4207
vn -0.0490 0.6574 -0.7520
vn 0.2602 0.2495 -0.9328
vn -0.7329 0.5263 -0.4311
vn -0.4064 0.5296 -0.7445
vn 0.1069 0.3120 -0.9441
vn 0.3507 -0.0748 -0.9335
vn -0.1679 0.1658 -0.9718
vn 0.1586 -0.1224 -0.9797
vn -0.5364 0.3393 -0.7727
vn 0.0846 -0.1316 -0.9877
vn -0.1501 0.0556 -0.9871
vn 0.1352 -0.0444 -0.9898
vn -0.2113 0.0437 -0.9764
vn -0.2172 -0.0712 -0.9735
vn -0.3269 -0.0140 -0.9449
vn -0.6908 0.0015 -0.7231
vn -0.5866 0.1936 -0.7864
vn -0.8040 0.2982 -0.5145
vn 0.2395 -0.8089 0.5369
vn 0.1700 -0.8926 0.4176
vn 0.0620 -0.9513 0.3018
vn 0.2262 -0.9096 0.3485
vn 0.2863 -0.9572 -0.0423
vn 0.0950 -0.9939 -0.0565
vn 0.1066 -0.8906 -0.4422
vn 0.6305 -0.6606 0.4075
vn 0.6004 -0.5083 0.6174
vn 0.6663 -0.3759 0.6440
vn 0.2812 -0.8689 -0.4075
vn 0.0652 -0.6647 -0.7442
vn 0.6689 -0.7433 0.0023
vn 0.7452 -0.4610 0.4818
vn 0.6957 -0.2521 0.6726
vn 0.8398 -0.5385 0.0692
vn 0.8121 -0.3349 0.4778
vn 0.7138 0.0006 0.7004
vn 0.6509 -0.6763 -0.3448
vn 0.8530 -0.0042 0.5220
vn 0.2120 -0.6796 -0.7022
vn -0.0890 -0.3573 -0.9297
vn 0.8092 0.3238 0.4902
vn 0.6760 0.2526 0.6922
vn 0.6395 0.4202 0.6437
vn 0.9908 -0.0027 0.1354
vn 0.9344 -0.3501 0.0664
vn 0.8171 -0.4859 -0.3103
vn 0.9008 -0.2867 -0.3261
vn 0.5432 -0.5146 -0.6634
vn 0.6707 -0.3076 -0.6749
vn 0.3621 -0.1383 -0.9218
vn 0.0869 -0.3563 -0.9303
vn -0.0045 0.1284 -0.9917
vn -0.2334 0.0711 -0.9698
vn -0.0480 -0.0135 -0.9988
vn 0.0806 0.1188 -0.9896
vn 0.3423 -0.0034 -0.9396
vn 0.7139 -0.1964 -0.6721
vn 0.3678 -0.0712 -0.9272
vn 0.0232 -0.0444 -0.9987
vn 0.4717 -0.0140 -0.8816
vn 0.9726 -0.0030 -0.2325
vn 0.7960 0.0015 -0.6052
vn 0.3625 0.0437 -0.9310
vn 0.9322 0.3596 0.0402
vn 0.8750 0.2982 -0.3815
vn 0.7032 0.1936 -0.6841
vn 0.6515 0.3393 -0.6786
vn 0.7917 0.5263 -0.3103
vn 0.8080 0.5853 0.0671
vn 0.7104 0.5086 0.4864
vn 0.5924 0.7143 0.3726
vn 0.5793 0.5697 0.5830
vn 0.2615 0.8366 0.4814
vn 0.6165 0.7159 -0.3276
vn 0.2294 0.9259 0.3000
vn 0.0853 0.9108 0.4040
vn 0.0363 0.9669 0.2527
vn 0.6309 0.7758 -0.0103
vn 0.2656 0.9627 -0.0516
vn 0.0385 0.9963 -0.0762
vn 0.2592 0.8696 -0.4202
vn 0.0497 0.8905 -0.4522
vn -0.0054 0.6402 -0.7682
vn 0.1668 0.6574 -0.7349
vn -0.1100 0.2495 -0.9621
vn 0.5186 0.5296 -0.6712
vn 0.0432 0.3120 -0.9491
vn -0.1992 -0.0738 -0.9772
vn 0.3189 0.1658 -0.9332
vn -0.0019 -0.1221 -0.9925
vn 0.3037 0.0556 -0.9511
vn 0.0722 -0.1312 -0.9887
vn -0.8853 0.4642 -0.0271
vn -0.6937 0.3692 -0.6184
vn -0.8809 0.4474 -0.1543
vn -0.7707 0.5236 0.3633
vn -0.7626 0.3715 -0.5296
vn -0.8276 0.4639 -0.3161
vn -0.7487 0.4068 -0.5234
vn -0.8047 0.5046 -0.3127
vn -0.9928 -0.0000 0.1199
vn -0.7317 0.6594 0.1724
vn -0.9847 -0.0000 -0.1740
vn -0.9174 -0.0000 -0.3979
vn -0.9243 -0.0000 -0.3816
vn -0.8047 -0.5046 -0.3127
vn -0.7487 -0.4068 -0.5234
vn -0.7626 -0.3715 -0.5296
vn -0.8276 -0.4640 -0.3161
vn -0.8809 -0.4474 -0.1543
vn -0.6938 -0.3692 -0.6184
vn -0.8853 -0.4642 -0.0271
vn -0.7706 -0.5236 0.3633
vn -0.7317 -0.6595 0.1724
vn -0.8661 -0.2934 -0.4047
vn -0.8661 0.2934 -0.4047
vn -0.9974 -0.0000 -0.0721
vn -0.9957 -0.0333 -0.0863
vn -0.9842 0.1071 -0.1409
vn -0.6650 -0.0221 -0.7466
vn -0.8100 -0.4074 -0.4218
vn -0.6677 -0.5423 0.5101
vn -0.6221 -0.1359 0.7711
vn -0.8593 -0.4321 0.2739
vn -0.7472 -0.6643 0.0197
vn -0.9688 -0.0337 -0.2454
vn -0.7959 0.5729 0.1959
vn -0.9930 0.0048 0.1184
vn -0.8784 -0.4712 0.0800
vn -0.8262 -0.5510 0.1174
vn -0.9859 0.1610 -0.0461
vn -0.8123 0.5759 -0.0921
vn -0.9192 -0.3086 0.2447
vn -0.9747 -0.0282 0.2218
vn -0.7336 0.4724 0.4885
vn -0.9995 -0.0000 0.0310
vn -0.7021 -0.5806 -0.4123
vn -0.8593 0.4321 0.2739
vn -0.9305 -0.0000 -0.3663
vn -0.5649 -0.4555 -0.6880
vn -0.7472 0.6643 0.0198
vn -0.7020 0.5806 -0.4124
vn -0.6677 0.5423 0.5101
vn -0.5649 0.4555 -0.6881
vn -0.9957 0.0333 -0.0863
vn -0.7715 -0.0000 -0.6362
vn -0.8386 0.5324 -0.1153
vn -0.8386 -0.5324 -0.1153
vn -0.9746 -0.0000 -0.2240
vn -0.8171 0.4582 0.3497
vn -0.8172 -0.4582 0.3497
vn -0.9245 -0.0000 0.3813
vn -0.9842 -0.1071 -0.1409
vn -0.6650 0.0221 -0.7466
vn -0.6221 0.1359 0.7711
vn -0.8100 0.4074 -0.4218
vn -0.9688 0.0337 -0.2454
vn -0.7959 -0.5728 0.1959
vn -0.9930 -0.0048 0.1184
vn -0.8784 0.4712 0.0800
vn -0.8262 0.5510 0.1174
vn -0.9859 -0.1610 -0.0461
vn -0.8123 -0.5759 -0.0920
vn -0.9192 0.3086 0.2447
vn -0.9747 0.0282 0.2218
vn -0.7336 -0.4725 0.4885
vn 0.8785 0.4642 0.1127
vn 0.8942 0.4474 -0.0137
vn 0.7825 0.3692 -0.5013
vn 0.7038 0.5236 0.4801
vn 0.8365 0.3714 -0.4029
vn 0.8670 0.4639 -0.1818
vn 0.8218 0.4068 -0.3990
vn 0.8440 0.5046 -0.1820
vn 0.9615 -0.0000 0.2748
vn 0.6954 0.6594 0.2856
vn 0.9999 -0.0000 -0.0167
vn 0.9687 -0.0000 -0.2484
vn 0.9729 -0.0000 -0.2312
vn 0.8440 -0.5046 -0.1820
vn 0.8218 -0.4068 -0.3990
vn 0.8365 -0.3714 -0.4029
vn 0.8670 -0.4639 -0.1818
vn 0.8942 -0.4474 -0.0137
vn 0.7825 -0.3692 -0.5013
vn 0.8785 -0.4642 0.1127
vn 0.7038 -0.5236 0.4801
vn 0.6954 -0.6594 0.2856
vn 0.9190 -0.2933 -0.2632
vn 0.9190 0.2934 -0.2632
vn 0.9963 -0.0000 0.0859
vn 0.9969 -0.0332 0.0716
vn 0.9969 0.0332 0.0716
vn 0.9941 0.1071 0.0159
vn 0.7742 -0.0221 -0.6325
vn 0.8664 -0.4073 -0.2889
vn 0.8054 -0.4321 0.4058
vn 0.5790 -0.5423 0.6089
vn 0.4928 -0.1359 0.8594
vn 0.7348 -0.6643 0.1372
vn 0.9954 -0.0337 -0.0897
vn 0.7551 0.5729 0.3188
vn 0.9619 0.0048 0.2733
vn 0.8548 -0.4712 0.2174
vn 0.7974 -0.5510 0.2461
vn 0.9808 0.1610 0.1098
vn 0.8167 0.5759 0.0371
vn 0.8691 -0.3086 0.3865
vn 0.9276 -0.0282 0.3725
vn 0.6474 0.4724 0.5980
vn 0.9822 -0.0000 0.1881
vn 0.7583 -0.5806 -0.2966
vn 0.8054 0.4321 0.4058
vn 0.9766 -0.0000 -0.2151
vn 0.6662 -0.4555 -0.5905
vn 0.7348 0.6643 0.1372
vn 0.7582 0.5806 -0.2966
vn 0.5790 0.5423 0.6089
vn 0.6662 0.4555 -0.5905
vn 0.9941 -0.1071 0.0159
vn 0.7743 0.0221 -0.6325
vn 0.4928 0.1359 0.8594
vn 0.8664 0.4073 -0.2889
vn 0.9954 0.0337 -0.0897
vn 0.7551 -0.5728 0.3188
vn 0.9619 -0.0048 0.2733
vn 0.8548 0.4712 0.2174
vn 0.7974 0.5510 0.2461
vn 0.9808 -0.1610 0.1098
vn 0.8167 -0.5759 0.0371
vn 0.8691 0.3086 0.3865
vn 0.9276 0.0282 0.3726
vn 0.6474 -0.4725 0.5980
vn 0.8621 -0.0000 -0.5067
vn 0.8463 0.5324 0.0183
vn 0.8463 -0.5324 0.0183
vn 0.9977 -0.0000 -0.0677
vn 0.7518 0.4582 0.4741
vn 0.7518 -0.4582 0.4741
vn 0.8529 -0.0000 0.5221
vn -0.2072 0.3181 0.9251
vn -0.2440 0.2956 0.9236
vn -0.4216 0.3374 0.8417
vn -0.2866 0.4582 0.8414
vn -0.4050 0.1900 0.8943
vn -0.6163 0.5644 0.5492
vn -0.3869 0.7430 0.5462
vn -0.5430 -0.0000 0.8397
vn -0.4607 -0.0000 0.8876
vn -0.4050 -0.1900 0.8943
vn -0.7036 0.6772 0.2153
vn -0.4080 0.8817 0.2369
vn -0.3963 0.8031 0.4449
vn -0.8245 -0.0000 0.5659
vn -0.6600 0.6018 0.4497
vn -0.5128 -0.0000 0.8585
vn -0.9793 -0.0000 0.2025
vn -0.9070 -0.0000 0.4212
vn -0.6600 -0.6018 0.4497
vn -0.3963 -0.8031 0.4449
vn -0.7036 -0.6772 0.2153
vn -0.4080 -0.8817 0.2369
vn -0.3869 -0.7430 0.5462
vn -0.6162 -0.5645 0.5492
vn -0.2866 -0.4582 0.8414
vn -0.4216 -0.3374 0.8417
vn -0.2072 -0.3181 0.9251
vn -0.2440 -0.2956 0.9236
vn 0.2838 0.3374 0.8976
vn 0.0955 0.2956 0.9505
vn 0.0589 0.3181 0.9462
vn 0.2591 0.1900 0.9470
vn 0.1504 0.4582 0.8760
vn 0.4039 -0.0000 0.9148
vn 0.3151 -0.0000 0.9491
vn 0.5220 0.5645 0.6394
vn 0.2960 0.7430 0.6003
vn 0.2591 -0.1900 0.9470
vn 0.6609 0.6772 0.3235
vn 0.3656 0.8817 0.2982
vn 0.3213 0.8031 0.5018
vn 0.2837 -0.3374 0.8976
vn 0.0954 -0.2956 0.9505
vn 0.0589 -0.3181 0.9462
vn 0.1504 -0.4582 0.8760
vn 0.5220 -0.5645 0.6394
vn 0.2960 -0.7430 0.6003
vn 0.7250 -0.0000 0.6887
vn 0.6609 -0.6772 0.3235
vn 0.3656 -0.8817 0.2982
vn 0.3213 -0.8031 0.5018
vn 0.9351 -0.0000 0.3543
vn 0.5809 -0.6018 0.5481
vn 0.3712 -0.0000 0.9286
vn 0.8293 -0.0000 0.5588
vn 0.5809 0.6018 0.5481
vn -0.1456 0.6703 -0.7277
vn -0.1218 0.5755 -0.8087
vn -0.2373 0.5058 -0.8294
vn -0.2834 0.6025 -0.7462
vn -0.0590 0.3236 -0.9444
vn -0.5733 0.3590 -0.7365
vn -0.1622 0.2253 -0.9607
vn -0.4411 0.3276 -0.8355
vn -0.6344 -0.0000 -0.7730
vn -0.0730 -0.0000 -0.9973
vn -0.5114 -0.0000 -0.8593
vn -0.3309 -0.0000 -0.9437
vn -0.1622 -0.2253 -0.9607
vn -0.0590 -0.3236 -0.9444
vn -0.4411 -0.3276 -0.8355
vn -0.5733 -0.3590 -0.7365
vn -0.2373 -0.5058 -0.8294
vn -0.1218 -0.5755 -0.8087
vn -0.2834 -0.6025 -0.7462
vn -0.1456 -0.6703 -0.7277
vn 0.2584 0.6703 -0.6957
vn 0.3974 0.6025 -0.6922
vn 0.3650 0.5058 -0.7816
vn 0.2477 0.5755 -0.7794
vn 0.6822 0.3590 -0.6370
vn 0.2070 0.3236 -0.9233
vn 0.5672 0.3276 -0.7556
vn 0.7483 -0.0000 -0.6634
vn 0.3115 0.2253 -0.9232
vn 0.2292 -0.0000 -0.9734
vn 0.6404 -0.0000 -0.7680
vn 0.4754 -0.0000 -0.8798
vn 0.3115 -0.2253 -0.9232
vn 0.2070 -0.3236 -0.9233
vn 0.5672 -0.3276 -0.7556
vn 0.6822 -0.3590 -0.6370
vn 0.3650 -0.5058 -0.7816
vn 0.2476 -0.5755 -0.7794
vn 0.3974 -0.6025 -0.6922
vn 0.2584 -0.6703 -0.6957
vn -0.8619 0.4949 -0.1103
vn -0.8295 0.5528 -0.0795
vn -0.8238 0.5626 -0.0696
vn -0.9036 0.4278 -0.0234
vn -0.8663 0.4867 -0.1127
vn -0.8835 0.4560 -0.1072
vn -0.8279 0.5345 -0.1698
vn -0.7747 0.6178 -0.1347
vn -0.7379 0.6409 -0.2116
vn -0.8857 0.3445 -0.3112
vn -0.7987 0.5561 -0.2297
vn -0.7744 0.5590 -0.2964
vn -0.7072 0.6271 -0.3264
vn -0.6606 0.5876 -0.4673
vn -0.7607 0.5452 -0.3522
vn -0.7458 0.4876 -0.4539
vn -0.6204 0.5428 -0.5661
vn -0.6474 0.4838 -0.5889
vn -0.7533 0.4091 -0.5149
vn -0.7782 0.3442 -0.5253
vn -0.6888 0.3908 -0.6106
vn -0.7514 0.2594 -0.6068
vn -0.8179 0.2629 -0.5118
vn -0.8460 0.2046 -0.4924
vn -0.8006 0.1668 -0.5755
vn -0.8422 0.1145 -0.5268
vn -0.8804 0.1558 -0.4479
vn -0.8885 0.1537 -0.4324
vn -0.8637 0.1039 -0.4932
vn -0.9065 0.0926 -0.4119
vn -0.9038 0.1672 -0.3940
vn -0.9334 0.1522 -0.3250
vn -0.9547 0.0763 -0.2878
vn -0.9696 0.0945 -0.2258
vn -0.9502 0.1633 -0.2655
vn -0.9586 0.1914 -0.2109
vn -0.9750 0.1731 -0.1394
vn -0.9690 0.2373 -0.0685
vn -0.9513 0.2713 -0.1462
vn -0.9273 0.3607 -0.1006
vn -0.8619 -0.4949 -0.1103
vn -0.8238 -0.5626 -0.0696
vn -0.9036 -0.4278 -0.0234
vn -0.8663 -0.4867 -0.1127
vn -0.8835 -0.4560 -0.1072
vn -0.8279 -0.5345 -0.1698
vn -0.7747 -0.6178 -0.1347
vn -0.7379 -0.6409 -0.2116
vn -0.9272 -0.3607 -0.1006
vn -0.9690 -0.2373 -0.0685
vn -0.7987 -0.5561 -0.2297
vn -0.9513 -0.2713 -0.1462
vn -0.7744 -0.5590 -0.2964
vn -0.7072 -0.6271 -0.3264
vn -0.6606 -0.5876 -0.4673
vn -0.9586 -0.1914 -0.2109
vn -0.9750 -0.1731 -0.1394
vn -0.9696 -0.0945 -0.2258
vn -0.7607 -0.5452 -0.3522
vn -0.9502 -0.1633 -0.2655
vn -0.7458 -0.4876 -0.4539
vn -0.6204 -0.5428 -0.5661
vn -0.6474 -0.4838 -0.5889
vn -0.9334 -0.1522 -0.3250
vn -0.9547 -0.0763 -0.2878
vn -0.9065 -0.0926 -0.4119
vn -0.7533 -0.4091 -0.5149
vn -0.9038 -0.1672 -0.3940
vn -0.7782 -0.3442 -0.5253
vn -0.6888 -0.3908 -0.6106
vn -0.7514 -0.2594 -0.6068
vn -0.8885 -0.1537 -0.4324
vn -0.8637 -0.1039 -0.4932
vn -0.8422 -0.1145 -0.5268
vn -0.8179 -0.2629 -0.5118
vn -0.8804 -0.1558 -0.4479
vn -0.8460 -0.2046 -0.4924
vn -0.8006 -0.1668 -0.5755
vn -0.8857 -0.3445 -0.3112
vn -0.3138 -0.0000 0.9495
vn -0.1450 -0.0000 0.9894
vn -0.1519 0.0405 0.9876
vn -0.0046 -0.0000 1.0000
vn -0.3031 0.1313 0.9439
vn -0.5725 -0.0000 0.8199
vn -0.1168 0.0894 0.9891
vn -0.5181 0.2205 0.8264
vn -0.7931 -0.0000 0.6090
vn -0.2548 0.2143 0.9429
vn -0.7083 0.2764 0.6496
vn -0.9580 0.0002 0.2867
vn -0.4093 0.3564 0.8399
vn -0.8791 0.3219 0.3514
vn -0.9995 0.0001 0.0306
vn -0.5531 0.4850 0.6774
vn -0.1777 0.2663 0.9474
vn -0.9446 0.3255 0.0434
vn -0.2618 0.4439 0.8570
vn -0.0998 0.1372 0.9855
vn -0.1256 0.2943 0.9474
vn -0.6731 0.6201 0.4030
vn -0.7463 0.6576 0.1032
vn -0.3949 0.8311 0.3916
vn -0.9325 0.3293 -0.1483
vn -0.9959 -0.0001 -0.0904
vn -0.9482 -0.0001 -0.3176
vn -0.7436 0.6605 -0.1039
vn -0.8769 0.3103 -0.3670
vn -0.8047 0.2873 -0.5195
vn -0.8611 -0.0000 -0.5084
vn -0.7602 -0.0002 -0.6496
vn -0.6924 0.2615 -0.6725
vn -0.6168 -0.0002 -0.7871
vn -0.5910 0.5334 -0.6052
vn -0.5400 0.2292 -0.8099
vn -0.4924 -0.0003 -0.8704
vn -0.4767 0.4806 -0.7361
vn -0.6962 0.6113 -0.3763
vn -0.4333 0.2085 -0.8768
vn -0.4266 -0.0003 -0.9044
vn -0.4010 0.4126 -0.8179
vn -0.3777 0.2202 -0.8993
vn -0.3485 0.3417 -0.8728
vn -0.2596 0.6521 -0.7123
vn -0.4093 0.2460 -0.8786
vn -0.4446 -0.0005 -0.8957
vn -0.3026 0.3099 -0.9013
vn -0.2523 0.5620 -0.7877
vn -0.1884 0.4401 -0.8780
vn -0.2965 0.7476 -0.5943
vn -0.0304 0.7336 -0.6789
vn -0.3366 0.8483 -0.4088
vn -0.0233 0.8059 -0.5915
vn -0.0344 0.8922 -0.4503
vn -0.3537 0.9178 -0.1801
vn -0.0325 0.9244 -0.3800
vn 0.1924 0.8871 -0.4195
vn -0.4423 0.8957 0.0458
vn -0.2357 0.9677 -0.0893
vn -0.2940 0.9556 -0.0184
vn -0.0717 0.9323 -0.3546
vn 0.2390 0.9515 -0.1939
vn 0.2671 0.9448 -0.1896
vn 0.4182 0.9025 0.1029
vn -0.1480 0.9241 0.3523
vn -0.4693 0.2525 0.8462
vn 0.2802 0.9503 0.1356
vn 0.3515 0.8277 0.4374
vn -0.0263 0.8144 0.5797
vn -0.1742 0.7530 0.6345
vn -0.3656 0.6353 0.6803
vn -0.0657 0.6725 0.7371
vn 0.0898 0.7603 0.6434
vn -0.0488 0.4830 0.8743
vn 0.1096 0.6725 0.7319
vn 0.1594 0.7211 0.6742
vn 0.1793 0.6599 0.7297
vn 0.1516 0.5115 0.8458
vn 0.2508 0.7703 0.5864
vn 0.2197 0.7200 0.6582
vn 0.3010 0.8570 0.4183
vn 0.2575 0.8723 0.4156
vn 0.1869 0.5581 0.8084
vn 0.2360 0.9605 0.1475
vn -0.0519 0.3890 0.9198
vn 0.1202 0.4446 0.8876
vn -0.0064 0.2889 0.9573
vn 0.0896 0.3569 0.9298
vn 0.1694 0.4949 0.8523
vn -0.0650 0.2072 0.9761
vn 0.1263 0.3502 0.9281
vn 0.1866 0.4222 0.8871
vn 0.1578 0.3134 0.9364
vn 0.0797 0.2272 0.9706
vn 0.1670 0.5427 0.8232
vn 0.0773 0.2206 0.9723
vn 0.0762 0.2211 0.9723
vn 0.0377 0.1831 0.9824
vn 0.0515 0.1645 0.9850
vn 0.0436 0.1744 0.9837
vn 0.0681 0.1902 0.9794
vn 0.0326 0.1577 0.9869
vn 0.0169 0.1331 0.9910
vn 0.1233 0.2422 0.9624
vn 0.0581 0.1511 0.9868
vn 0.0192 0.1303 0.9913
vn 0.1686 0.3068 0.9367
vn 0.1072 0.1458 0.9835
vn 0.0361 0.1189 0.9923
vn 0.0034 0.1196 0.9928
vn 0.0667 0.0903 0.9937
vn 0.0140 0.1012 0.9948
vn 0.1284 0.1854 0.9742
vn -0.0097 0.0900 0.9959
vn 0.0309 0.0371 0.9988
vn 0.0557 0.1193 0.9913
vn -0.0059 0.1120 0.9937
vn -0.0028 0.0466 0.9989
vn 0.0296 0.0459 0.9985
vn -0.0168 0.0926 0.9956
vn 0.1188 0.1053 0.9873
vn 0.0073 0.0620 0.9981
vn 0.1757 0.2637 0.9485
vn -0.0252 0.0677 0.9974
vn -0.0231 0.0677 0.9974
vn -0.0237 0.0899 0.9957
vn -0.0487 0.0732 0.9961
vn -0.0011 0.1050 0.9945
vn -0.0260 0.0824 0.9963
vn -0.0374 0.0744 0.9965
vn -0.0245 0.0738 0.9970
vn 0.0191 0.1069 0.9941
vn -0.0217 0.0735 0.9971
vn -0.0139 0.0871 0.9961
vn -0.0308 0.0956 0.9949
vn 0.0030 0.1289 0.9917
vn 0.0383 0.1308 0.9907
vn 0.1375 -0.0021 0.9905
vn 0.1177 -0.0000 0.9930
vn 0.2267 0.2170 0.9495
vn 0.2767 0.0910 0.9566
vn 0.3009 -0.0000 0.9537
vn 0.4568 0.2647 0.8493
vn 0.5091 0.1301 0.8508
vn 0.5411 -0.0000 0.8410
vn 0.2972 0.4049 0.8647
vn 0.7095 0.2136 0.6715
vn 0.7677 -0.0000 0.6408
vn 0.6123 0.4327 0.6617
vn 0.9149 0.2559 0.3122
vn 0.9563 -0.0000 0.2923
vn 0.7720 0.5239 0.3599
vn 0.9614 0.2696 0.0554
vn 0.9972 0.0001 0.0742
vn 0.4540 0.5939 0.6642
vn 0.9561 0.2731 -0.1063
vn 0.9964 0.0003 -0.0847
vn 0.8327 0.5466 0.0889
vn 0.9018 0.2720 -0.3358
vn 0.9462 0.0003 -0.3235
vn 0.8303 0.5456 -0.1138
vn 0.7716 0.5284 -0.3541
vn 0.8036 0.2592 -0.5357
vn 0.8576 0.0002 -0.5143
vn 0.6678 0.4822 -0.5670
vn 0.6733 0.2374 -0.7002
vn 0.7155 0.0003 -0.6986
vn 0.5505 0.4463 -0.7055
vn 0.5289 0.1759 -0.8302
vn 0.5629 0.0003 -0.8266
vn 0.4201 0.1582 -0.8936
vn 0.4667 0.0004 -0.8844
vn 0.4335 0.3738 -0.8200
vn 0.4257 0.1619 -0.8903
vn 0.4153 0.0005 -0.9097
vn 0.3055 0.3400 -0.8894
vn 0.2948 0.4831 -0.8244
vn 0.2456 0.4214 -0.8730
vn 0.3267 0.2899 -0.8996
vn 0.3861 0.5749 -0.7214
vn 0.4483 0.2833 -0.8478
vn 0.5216 0.0006 -0.8532
vn 0.7343 0.0011 -0.6788
vn 0.2792 0.3798 -0.8819
vn 0.3380 0.4383 -0.8329
vn 0.6414 0.3357 -0.6899
vn 0.9214 0.0013 -0.3887
vn 0.5063 0.5349 -0.6764
vn 0.8388 0.3672 -0.4019
vn 0.9654 0.0013 -0.2609
vn 0.8649 0.4356 -0.2494
vn 0.9918 0.0013 -0.1279
vn 0.6356 0.6406 -0.4309
vn 0.1786 0.6445 -0.7434
vn 0.2570 0.4707 -0.8440
vn 0.1829 0.4303 -0.8840
vn 0.0487 0.5676 -0.8218
vn 0.2047 0.4495 -0.8695
vn 0.0572 0.4761 -0.8775
vn 0.2296 0.5470 -0.8051
vn 0.1055 0.4683 -0.8772
vn -0.0158 0.5060 -0.8624
vn 0.0200 0.4174 -0.9085
vn 0.1365 0.5800 -0.8031
vn 0.2712 0.6579 -0.7025
vn 0.0152 0.4809 -0.8766
vn 0.1556 0.7175 -0.6789
vn -0.0257 0.6285 -0.7774
vn -0.1629 0.3803 -0.9104
vn 0.1615 0.7829 -0.6008
vn 0.3036 0.7446 -0.5944
vn 0.4760 0.6548 -0.5871
vn 0.3775 0.8334 -0.4036
vn 0.5667 0.7354 -0.3715
vn 0.2895 0.9499 -0.1178
vn 0.6356 0.7641 -0.1097
vn 0.4453 0.8878 -0.1158
vn 0.6299 0.7666 0.1250
vn 0.4413 0.8812 0.1695
vn 0.5620 0.7199 0.4072
vn 0.3752 0.8239 0.4247
vn 0.3146 0.6768 0.6656
vn 0.2996 0.9329 0.1996
vn 0.2081 0.4973 0.8423
vn 0.2437 0.7074 0.6635
vn 0.2727 0.8598 0.4318
vn 0.1897 0.9592 -0.2096
vn -0.1518 0.4392 -0.8855
vn -0.3118 0.3600 -0.8793
vn -0.2046 0.6116 -0.7643
vn -0.3792 0.4776 -0.7925
vn -0.0870 0.6683 -0.7388
vn -0.3298 0.7250 -0.6046
vn -0.4958 0.2802 -0.8220
vn -0.5345 -0.0006 -0.8452
vn -0.5329 0.5175 -0.6695
vn -0.6580 0.2713 -0.7024
vn -0.7066 -0.0008 -0.7076
vn -0.5734 0.6584 -0.4875
vn -0.7920 0.3100 -0.5260
vn -0.8507 -0.0010 -0.5256
vn -0.8540 0.3386 -0.3951
vn -0.9167 -0.0012 -0.3996
vn -0.6117 0.7120 -0.3448
vn -0.8503 0.3353 -0.4057
vn -0.9104 -0.0011 -0.4136
vn -0.2580 0.9202 -0.2944
vn -0.6724 0.3252 -0.6649
vn -0.7087 -0.0006 -0.7055
vn -0.6035 0.7143 -0.3543
vn 0.2216 0.0003 -0.9751
vn -0.4569 0.6567 -0.6000
vn -0.2550 0.9204 -0.2964
vn -0.1737 0.8312 -0.5282
vn 0.2407 0.8481 -0.4721
vn -0.1865 0.8927 -0.4103
vn 0.2169 0.9505 -0.2225
vn 0.2227 0.9467 -0.2326
vn -0.0737 0.8412 -0.5356
vn 0.2923 0.9031 -0.3145
vn 0.2734 0.8180 -0.5062
vn 0.6773 0.6873 -0.2625
vn 0.6256 0.7613 -0.1703
vn 0.8929 0.4285 -0.1383
vn 0.6280 0.7574 -0.1785
vn 0.8927 0.4259 -0.1473
vn 0.9904 0.0014 -0.1381
vn 0.6024 0.6811 -0.4162
vn 0.8344 0.3900 -0.3894
vn 0.9223 0.0013 -0.3864
vn -0.1519 -0.0405 0.9876
vn -0.3031 -0.1313 0.9439
vn -0.5726 -0.0000 0.8199
vn -0.1168 -0.0894 0.9891
vn -0.5181 -0.2205 0.8264
vn -0.2548 -0.2143 0.9429
vn -0.7083 -0.2764 0.6496
vn -0.9580 -0.0000 0.2867
vn -0.4093 -0.3564 0.8399
vn -0.8791 -0.3219 0.3514
vn -0.9995 -0.0001 0.0306
vn -0.5531 -0.4850 0.6774
vn -0.1777 -0.2663 0.9474
vn -0.9446 -0.3254 0.0434
vn -0.0998 -0.1372 0.9855
vn -0.9324 -0.3295 -0.1483
vn -0.9482 -0.0002 -0.3176
vn -0.7463 -0.6575 0.1032
vn -0.6731 -0.6201 0.4030
vn -0.3949 -0.8311 0.3916
vn -0.7435 -0.6606 -0.1039
vn -0.8768 -0.3106 -0.3670
vn -0.8046 -0.2876 -0.5195
vn -0.8611 -0.0003 -0.5084
vn -0.4423 -0.8957 0.0459
vn -0.6922 -0.2618 -0.6725
vn -0.5908 -0.5336 -0.6052
vn -0.6961 -0.6114 -0.3764
vn -0.5398 -0.2297 -0.8098
vn -0.4764 -0.4809 -0.7360
vn -0.4330 -0.2091 -0.8768
vn -0.4266 -0.0004 -0.9044
vn -0.4006 -0.4129 -0.8179
vn -0.2962 -0.7477 -0.5943
vn -0.2592 -0.6522 -0.7123
vn -0.3480 -0.3422 -0.8728
vn -0.3364 -0.8484 -0.4088
vn -0.3774 -0.2209 -0.8993
vn -0.3536 -0.9179 -0.1800
vn -0.4088 -0.2469 -0.8786
vn -0.4447 -0.0006 -0.8957
vn -0.3020 -0.3105 -0.9014
vn -0.4951 -0.2814 -0.8220
vn -0.5345 -0.0008 -0.8452
vn -0.3109 -0.3608 -0.8793
vn -0.6573 -0.2729 -0.7024
vn -0.7066 -0.0009 -0.7076
vn -0.3780 -0.4786 -0.7925
vn -0.5315 -0.5189 -0.6695
vn -0.7912 -0.3120 -0.5260
vn -0.8507 -0.0011 -0.5256
vn -0.5718 -0.6599 -0.4875
vn -0.3280 -0.7259 -0.6046
vn -0.8531 -0.3408 -0.3951
vn -0.6099 -0.7135 -0.3448
vn -0.8495 -0.3374 -0.4057
vn -0.9104 -0.0012 -0.4136
vn -0.2558 -0.9208 -0.2944
vn -0.6714 -0.3267 -0.6652
vn -0.7088 -0.0007 -0.7054
vn -0.6018 -0.7158 -0.3543
vn 0.2216 0.0004 -0.9751
vn -0.4558 -0.6577 -0.5998
vn -0.2528 -0.9210 -0.2964
vn -0.1716 -0.8315 -0.5284
vn 0.2433 -0.8472 -0.4723
vn -0.1843 -0.8931 -0.4103
vn 0.2193 -0.9499 -0.2225
vn 0.2254 -0.9461 -0.2327
vn 0.6042 -0.6795 -0.4162
vn 0.6301 -0.7557 -0.1785
vn 0.6275 -0.7598 -0.1703
vn 0.8354 -0.3879 -0.3894
vn 0.9223 0.0010 -0.3865
vn 0.9904 0.0012 -0.1381
vn 0.8937 -0.4238 -0.1473
vn 0.9918 0.0012 -0.1279
vn 0.8939 -0.4263 -0.1384
vn 0.8659 -0.4335 -0.2495
vn 0.9654 0.0012 -0.2609
vn 0.6790 -0.6856 -0.2625
vn 0.2945 -0.9024 -0.3146
vn 0.8397 -0.3651 -0.4019
vn 0.9214 0.0011 -0.3887
vn -0.0717 -0.8414 -0.5356
vn 0.2754 -0.8173 -0.5062
vn -0.0854 -0.6685 -0.7388
vn 0.6372 -0.6390 -0.4309
vn 0.1802 -0.6440 -0.7435
vn 0.5075 -0.5337 -0.6765
vn 0.6422 -0.3340 -0.6899
vn 0.7343 0.0007 -0.6788
vn 0.4489 -0.2823 -0.8479
vn 0.4153 0.0003 -0.9097
vn 0.3389 -0.4374 -0.8329
vn 0.4260 -0.1611 -0.8903
vn 0.4667 0.0003 -0.8844
vn 0.3272 -0.2892 -0.8996
vn 0.4202 -0.1577 -0.8936
vn 0.5629 0.0003 -0.8265
vn 0.3059 -0.3395 -0.8895
vn 0.2798 -0.3793 -0.8820
vn 0.5291 -0.1754 -0.8302
vn 0.7155 0.0002 -0.6986
vn 0.4338 -0.3733 -0.8200
vn 0.6734 -0.2370 -0.7002
vn 0.5507 -0.4459 -0.7056
vn 0.8037 -0.2590 -0.5357
vn 0.9462 0.0001 -0.3235
vn 0.2460 -0.4210 -0.8731
vn 0.9020 -0.2713 -0.3358
vn 0.9964 0.0002 -0.0847
vn 0.6680 -0.4820 -0.5670
vn 0.9562 -0.2728 -0.1061
vn 0.9972 -0.0000 0.0742
vn 0.7720 -0.5278 -0.3541
vn 0.9613 -0.2697 0.0556
vn 0.9563 -0.0000 0.2924
vn 0.8305 -0.5453 -0.1138
vn 0.4762 -0.6547 -0.5870
vn 0.9149 -0.2559 0.3122
vn 0.3863 -0.5746 -0.7215
vn 0.7095 -0.2136 0.6715
vn 0.2952 -0.4828 -0.8245
vn 0.5091 -0.1301 0.8508
vn 0.6123 -0.4327 0.6617
vn 0.2767 -0.0910 0.9566
vn 0.4568 -0.2647 0.8493
vn 0.1375 0.0021 0.9905
vn 0.2266 -0.2170 0.9495
vn 0.1188 -0.1053 0.9873
vn 0.1757 -0.2637 0.9485
vn 0.2972 -0.4049 0.8647
vn 0.7720 -0.5239 0.3599
vn 0.4540 -0.5939 0.6642
vn 0.8326 -0.5467 0.0890
vn 0.5620 -0.7199 0.4072
vn 0.6298 -0.7666 0.1248
vn 0.3752 -0.8239 0.4247
vn 0.3146 -0.6768 0.6656
vn 0.2081 -0.4972 0.8423
vn 0.2437 -0.7074 0.6635
vn 0.4412 -0.8813 0.1693
vn 0.2727 -0.8598 0.4318
vn 0.6359 -0.7639 -0.1098
vn 0.5672 -0.7350 -0.3714
vn 0.4457 -0.8877 -0.1160
vn 0.2997 -0.9329 0.1995
vn 0.3780 -0.8332 -0.4036
vn 0.2899 -0.9497 -0.1180
vn 0.3039 -0.7445 -0.5944
vn 0.1929 -0.8870 -0.4196
vn 0.2361 -0.9605 0.1474
vn 0.2716 -0.6577 -0.7026
vn 0.1899 -0.9591 -0.2097
vn 0.2301 -0.5467 -0.8051
vn 0.1618 -0.7828 -0.6009
vn 0.2053 -0.4492 -0.8695
vn 0.1370 -0.5799 -0.8031
vn 0.1836 -0.4299 -0.8840
vn 0.1560 -0.7174 -0.6789
vn 0.1061 -0.4682 -0.8772
vn 0.0579 -0.4759 -0.8776
vn 0.2581 -0.4700 -0.8441
vn 0.0499 -0.5674 -0.8219
vn -0.0147 -0.5061 -0.8623
vn 0.0207 -0.4174 -0.9085
vn -0.2031 -0.6121 -0.7643
vn -0.1507 -0.4395 -0.8855
vn -0.1621 -0.3806 -0.9104
vn 0.0159 -0.4809 -0.8766
vn -0.1878 -0.4403 -0.8780
vn -0.0252 -0.6286 -0.7773
vn -0.2518 -0.5622 -0.7877
vn -0.0300 -0.7337 -0.6788
vn -0.0230 -0.8060 -0.5915
vn -0.0342 -0.8923 -0.4502
vn -0.0324 -0.9244 -0.3799
vn 0.2390 -0.9515 -0.1939
vn -0.0717 -0.9323 -0.3546
vn -0.2357 -0.9677 -0.0893
vn 0.2671 -0.9448 -0.1896
vn -0.3705 -0.9283 0.0321
vn 0.4182 -0.9025 0.1029
vn -0.2940 -0.9556 -0.0184
vn 0.2802 -0.9503 0.1356
vn 0.3515 -0.8277 0.4374
vn -0.1480 -0.9241 0.3523
vn -0.4767 -0.7478 0.4621
vn -0.4692 -0.2525 0.8462
vn 0.2575 -0.8723 0.4156
vn 0.3010 -0.8570 0.4183
vn 0.2197 -0.7200 0.6582
vn 0.2508 -0.7703 0.5864
vn 0.1594 -0.7212 0.6742
vn 0.3343 -0.4214 0.8430
vn 0.1670 -0.5427 0.8232
vn 0.0898 -0.7603 0.6434
vn -0.1813 -0.1791 0.9670
vn 0.1793 -0.6599 0.7297
vn 0.1869 -0.5581 0.8084
vn 0.1686 -0.3068 0.9367
vn 0.1866 -0.4222 0.8871
vn 0.1284 -0.1854 0.9742
vn 0.1233 -0.2422 0.9624
vn 0.1072 -0.1458 0.9835
vn 0.0557 -0.1193 0.9913
vn 0.0667 -0.0903 0.9937
vn 0.0296 -0.0459 0.9985
vn 0.0309 -0.0371 0.9988
vn 0.0361 -0.1189 0.9923
vn 0.0140 -0.1012 0.9948
vn -0.0028 -0.0466 0.9989
vn -0.0097 -0.0899 0.9959
vn 0.0034 -0.1195 0.9928
vn 0.0581 -0.1511 0.9868
vn 0.0192 -0.1303 0.9913
vn -0.0059 -0.1120 0.9937
vn 0.0681 -0.1902 0.9794
vn -0.0168 -0.0926 0.9956
vn 0.0326 -0.1578 0.9869
vn 0.1578 -0.3134 0.9364
vn 0.0762 -0.2211 0.9723
vn 0.1694 -0.4949 0.8523
vn 0.1263 -0.3502 0.9281
vn 0.1202 -0.4446 0.8876
vn 0.1516 -0.5115 0.8458
vn 0.0895 -0.3569 0.9299
vn 0.1096 -0.6725 0.7319
vn -0.0519 -0.3890 0.9198
vn -0.0488 -0.4830 0.8743
vn -0.0657 -0.6725 0.7371
vn -0.0263 -0.8144 0.5797
vn -0.1742 -0.7531 0.6345
vn -0.3656 -0.6353 0.6803
vn -0.2618 -0.4439 0.8570
vn -0.1256 -0.2943 0.9474
vn -0.0064 -0.2889 0.9573
vn -0.0650 -0.2072 0.9761
vn 0.0773 -0.2206 0.9723
vn 0.0377 -0.1831 0.9824
vn 0.0797 -0.2272 0.9706
vn 0.0515 -0.1645 0.9850
vn 0.0436 -0.1744 0.9837
vn 0.0383 -0.1308 0.9907
vn 0.0169 -0.1331 0.9910
vn 0.0030 -0.1289 0.9917
vn 0.0191 -0.1069 0.9941
vn -0.0011 -0.1050 0.9945
vn -0.0237 -0.0899 0.9957
vn -0.0260 -0.0824 0.9963
vn -0.0139 -0.0871 0.9961
vn -0.0308 -0.0956 0.9949
vn -0.0245 -0.0738 0.9970
vn -0.0217 -0.0735 0.9971
vn -0.0487 -0.0732 0.9961
vn -0.0374 -0.0744 0.9965
vn -0.0231 -0.0677 0.9974
vn -0.0252 -0.0677 0.9974
vn 0.0073 -0.0620 0.9981
vn 0.0359 0.5033 -0.8634
vn 0.0110 0.4528 -0.8916
vn -0.0703 0.3688 -0.9269
vn -0.0079 0.5336 -0.8457
vn -0.3405 0.3512 -0.8722
vn -0.4772 -0.3333 -0.8131
vn 0.0523 0.5023 -0.8631
vn -0.0417 0.4955 -0.8676
vn -0.7689 -0.5649 -0.2995
vn -0.0588 0.4513 -0.8904
vn -0.2120 0.5021 -0.8384
vn -0.2307 0.5997 -0.7663
vn 0.0837 -0.8902 -0.4478
vn 0.0820 -0.8359 -0.5428
vn -0.2631 -0.2449 -0.9331
vn 0.4482 -0.4357 -0.7806
vn 0.3067 -0.2404 -0.9209
vn 0.1730 -0.9672 -0.1860
vn 0.1885 -0.9549 -0.2296
vn 0.2527 -0.7955 -0.5507
vn -0.4926 0.1612 -0.8552
vn 0.1491 -0.9820 0.1160
vn 0.2098 -0.9686 0.1335
vn 0.2868 -0.9285 -0.2358
vn 0.2556 -0.8067 -0.5329
vn 0.0233 -0.9128 0.4078
vn 0.3201 -0.9438 0.0818
vn 0.4644 -0.6081 0.6438
vn -0.0859 0.0479 0.9952
vn 0.0762 0.1406 0.9871
vn -0.0177 0.1291 0.9915
vn 0.2950 -0.8835 -0.3639
vn -0.3127 0.3282 -0.8914
vn -0.0028 0.1425 0.9898
vn -0.0087 0.1353 0.9908
vn 0.5887 -0.0677 -0.8055
vn -0.4019 0.6236 -0.6705
vn 0.3768 -0.7380 -0.5597
vn 0.1871 -0.2088 -0.9599
vn -0.1126 0.2792 -0.9536
vn -0.0819 -0.5930 -0.8011
vn -0.7068 0.3200 -0.6309
vn -0.4352 0.5825 -0.6865
vn -0.4522 0.3076 -0.8372
vn -0.5790 0.6505 -0.4915
vn -0.4203 0.4951 -0.7604
vn -0.4106 -0.3373 -0.8471
vn -0.8142 0.3783 -0.4404
vn -0.2057 0.3218 -0.9242
vn -0.9355 -0.3532 -0.0062
vn -0.5516 -0.1546 -0.8197
vn 0.3613 -0.3694 -0.8562
vn 0.4505 -0.5851 -0.6743
vn 0.3885 -0.7215 -0.5731
vn 0.5437 -0.6228 -0.5626
vn 0.4458 -0.8558 -0.2624
vn 0.5791 -0.7725 -0.2605
vn 0.4185 -0.8921 0.1702
vn 0.4760 -0.4745 -0.7404
vn 0.2135 -0.9650 0.1523
vn 0.5695 -0.5848 -0.5776
vn 0.2754 -0.9018 0.3330
vn -0.1286 -0.6143 0.7785
vn 0.3081 -0.4153 0.8559
vn -0.2620 -0.0299 0.9646
vn -0.0990 0.0759 0.9922
vn -0.2077 -0.8889 0.4083
vn 0.2036 -0.9696 0.1360
vn 0.0025 -0.4918 0.8707
vn 0.3244 -0.9401 -0.1044
vn -0.7507 -0.6539 0.0945
vn 0.7384 -0.3902 0.5500
vn 0.0538 0.1774 0.9827
vn 0.0550 -0.9748 0.2162
vn -0.0141 -0.2960 0.9551
vn -0.1641 -0.0068 0.9864
vn -0.1455 0.1564 0.9769
vn 0.4198 -0.8445 0.3324
vn -0.5572 -0.7580 0.3389
vn 0.4532 -0.8829 -0.1228
vn 0.3419 -0.3978 0.8514
vn 0.0563 -0.9724 0.2265
vn 0.5437 -0.7248 0.4232
vn -0.3080 0.0477 0.9502
vn 0.4834 -0.8753 0.0096
vn -0.3697 -0.7122 0.5968
vn -0.1806 0.1985 0.9633
vn 0.3141 -0.1230 0.9414
vn 0.0290 -0.0322 0.9991
vn -0.1882 0.2059 0.9603
vn 0.3948 -0.4600 0.7953
vn -0.2297 -0.0228 0.9730
vn -0.2018 0.1219 0.9718
vn 0.5849 -0.7819 0.2159
vn 0.2770 -0.8751 0.3969
vn 0.6874 -0.6826 -0.2479
vn 0.6560 -0.7187 0.2304
vn -0.7128 -0.2496 0.6555
vn 0.3865 -0.3820 -0.8395
vn 0.0625 -0.0411 0.9972
vn 0.4016 -0.0370 -0.9151
vn 0.1659 0.0987 0.9812
vn 0.3782 -0.0259 -0.9254
vn 0.0682 -0.1685 0.9833
vn -0.1500 -0.0087 0.9886
vn 0.1481 -0.7797 -0.6083
vn -0.4474 -0.8938 0.0322
vn -0.4660 -0.6696 -0.5784
vn -0.1540 0.4697 -0.8693
vn 0.1188 0.5428 -0.8314
vn -0.3008 0.6618 -0.6867
vn 0.0657 0.2870 -0.9557
vn -0.2758 0.3210 -0.9060
vn -0.4639 0.3112 -0.8294
vn 0.0284 -0.0787 -0.9965
vn -0.4858 0.2795 -0.8282
vn -0.4894 0.1874 -0.8517
vn -0.1311 -0.0303 -0.9909
vn -0.1142 -0.0255 -0.9931
vn 0.0044 -0.2520 -0.9677
vn -0.0978 0.1694 -0.9807
vn 0.5329 -0.6594 -0.5304
vn 0.3535 0.3409 -0.8711
vn 0.7558 -0.5299 -0.3846
vn 0.5535 -0.2894 -0.7809
vn 0.6764 -0.5072 -0.5340
vn 0.0524 -0.2438 -0.9684
vn -0.4452 0.0808 -0.8918
vn 0.7900 -0.5714 -0.2223
vn 0.2049 0.6274 -0.7512
vn 0.5483 -0.4066 -0.7308
vn 0.8366 -0.4891 -0.2467
vn 0.7417 -0.6412 0.1970
vn -0.6102 0.5142 -0.6027
vn -0.0014 0.9799 -0.1995
vn 0.6967 0.0931 -0.7113
vn 0.8687 -0.2036 -0.4516
vn 0.5582 -0.0827 -0.8256
vn -0.2580 0.4841 -0.8361
vn -0.3284 0.0355 -0.9439
vn 0.8096 -0.3202 -0.4919
vn 0.1977 -0.1683 -0.9657
vn -0.4389 0.2687 -0.8574
vn -0.4649 0.2659 -0.8445
vn -0.2536 0.8405 -0.4789
vn -0.1211 0.4225 -0.8982
vn 0.2723 0.8142 -0.5128
vn 0.8262 -0.1715 -0.5367
vn -0.1145 -0.1108 -0.9872
vn -0.1556 -0.0105 -0.9878
vn 0.8888 -0.3848 -0.2491
vn 0.8597 -0.0740 -0.5054
vn 0.5860 -0.1501 -0.7963
vn 0.9015 -0.1998 -0.3838
vn 0.8916 -0.4389 0.1116
vn 0.8089 -0.5495 0.2092
vn 0.9648 -0.2607 -0.0341
vn 0.7705 -0.4745 0.4257
vn 0.8433 -0.3069 0.4411
vn 0.7009 -0.4848 0.5232
vn 0.9510 -0.0886 0.2961
vn 0.6598 -0.3743 0.6516
vn 0.5627 0.2900 0.7741
vn 0.9886 -0.1222 0.0883
vn 0.8960 -0.0041 0.4441
vn 0.3889 -0.2985 0.8716
vn 0.9815 -0.0362 0.1882
vn -0.0971 -0.0911 0.9911
vn 0.4032 -0.1616 0.9007
vn 0.3198 -0.0044 0.9475
vn -0.1040 0.0547 0.9931
vn 0.0924 0.1118 0.9894
vn -0.2112 0.0359 0.9768
vn -0.2697 0.0230 0.9627
vn 0.5190 -0.4561 0.7229
vn 0.7002 -0.2642 0.6632
vn 0.7405 -0.4363 0.5112
vn 0.8172 -0.1416 0.5587
vn 0.4632 -0.5671 0.6810
vn 0.7531 -0.5954 0.2799
vn 0.5502 -0.7816 0.2939
vn 0.7031 -0.6923 0.1621
vn 0.8206 -0.4354 0.3702
vn 0.1046 0.1447 0.9839
vn 0.6052 -0.7020 -0.3753
vn 0.0272 -0.7887 0.6142
vn 0.0593 -0.9339 -0.3527
vn 0.0823 0.0235 0.9963
vn 0.1359 0.0138 0.9906
vn -0.3688 -0.0155 0.9294
vn 0.4684 -0.2622 0.8437
vn -0.0100 0.0061 0.9999
vn -0.3668 -0.1022 0.9247
vn 0.6955 -0.1365 0.7055
vn 0.0447 0.0150 0.9989
vn 0.9174 -0.3213 0.2350
vn -0.1296 0.0880 0.9877
vn 0.9368 -0.0880 0.3385
vn 0.8995 -0.0078 0.4369
vn 0.2798 -0.5609 0.7792
vn 0.9725 -0.1181 0.2005
vn 0.5134 0.2850 0.8094
vn 0.7185 0.0524 0.6936
vn 0.8751 0.0274 0.4831
vn 0.4002 0.0187 0.9162
vn 0.6115 0.0007 0.7912
vn 0.4211 0.0256 0.9067
vn 0.7561 0.0259 0.6540
vn 0.9787 0.1237 0.1636
vn 0.3258 0.1039 0.9397
vn 0.7102 -0.0258 0.7035
vn 0.4327 0.2793 0.8572
vn 0.4321 0.8251 0.3639
vn 0.3489 0.6734 0.6518
vn 0.9860 0.1524 0.0680
vn 0.9290 0.1153 0.3518
vn 0.8211 0.5246 -0.2251
vn 0.7788 0.6255 0.0485
vn 0.9512 0.2450 0.1878
vn 0.6856 0.2883 0.6685
vn 0.9397 0.1788 -0.2915
vn 0.5759 0.1291 0.8073
vn 0.8963 0.3518 0.2698
vn 0.0191 0.1586 0.9872
vn 0.8471 0.4382 0.3006
vn 0.0120 0.5136 0.8579
vn 0.3864 0.6251 0.6782
vn 0.4859 0.8009 0.3499
vn 0.7397 0.6070 0.2906
vn 0.8065 0.4056 0.4302
vn 0.7884 0.5604 0.2538
vn 0.7882 0.5245 -0.3220
vn 0.8710 0.3617 -0.3326
vn 0.6108 0.3838 -0.6925
vn 0.8273 0.1150 -0.5498
vn 0.4741 0.4365 -0.7646
vn 0.7773 0.4487 -0.4409
vn 0.4798 0.4353 -0.7618
vn 0.4695 0.1458 -0.8708
vn 0.3247 0.2013 -0.9241
vn 0.5229 0.1725 -0.8348
vn 0.5625 -0.1401 -0.8148
vn 0.3593 -0.0677 -0.9308
vn 0.3193 -0.1798 -0.9304
vn -0.2785 0.2875 -0.9164
vn -0.2601 -0.3820 -0.8868
vn -0.1331 0.0916 -0.9869
vn -0.4987 -0.3059 -0.8110
vn 0.6071 0.2844 -0.7420
vn -0.5027 -0.5587 -0.6596
vn -0.4411 0.2323 -0.8668
vn -0.3668 -0.3787 -0.8497
vn 0.8625 -0.4392 -0.2513
vn 0.0789 -0.4166 -0.9056
vn -0.7201 -0.6428 -0.2613
vn 0.2941 -0.9536 -0.0647
vn -0.3739 -0.6759 -0.6351
vn -0.8431 -0.0018 -0.5377
vn -0.4429 -0.5189 -0.7312
vn -0.0899 0.8557 -0.5096
vn -0.4106 -0.7032 -0.5805
vn 0.6215 0.4394 -0.6486
vn -0.0744 0.1176 -0.9903
vn 0.5107 -0.3050 -0.8039
vn -0.0990 -0.4214 -0.9015
vn 0.4665 0.0333 -0.8839
vn -0.4839 -0.3041 -0.8206
vn -0.3542 -0.2204 -0.9088
vn 0.4127 0.4021 -0.8173
vn 0.7289 0.3848 -0.5662
vn 0.6147 0.7245 -0.3118
vn 0.5279 -0.0250 -0.8489
vn 0.3352 0.7221 -0.6052
vn -0.0378 0.5480 -0.8357
vn -0.7742 -0.1033 -0.6244
vn -0.1801 -0.1471 -0.9726
vn -0.2579 -0.0740 -0.9633
vn -0.1367 -0.0330 -0.9901
vn 0.4868 -0.1000 -0.8677
vn 0.0943 -0.0793 -0.9924
vn 0.8289 0.1728 -0.5320
vn 0.6868 0.3531 -0.6353
vn -0.2559 0.0883 -0.9627
vn -0.1851 0.0970 -0.9779
vn 0.2239 0.6698 -0.7080
vn 0.3051 -0.0521 -0.9509
vn 0.8732 0.0680 -0.4825
vn 0.5039 0.1261 -0.8545
vn 0.8517 0.0956 -0.5153
vn 0.7357 0.3981 -0.5480
vn 0.1659 0.6310 -0.7578
vn 0.9601 -0.0469 -0.2757
vn 0.7546 -0.0728 -0.6521
vn 0.8626 -0.4274 -0.2706
vn 0.2584 -0.2285 -0.9386
vn -0.8609 -0.3600 -0.3595
vn -0.8293 -0.2968 -0.4735
vn -0.2208 -0.6423 -0.7340
vn -0.9454 0.3062 0.1120
vn -0.4896 -0.7307 -0.4758
vn 0.0625 -0.8622 -0.5028
vn -0.9725 -0.2330 -0.0081
vn -0.2513 -0.9033 -0.3477
vn -0.2921 -0.8786 0.3778
vn -0.9169 -0.3393 0.2100
vn -0.8601 -0.2911 0.4189
vn -0.3341 -0.9303 0.1513
vn 0.7536 0.2730 -0.5980
vn 0.3862 0.8638 -0.3235
vn 0.4226 0.8877 -0.1827
vn -0.2892 0.9353 0.2042
vn 0.8146 0.5046 -0.2861
vn 0.9289 -0.0368 -0.3685
vn 0.2732 0.9480 0.1632
vn 0.9503 0.2486 -0.1874
vn 0.9097 0.2717 0.3140
vn 0.8390 0.1954 0.5078
vn 0.2778 0.7702 0.5742
vn 0.3333 0.8681 0.3679
vn -0.8865 0.3164 -0.3377
vn -0.8218 0.3497 -0.4499
vn -0.5954 -0.2991 -0.7457
vn -0.5056 0.8481 0.1584
vn -0.8541 -0.2005 -0.4798
vn -0.5268 -0.6630 -0.5319
vn -0.8834 0.4681 0.0227
vn -0.7887 -0.4935 -0.3667
vn -0.7976 -0.4834 0.3607
vn -0.9103 0.3411 0.2344
vn -0.8345 0.3287 0.4423
vn -0.8648 -0.4839 0.1343
vn 0.7417 -0.2631 -0.6170
vn 0.8587 0.4075 -0.3107
vn 0.9026 0.3954 -0.1700
vn 0.4032 0.8817 0.2449
vn 0.9424 -0.1456 -0.3010
vn 0.6699 -0.6220 -0.4054
vn 0.8334 0.5218 0.1822
vn 0.8756 -0.4321 -0.2160
vn 0.8643 -0.4129 0.2872
vn 0.7620 -0.4340 0.4807
vn 0.7220 0.3655 0.5875
vn 0.8272 0.4118 0.3823
vn 0.3337 -0.6423 -0.6900
vn 0.8935 -0.2969 -0.3369
vn 0.9068 -0.3601 -0.2194
vn 0.9159 0.3063 0.2595
vn 0.5584 -0.7307 -0.3928
vn 0.0175 -0.8622 -0.5063
vn 0.9616 -0.2329 0.1452
vn 0.3029 -0.9033 -0.3038
vn 0.2289 -0.8786 0.4191
vn 0.8724 -0.3393 0.3518
vn 0.7834 -0.2910 0.5492
vn 0.3061 -0.9303 0.2021
vn -0.3886 0.8877 -0.2470
vn -0.3305 0.8638 -0.3802
vn -0.6500 0.2730 -0.7091
vn 0.2534 0.9353 0.2472
vn -0.7594 0.5046 -0.4108
vn -0.8592 -0.0368 -0.5102
vn -0.2955 0.9480 0.1182
vn -0.9089 0.2486 -0.3348
vn -0.9478 0.2716 0.1669
vn -0.9086 0.1953 0.3693
vn -0.3648 0.7702 0.5232
vn -0.3871 0.8681 0.3108
vn 0.3687 0.9002 -0.2318
vn 0.4094 0.8441 -0.3462
vn -0.2194 0.6675 -0.7115
vn 0.8465 0.4591 0.2693
vn -0.1354 0.8989 -0.4167
vn -0.6016 0.5941 -0.5340
vn 0.4902 0.8606 0.1381
vn -0.4385 0.8346 -0.3334
vn -0.4876 0.7809 0.3905
vn 0.3473 0.8738 0.3405
vn 0.3154 0.7809 0.5391
vn -0.4678 0.8671 0.1715
vn -0.2330 -0.6761 -0.6990
vn 0.4062 -0.8432 -0.3522
vn 0.3815 -0.8984 -0.2173
vn 0.8465 -0.4543 0.2774
vn -0.1478 -0.9072 -0.3938
vn -0.6057 -0.6097 -0.5113
vn 0.4806 -0.8643 0.1484
vn -0.4383 -0.8375 -0.3262
vn -0.4602 -0.8702 0.1759
vn -0.4943 -0.7841 0.3753
vn 0.2948 -0.7825 0.5484
vn 0.3546 -0.8714 0.3390
vn 0.9068 0.3600 -0.2194
vn 0.8935 0.2968 -0.3369
vn 0.3337 0.6422 -0.6901
vn 0.9159 -0.3062 0.2595
vn 0.5584 0.7307 -0.3928
vn 0.0175 0.8622 -0.5063
vn 0.9616 0.2330 0.1452
vn 0.3029 0.9033 -0.3038
vn 0.2289 0.8786 0.4191
vn 0.8724 0.3393 0.3519
vn 0.7834 0.2910 0.5492
vn 0.3061 0.9303 0.2021
vn -0.6500 -0.2730 -0.7092
vn -0.3305 -0.8638 -0.3802
vn -0.3886 -0.8877 -0.2470
vn 0.2534 -0.9353 0.2472
vn -0.7594 -0.5046 -0.4108
vn -0.8592 0.0369 -0.5102
vn -0.2955 -0.9480 0.1182
vn -0.9089 -0.2485 -0.3348
vn -0.9478 -0.2716 0.1669
vn -0.9086 -0.1953 0.3693
vn -0.3648 -0.7702 0.5232
vn -0.3871 -0.8681 0.3108
vn -0.5954 0.2991 -0.7457
vn -0.8218 -0.3496 -0.4499
vn -0.8865 -0.3164 -0.3377
vn -0.5056 -0.8481 0.1584
vn -0.8541 0.2005 -0.4798
vn -0.5268 0.6630 -0.5319
vn -0.8834 -0.4681 0.0227
vn -0.7887 0.4935 -0.3667
vn -0.7977 0.4834 0.3607
vn -0.9103 -0.3411 0.2344
vn -0.8345 -0.3287 0.4423
vn -0.8648 0.4839 0.1342
vn 0.9027 -0.3953 -0.1701
vn 0.8587 -0.4075 -0.3107
vn 0.7417 0.2631 -0.6170
vn 0.4032 -0.8817 0.2449
vn 0.9425 0.1456 -0.3010
vn 0.6699 0.6220 -0.4054
vn 0.8334 -0.5218 0.1822
vn 0.8756 0.4321 -0.2160
vn 0.8643 0.4129 0.2872
vn 0.7620 0.4339 0.4807
vn 0.7220 -0.3655 0.5875
vn 0.8272 -0.4118 0.3823
vn -0.2208 0.6423 -0.7340
vn -0.8293 0.2968 -0.4735
vn -0.8609 0.3600 -0.3595
vn -0.9454 -0.3062 0.1120
vn -0.4896 0.7307 -0.4758
vn 0.0625 0.8622 -0.5028
vn -0.9725 0.2330 -0.0081
vn -0.2513 0.9033 -0.3477
vn -0.2921 0.8786 0.3778
vn -0.9169 0.3393 0.2100
vn -0.8601 0.2910 0.4190
vn -0.3341 0.9303 0.1513
vn 0.4226 -0.8877 -0.1827
vn 0.3862 -0.8638 -0.3235
vn 0.7536 -0.2730 -0.5979
vn -0.2892 -0.9353 0.2042
vn 0.8146 -0.5046 -0.2860
vn 0.9289 0.0368 -0.3685
vn 0.2732 -0.9480 0.1632
vn 0.9503 -0.2486 -0.1874
vn 0.9097 -0.2717 0.3141
vn 0.8390 -0.1953 0.5078
vn 0.2778 -0.7702 0.5741
vn 0.3333 -0.8681 0.3678
vn -0.2551 0.8936 0.3693
vn -0.0640 0.7072 0.7041
vn 0.1317 0.8109 0.5702
vn 0.4020 0.5329 0.7446
vn -0.0393 0.9493 0.3120
vn -0.1756 0.9799 -0.0947
vn 0.0050 0.9992 0.0390
vn 0.1160 0.9123 -0.3927
vn 0.2528 0.9502 -0.1821
vn 0.3488 0.7277 0.5906
vn 0.4700 0.8677 -0.1615
vn 0.5805 0.7336 -0.3534
vn 0.7936 0.6085 -0.0036
vn 0.6050 0.7023 0.3752
vn 0.7151 0.5253 0.4611
vn 0.6496 0.7533 0.1025
vn 0.4787 0.7639 0.4328
vn 0.4600 0.4761 0.7495
vn 0.6721 0.4095 0.6169
vn 0.6435 0.0122 0.7653
vn 0.6666 0.6453 0.3731
vn 0.6091 0.7926 -0.0268
vn 0.7411 0.6635 0.1027
vn 0.7637 0.5508 -0.3367
vn 0.8777 0.4617 -0.1281
vn 0.7561 0.1920 0.6257
vn 0.9623 0.2444 -0.1191
vn 0.9428 0.0852 -0.3222
vn 0.9838 -0.1787 0.0126
vn 0.9157 -0.0006 0.4019
vn 0.8565 -0.2063 0.4732
vn 0.9911 0.0180 0.1319
vn -0.4917 -0.6817 0.5417
vn -0.5607 -0.4735 0.6792
vn -0.8195 -0.4628 0.3381
vn -0.1084 -0.6795 0.7256
vn -0.7042 -0.6530 0.2789
vn -0.8125 -0.5686 -0.1286
vn -0.7012 -0.7129 0.0044
vn -0.5507 -0.7189 -0.4241
vn -0.4856 -0.8474 -0.2149
vn -0.2796 -0.7763 0.5650
vn -0.2739 -0.9425 -0.1915
vn -0.0964 -0.9205 -0.3786
vn 0.1345 -0.9906 -0.0247
vn -0.0747 -0.9335 0.3506
vn 0.1261 -0.8878 0.4426
vn -0.0723 -0.9945 0.0763
vn 0.1317 -0.8109 0.5702
vn -0.0640 -0.7072 0.7041
vn -0.2552 -0.8936 0.3693
vn 0.4020 -0.5329 0.7446
vn -0.0393 -0.9493 0.3120
vn -0.1755 -0.9799 -0.0947
vn 0.0050 -0.9992 0.0390
vn 0.1161 -0.9123 -0.3927
vn 0.2528 -0.9502 -0.1821
vn 0.3488 -0.7277 0.5906
vn 0.4701 -0.8677 -0.1616
vn 0.5805 -0.7336 -0.3535
vn 0.7936 -0.6084 -0.0036
vn 0.6050 -0.7023 0.3752
vn 0.7151 -0.5253 0.4611
vn 0.6497 -0.7533 0.1025
vn 0.6721 -0.4095 0.6169
vn 0.4600 -0.4761 0.7495
vn 0.4787 -0.7639 0.4328
vn 0.6435 -0.0122 0.7653
vn 0.6666 -0.6453 0.3731
vn 0.6091 -0.7927 -0.0268
vn 0.7411 -0.6635 0.1027
vn 0.7637 -0.5509 -0.3367
vn 0.8777 -0.4617 -0.1281
vn 0.7561 -0.1920 0.6257
vn 0.9623 -0.2444 -0.1191
vn 0.9428 -0.0852 -0.3222
vn 0.9838 0.1787 0.0126
vn 0.9157 0.0006 0.4019
vn 0.8565 0.2063 0.4732
vn 0.9911 -0.0180 0.1318
vn -0.8195 0.4628 0.3381
vn -0.5607 0.4735 0.6792
vn -0.4917 0.6817 0.5417
vn -0.1084 0.6795 0.7256
vn -0.7042 0.6529 0.2789
vn -0.8125 0.5686 -0.1286
vn -0.7012 0.7129 0.0044
vn -0.5507 0.7189 -0.4241
vn -0.4856 0.8474 -0.2149
vn -0.2796 0.7763 0.5650
vn -0.2738 0.9425 -0.1915
vn -0.0963 0.9205 -0.3786
vn 0.1345 0.9906 -0.0247
vn -0.0748 0.9335 0.3506
vn 0.1260 0.8878 0.4426
vn -0.0723 0.9945 0.0763
vt 0.817383 0.088867
vt 0.816895 0.096680
vt 0.817383 0.101074
vt 0.802734 0.354004
vt 0.809570 0.358398
vt 0.816895 0.363281
vt 0.370850 0.413086
vt 0.363281 0.412598
vt 0.355957 0.413574
vt 0.475098 0.682861
vt 0.483887 0.682861
vt 0.484375 0.656494
vt 0.476562 0.656494
vt 0.484131 0.630859
vt 0.476562 0.630859
vt 0.894043 0.946777
vt 0.884277 0.957947
vt 0.840332 0.908813
vt 0.848633 0.894714
vt 0.827637 0.886658
vt 0.823730 0.841553
vt 0.808105 0.843140
vt 0.750488 0.115234
vt 0.752930 0.115234
vt 0.750488 0.144043
vt 0.716797 0.139160
vt 0.750000 0.159668
vt 0.736816 0.162598
vt 0.749512 0.203613
vt 0.667969 0.204102
vt 0.539551 0.827393
vt 0.609375 0.827393
vt 0.609375 0.781128
vt 0.539551 0.781128
vt 0.609375 0.739746
vt 0.539551 0.739746
vt 0.609375 0.697266
vt 0.539551 0.697266
vt 0.609375 0.655273
vt 0.539551 0.655273
vt 0.609375 0.612061
vt 0.539551 0.612061
vt 0.539551 0.568848
vt 0.609375 0.568848
vt 0.609375 0.524170
vt 0.539551 0.524170
vt 0.609375 0.483398
vt 0.539551 0.483398
vt 0.609375 0.442871
vt 0.539551 0.442871
vt 0.609375 0.397949
vt 0.539551 0.397949
vt 0.609375 0.351074
vt 0.539551 0.351074
vt 0.609375 0.306641
vt 0.539551 0.306641
vt 0.253174 0.028809
vt 0.259033 0.009766
vt 0.271973 0.025391
vt 0.251465 0.040527
vt 0.277344 0.035156
vt 0.250488 0.050781
vt 0.281982 0.045898
vt 0.254395 0.063965
vt 0.281738 0.057129
vt 0.257812 0.071289
vt 0.281982 0.066895
vt 0.281250 0.076172
vt 0.261963 0.079590
vt 0.267578 0.088379
vt 0.279297 0.086426
vt 0.275879 0.099609
vt 0.312256 0.408203
vt 0.292236 0.402344
vt 0.302979 0.392090
vt 0.322266 0.403320
vt 0.305420 0.379883
vt 0.328857 0.393555
vt 0.308350 0.327637
vt 0.332764 0.327637
vt 0.333496 0.295410
vt 0.308350 0.294922
vt 0.310059 0.261719
vt 0.354980 0.376465
vt 0.330566 0.401855
vt 0.355957 0.296875
vt 0.356201 0.391602
vt 0.334229 0.409180
vt 0.340332 0.413086
vt 0.355225 0.331055
vt 0.356201 0.402832
vt 0.348633 0.412598
vt 0.377686 0.409668
vt 0.381348 0.404297
vt 0.383057 0.392090
vt 0.377441 0.328613
vt 0.406494 0.378418
vt 0.409424 0.390625
vt 0.402344 0.328125
vt 0.389404 0.401367
vt 0.399902 0.406250
vt 0.419678 0.401367
vt 0.402100 0.295898
vt 0.377197 0.296387
vt 0.377930 0.263672
vt 0.403076 0.262695
vt 0.403076 0.229492
vt 0.355469 0.264160
vt 0.379150 0.228516
vt 0.378906 0.190918
vt 0.403320 0.185547
vt 0.401123 0.147949
vt 0.356445 0.230957
vt 0.334229 0.264160
vt 0.334229 0.230957
vt 0.309570 0.228516
vt 0.311279 0.184082
vt 0.356689 0.192383
vt 0.334229 0.189941
vt 0.335205 0.146484
vt 0.312256 0.147461
vt 0.379150 0.148438
vt 0.401123 0.083496
vt 0.356689 0.149414
vt 0.379883 0.082520
vt 0.399414 0.005859
vt 0.378418 0.008789
vt 0.357178 0.088867
vt 0.357666 0.012207
vt 0.334229 0.083984
vt 0.336670 0.008789
vt 0.313965 0.083496
vt 0.315430 0.005859
vt 0.493896 0.297852
vt 0.571777 0.292480
vt 0.495361 0.236328
vt 0.413086 0.256836
vt 0.411621 0.291504
vt 0.459717 0.656494
vt 0.460449 0.682861
vt 0.470459 0.682861
vt 0.468750 0.656494
vt 0.470703 0.630859
vt 0.462158 0.630859
vt 0.042847 0.543701
vt 0.059540 0.558350
vt 0.056885 0.563232
vt 0.035828 0.551514
vt 0.052521 0.565674
vt 0.031311 0.530762
vt 0.023346 0.538330
vt 0.022568 0.521973
vt 0.011757 0.524414
vt 0.009262 0.516602
vt 0.014648 0.513428
vt 0.034821 0.512207
vt 0.034393 0.522217
vt 0.051147 0.522461
vt 0.051605 0.512451
vt 0.068237 0.517822
vt 0.067444 0.523193
vt 0.065674 0.512695
vt 0.719727 0.219238
vt 0.736816 0.222168
vt 0.734375 0.278809
vt 0.718262 0.280762
vt 0.629883 0.222656
vt 0.628418 0.281738
vt 0.733887 0.344727
vt 0.628418 0.345215
vt 0.717285 0.344238
vt 0.734863 0.408691
vt 0.718262 0.410156
vt 0.626465 0.405762
vt 0.732910 0.466309
vt 0.625977 0.466309
vt 0.715820 0.467285
vt 0.731445 0.524658
vt 0.716797 0.525146
vt 0.623535 0.527344
vt 0.730469 0.586670
vt 0.716309 0.584473
vt 0.623047 0.582764
vt 0.729492 0.643311
vt 0.622070 0.648682
vt 0.714355 0.645020
vt 0.729004 0.705078
vt 0.621094 0.703857
vt 0.712402 0.704590
vt 0.728027 0.761597
vt 0.712891 0.761597
vt 0.620117 0.763062
vt 0.730469 0.818359
vt 0.618164 0.821899
vt 0.714844 0.817261
vt 0.718262 0.935364
vt 0.794922 0.991264
vt 0.801270 0.989647
vt 0.719727 0.929626
vt 0.831055 0.986809
vt 0.635742 0.956055
vt 0.612793 0.987259
vt 0.634766 0.990715
vt 0.613281 0.949829
vt 0.745117 0.919189
vt 0.839355 0.980942
vt 0.635742 0.919434
vt 0.614746 0.908020
vt 0.644043 0.946625
vt 0.642578 0.926758
vt 0.717773 0.905701
vt 0.628418 0.830566
vt 0.716797 0.894775
vt 0.752441 0.910339
vt 0.863770 0.979645
vt 0.717285 0.826294
vt 0.726562 0.821167
vt 0.762695 0.899658
vt 0.889160 0.977234
vt 0.788574 0.847900
vt 0.799316 0.845947
vt 0.774902 0.895264
vt 0.897461 0.972107
vt 0.874023 0.876343
vt 0.874023 0.872681
vt 0.902344 0.867310
vt 0.902344 0.870728
vt 0.931152 0.864990
vt 0.881836 0.893311
vt 0.931152 0.868530
vt 0.959961 0.868042
vt 0.905273 0.888123
vt 0.959473 0.871582
vt 0.987793 0.874146
vt 0.987305 0.877747
vt 0.930664 0.886536
vt 0.956055 0.889038
vt 0.979492 0.895081
vt 0.978516 0.899536
vt 0.955566 0.894043
vt 0.930664 0.891357
vt 0.905762 0.893066
vt 0.882324 0.897827
vt 0.880859 0.908386
vt 0.906250 0.901917
vt 0.885254 0.916931
vt 0.930664 0.899963
vt 0.954590 0.902588
vt 0.979980 0.909546
vt 0.975098 0.917908
vt 0.930664 0.908325
vt 0.907715 0.910522
vt 0.887207 0.918945
vt 0.953125 0.911072
vt 0.908203 0.912659
vt 0.930664 0.910461
vt 0.952637 0.913269
vt 0.973633 0.919922
vt 0.958496 0.945618
vt 0.944824 0.940948
vt 0.944336 0.978668
vt 0.930176 0.939056
vt 0.937500 0.975174
vt 0.930176 0.988472
vt 0.930176 0.973907
vt 0.922852 0.975189
vt 0.916016 0.978714
vt 0.915039 0.940887
vt 0.901367 0.945496
vt 0.467529 0.982056
vt 0.478271 0.985207
vt 0.479248 0.979721
vt 0.468506 0.978241
vt 0.479736 0.971359
vt 0.455078 0.975708
vt 0.449463 0.980164
vt 0.471436 0.969925
vt 0.481445 0.961426
vt 0.462891 0.967804
vt 0.426270 0.977097
vt 0.422607 0.979309
vt 0.393555 0.953827
vt 0.437012 0.969772
vt 0.404297 0.951874
vt 0.390137 0.921082
vt 0.448975 0.962494
vt 0.400879 0.922424
vt 0.400879 0.905090
vt 0.422363 0.949310
vt 0.408447 0.907654
vt 0.425293 0.891418
vt 0.419189 0.925110
vt 0.431152 0.895630
vt 0.441162 0.888550
vt 0.424805 0.913513
vt 0.443604 0.891663
vt 0.454102 0.886658
vt 0.440430 0.901672
vt 0.457764 0.892822
vt 0.469727 0.884583
vt 0.470947 0.890015
vt 0.448486 0.898254
vt 0.463379 0.900452
vt 0.475098 0.897644
vt 0.452148 0.908081
vt 0.470215 0.911194
vt 0.479004 0.907654
vt 0.462646 0.915955
vt 0.442383 0.919556
vt 0.456543 0.925049
vt 0.438721 0.929138
vt 0.469727 0.929321
vt 0.437988 0.946014
vt 0.455322 0.932190
vt 0.454346 0.942078
vt 0.460693 0.954651
vt 0.469971 0.958801
vt 0.471436 0.946167
vt 0.474365 0.959747
vt 0.482178 0.949829
vt 0.476318 0.949066
vt 0.478027 0.944275
vt 0.481934 0.944275
vt 0.474609 0.942719
vt 0.478516 0.940186
vt 0.480713 0.939941
vt 0.477783 0.934937
vt 0.476562 0.939484
vt 0.474854 0.936829
vt 0.472168 0.937988
vt 0.468262 0.939270
vt 0.469238 0.932922
vt 0.472900 0.933228
vt 0.475586 0.933960
vt 0.472900 0.931091
vt 0.475586 0.932434
vt 0.476562 0.930420
vt 0.475098 0.927490
vt 0.478516 0.929626
vt 0.480713 0.929810
vt 0.472656 0.924622
vt 0.478027 0.925720
vt 0.481689 0.925354
vt 0.476562 0.921204
vt 0.481934 0.919556
vt 0.716797 0.996727
vt 0.411133 0.006348
vt 0.440430 0.011719
vt 0.411377 0.126465
vt 0.472656 0.032227
vt 0.489014 0.059082
vt 0.502930 0.085938
vt 0.508789 0.125000
vt 0.503906 0.161133
vt 0.490723 0.186523
vt 0.479004 0.213379
vt 0.442383 0.235840
vt 0.411133 0.243164
vt 0.979004 0.775513
vt 0.991699 0.810181
vt 0.960938 0.821533
vt 0.949219 0.790649
vt 0.931641 0.819092
vt 0.930176 0.831909
vt 0.950195 0.766968
vt 0.974609 0.729980
vt 0.919434 0.823730
vt 0.924316 0.835449
vt 0.897461 0.836182
vt 0.929688 0.809448
vt 0.904785 0.821533
vt 0.872559 0.836670
vt 0.925781 0.815674
vt 0.916992 0.811768
vt 0.924316 0.808105
vt 0.903809 0.802734
vt 0.918945 0.791748
vt 0.883301 0.815552
vt 0.843750 0.834229
vt 0.884277 0.796387
vt 0.842285 0.793457
vt 0.817383 0.828857
vt 0.904297 0.779907
vt 0.819336 0.815796
vt 0.918457 0.772339
vt 0.805176 0.815674
vt 0.799316 0.825562
vt 0.927734 0.774414
vt 0.794922 0.817139
vt 0.784668 0.820679
vt 0.933594 0.768555
vt 0.783203 0.807007
vt 0.741699 0.807373
vt 0.924316 0.768799
vt 0.937988 0.746826
vt 0.926758 0.743164
vt 0.911621 0.768555
vt 0.912109 0.751709
vt 0.922363 0.725098
vt 0.901367 0.737793
vt 0.886230 0.754761
vt 0.901855 0.715820
vt 0.846191 0.754272
vt 0.886719 0.710693
vt 0.918945 0.711914
vt 0.907227 0.703125
vt 0.935547 0.723877
vt 0.928711 0.714355
vt 0.937500 0.710205
vt 0.972656 0.673340
vt 0.926758 0.695557
vt 0.937988 0.694580
vt 0.923340 0.681396
vt 0.937500 0.680176
vt 0.939941 0.657715
vt 0.931152 0.670410
vt 0.939941 0.641357
vt 0.971680 0.626221
vt 0.929688 0.661377
vt 0.923828 0.668701
vt 0.909668 0.687500
vt 0.888184 0.682861
vt 0.908203 0.675293
vt 0.919922 0.662354
vt 0.907227 0.664551
vt 0.922363 0.656982
vt 0.931641 0.656250
vt 0.915039 0.655029
vt 0.929688 0.644531
vt 0.919434 0.649902
vt 0.925293 0.646973
vt 0.930176 0.627686
vt 0.910645 0.638672
vt 0.902344 0.650879
vt 0.925781 0.640869
vt 0.888672 0.664062
vt 0.904297 0.632812
vt 0.843750 0.694092
vt 0.926758 0.628662
vt 0.916504 0.629639
vt 0.924805 0.608154
vt 0.972168 0.579590
vt 0.891113 0.617188
vt 0.908203 0.611572
vt 0.889160 0.645020
vt 0.888184 0.576416
vt 0.844238 0.663086
vt 0.847168 0.619385
vt 0.823730 0.691162
vt 0.904297 0.578857
vt 0.914551 0.582031
vt 0.897461 0.545654
vt 0.922363 0.579590
vt 0.918945 0.575684
vt 0.936035 0.571289
vt 0.923340 0.573975
vt 0.937988 0.543945
vt 0.974121 0.503418
vt 0.917480 0.549072
vt 0.907715 0.561279
vt 0.908691 0.520996
vt 0.940430 0.488770
vt 0.974609 0.438965
vt 0.922363 0.510742
vt 0.938965 0.436035
vt 0.974609 0.379395
vt 0.915039 0.489746
vt 0.935547 0.407227
vt 0.911621 0.500000
vt 0.929688 0.455078
vt 0.900879 0.499512
vt 0.918945 0.474121
vt 0.914551 0.434082
vt 0.918457 0.457031
vt 0.910645 0.486328
vt 0.911133 0.472656
vt 0.907715 0.495605
vt 0.901855 0.486328
vt 0.899414 0.493652
vt 0.886230 0.483398
vt 0.897461 0.472656
vt 0.886230 0.524170
vt 0.883789 0.456055
vt 0.848633 0.478027
vt 0.849121 0.578125
vt 0.897949 0.447754
vt 0.881836 0.421875
vt 0.898926 0.418457
vt 0.848633 0.416504
vt 0.923340 0.412109
vt 0.915039 0.403320
vt 0.923828 0.396484
vt 0.913086 0.393555
vt 0.927246 0.391113
vt 0.895508 0.399902
vt 0.933105 0.369629
vt 0.975098 0.342285
vt 0.878906 0.381836
vt 0.915039 0.370117
vt 0.921387 0.373047
vt 0.850098 0.362793
vt 0.896484 0.358398
vt 0.926270 0.366699
vt 0.879395 0.352051
vt 0.907715 0.340332
vt 0.891113 0.315430
vt 0.934570 0.353027
vt 0.916992 0.331055
vt 0.927734 0.352539
vt 0.936035 0.331543
vt 0.975098 0.301270
vt 0.928223 0.336914
vt 0.935059 0.300293
vt 0.929688 0.327637
vt 0.977539 0.252930
vt 0.912109 0.308105
vt 0.902344 0.317871
vt 0.924316 0.303223
vt 0.890625 0.283203
vt 0.912598 0.280273
vt 0.926758 0.278809
vt 0.936523 0.265137
vt 0.922363 0.268555
vt 0.912109 0.260742
vt 0.927734 0.256348
vt 0.937500 0.244141
vt 0.920410 0.248535
vt 0.891602 0.255371
vt 0.942383 0.207031
vt 0.978516 0.191895
vt 0.928223 0.223633
vt 0.942383 0.177246
vt 0.973633 0.137695
vt 0.934570 0.211426
vt 0.932129 0.224609
vt 0.928223 0.214355
vt 0.911621 0.229492
vt 0.921387 0.219238
vt 0.925293 0.210449
vt 0.923828 0.204102
vt 0.895020 0.230957
vt 0.932129 0.174316
vt 0.894043 0.181152
vt 0.855469 0.231445
vt 0.941406 0.146484
vt 0.915039 0.163086
vt 0.934082 0.149902
vt 0.938477 0.137695
vt 0.929199 0.140625
vt 0.925781 0.146973
vt 0.927246 0.136230
vt 0.937988 0.114258
vt 0.969727 0.085938
vt 0.914062 0.129883
vt 0.929199 0.122070
vt 0.927246 0.104980
vt 0.922852 0.112793
vt 0.895996 0.131836
vt 0.922363 0.104004
vt 0.936035 0.104980
vt 0.938477 0.088867
vt 0.939941 0.075684
vt 0.972656 0.052246
vt 0.928223 0.091309
vt 0.946777 0.041504
vt 0.974121 0.025879
vt 0.929199 0.084961
vt 0.940918 0.027344
vt 0.949219 0.017578
vt 0.932617 0.008301
vt 0.931641 0.035156
vt 0.928223 0.026367
vt 0.921875 0.011719
vt 0.899414 0.011719
vt 0.931641 0.055176
vt 0.919434 0.048828
vt 0.901367 0.037109
vt 0.854980 0.013672
vt 0.896973 0.079590
vt 0.924316 0.072266
vt 0.859375 0.041016
vt 0.836914 0.016602
vt 0.926758 0.079102
vt 0.924805 0.084473
vt 0.914062 0.086426
vt 0.858887 0.086426
vt 0.824219 0.038086
vt 0.808105 0.021973
vt 0.832520 0.068359
vt 0.857422 0.136719
vt 0.811523 0.027344
vt 0.858398 0.182129
vt 0.795898 0.031250
vt 0.787598 0.028320
vt 0.809570 0.035156
vt 0.787109 0.040039
vt 0.763184 0.037109
vt 0.768066 0.064941
vt 0.799316 0.038574
vt 0.791504 0.059570
vt 0.771973 0.102539
vt 0.813477 0.044922
vt 0.816406 0.072754
vt 0.802246 0.102051
vt 0.770508 0.131836
vt 0.834473 0.099609
vt 0.810547 0.100098
vt 0.822754 0.099609
vt 0.818848 0.106445
vt 0.832031 0.115723
vt 0.821289 0.126465
vt 0.799316 0.128906
vt 0.820801 0.146484
vt 0.834961 0.143066
vt 0.836426 0.175293
vt 0.824219 0.160645
vt 0.815918 0.150391
vt 0.817871 0.170898
vt 0.825684 0.185547
vt 0.811523 0.148438
vt 0.808594 0.160156
vt 0.802734 0.158691
vt 0.790527 0.160645
vt 0.765137 0.179688
vt 0.778320 0.178711
vt 0.769043 0.228027
vt 0.796387 0.165527
vt 0.795410 0.171387
vt 0.785156 0.197754
vt 0.805176 0.163574
vt 0.802734 0.166992
vt 0.810059 0.169922
vt 0.796875 0.175293
vt 0.807617 0.180176
vt 0.795898 0.197266
vt 0.813477 0.195312
vt 0.797363 0.211426
vt 0.790039 0.233887
vt 0.769043 0.277344
vt 0.826172 0.222168
vt 0.809082 0.228516
vt 0.788086 0.282227
vt 0.777344 0.321289
vt 0.805664 0.257812
vt 0.815918 0.237305
vt 0.840332 0.202148
vt 0.822266 0.241211
vt 0.840332 0.232910
vt 0.814941 0.249512
vt 0.822266 0.251465
vt 0.830078 0.245605
vt 0.825195 0.258301
vt 0.840820 0.260742
vt 0.813965 0.279297
vt 0.856934 0.259277
vt 0.804199 0.278809
vt 0.856934 0.280762
vt 0.823242 0.280762
vt 0.806152 0.300781
vt 0.798340 0.291992
vt 0.803711 0.301270
vt 0.812500 0.301270
vt 0.828613 0.289551
vt 0.816406 0.308105
vt 0.797852 0.304688
vt 0.793945 0.321289
vt 0.835449 0.295898
vt 0.812012 0.324707
vt 0.796875 0.347656
vt 0.780762 0.348633
vt 0.857422 0.314453
vt 0.830078 0.330078
vt 0.831543 0.351074
vt 0.799316 0.361816
vt 0.822266 0.390137
vt 0.805664 0.416504
vt 0.785645 0.415039
vt 0.806641 0.433594
vt 0.782227 0.467773
vt 0.815430 0.414551
vt 0.834961 0.405762
vt 0.824707 0.419434
vt 0.813477 0.433594
vt 0.830566 0.429688
vt 0.818359 0.433594
vt 0.816406 0.439453
vt 0.813477 0.450195
vt 0.820312 0.452637
vt 0.807617 0.465820
vt 0.814941 0.467285
vt 0.827637 0.456543
vt 0.818848 0.471191
vt 0.804688 0.484375
vt 0.816895 0.483398
vt 0.801270 0.503906
vt 0.778320 0.501465
vt 0.769531 0.557617
vt 0.825684 0.488770
vt 0.813477 0.501465
vt 0.848633 0.524658
vt 0.821777 0.505615
vt 0.809082 0.520752
vt 0.808594 0.541260
vt 0.792480 0.561768
vt 0.764648 0.598145
vt 0.828613 0.553711
vt 0.807617 0.556885
vt 0.802734 0.563232
vt 0.813965 0.559570
vt 0.808105 0.562744
vt 0.809570 0.569580
vt 0.812988 0.578857
vt 0.809082 0.591309
vt 0.793945 0.593506
vt 0.821777 0.601562
vt 0.804199 0.604980
vt 0.782227 0.605957
vt 0.793457 0.609863
vt 0.809570 0.609863
vt 0.788086 0.622803
vt 0.801758 0.613525
vt 0.797363 0.614746
vt 0.804688 0.616943
vt 0.813477 0.625244
vt 0.781250 0.636719
vt 0.764160 0.660645
vt 0.792969 0.630371
vt 0.818359 0.641602
vt 0.798340 0.629395
vt 0.790527 0.634521
vt 0.796387 0.634521
vt 0.803223 0.635986
vt 0.797363 0.643799
vt 0.803711 0.660889
vt 0.785645 0.654785
vt 0.810059 0.671631
vt 0.791016 0.683838
vt 0.813477 0.682617
vt 0.804688 0.689453
vt 0.813477 0.687500
vt 0.815918 0.695312
vt 0.818848 0.705811
vt 0.808594 0.703613
vt 0.799316 0.713379
vt 0.761230 0.716309
vt 0.811035 0.707764
vt 0.801758 0.726318
vt 0.810547 0.712646
vt 0.812988 0.708740
vt 0.816895 0.721191
vt 0.842773 0.719482
vt 0.824219 0.735840
vt 0.812988 0.729004
vt 0.814941 0.738525
vt 0.802734 0.739746
vt 0.754395 0.771484
vt 0.823730 0.751831
vt 0.811523 0.749023
vt 0.798340 0.749512
vt 0.813965 0.768555
vt 0.816406 0.752930
vt 0.811523 0.754761
vt 0.812500 0.760864
vt 0.805176 0.754150
vt 0.797852 0.764893
vt 0.817383 0.783569
vt 0.786621 0.775391
vt 0.811035 0.801147
vt 0.794922 0.778198
vt 0.786621 0.790039
vt 0.804199 0.777832
vt 0.793945 0.802124
vt 0.806152 0.785278
vt 0.796875 0.790161
vt 0.804688 0.794922
vt 0.791504 0.789551
vt 0.795898 0.797852
vt 0.802734 0.805298
vt 0.125854 0.488281
vt 0.068237 0.496094
vt 0.054688 0.455566
vt 0.107361 0.446777
vt 0.156372 0.428711
vt 0.182861 0.470215
vt 0.088196 0.386230
vt 0.032135 0.395996
vt 0.019379 0.350098
vt 0.176270 0.416992
vt 0.202515 0.454590
vt 0.222534 0.438965
vt 0.131958 0.374512
vt 0.075256 0.345703
vt 0.011673 0.304199
vt 0.120178 0.336426
vt 0.150635 0.365723
vt 0.196655 0.405762
vt 0.249023 0.406738
vt 0.071777 0.306152
vt 0.011673 0.245605
vt 0.224854 0.379883
vt 0.062744 0.246582
vt 0.251221 0.343262
vt 0.278809 0.354492
vt 0.302002 0.254395
vt 0.196411 0.342285
vt 0.169922 0.357422
vt 0.230835 0.291016
vt 0.139526 0.330078
vt 0.159424 0.323242
vt 0.182739 0.312012
vt 0.112183 0.302246
vt 0.131592 0.298340
vt 0.151367 0.293457
vt 0.105896 0.247070
vt 0.125488 0.247559
vt 0.073914 0.188477
vt 0.015282 0.182129
vt 0.030136 0.134277
vt 0.116394 0.192383
vt 0.080933 0.145020
vt 0.125977 0.156250
vt 0.102417 0.105957
vt 0.044403 0.086914
vt 0.068970 0.036133
vt 0.123718 0.051758
vt 0.083679 0.000488
vt 0.138550 0.011230
vt 0.169067 0.071777
vt 0.197632 0.034180
vt 0.216431 0.051758
vt 0.141113 0.121094
vt 0.189209 0.085938
vt 0.235596 0.069336
vt 0.161011 0.131348
vt 0.209961 0.100586
vt 0.263428 0.107422
vt 0.146484 0.164551
vt 0.181274 0.141602
vt 0.231689 0.124512
vt 0.285645 0.160156
vt 0.204102 0.154297
vt 0.257812 0.168945
vt 0.167358 0.172363
vt 0.234619 0.210938
vt 0.188599 0.185547
vt 0.222046 0.251465
vt 0.179565 0.209473
vt 0.173340 0.286621
vt 0.164551 0.249023
vt 0.145508 0.247559
vt 0.159668 0.200684
vt 0.137817 0.196777
vt 0.707031 0.136230
vt 0.700195 0.143555
vt 0.694336 0.136230
vt 0.697266 0.125000
vt 0.689941 0.149414
vt 0.679688 0.132324
vt 0.677246 0.142090
vt 0.676270 0.175781
vt 0.662598 0.106445
vt 0.691895 0.111816
vt 0.662598 0.125977
vt 0.662109 0.145996
vt 0.662109 0.198242
vt 0.647949 0.175293
vt 0.646973 0.141602
vt 0.634277 0.149414
vt 0.645020 0.132324
vt 0.630371 0.135742
vt 0.624512 0.143066
vt 0.617188 0.135742
vt 0.627441 0.125000
vt 0.632812 0.111328
vt 0.635254 0.097656
vt 0.689941 0.098145
vt 0.662598 0.067383
vt 0.634277 0.078125
vt 0.615234 0.082520
vt 0.609863 0.104004
vt 0.581543 0.101562
vt 0.633789 0.061523
vt 0.621094 0.064941
vt 0.650391 0.069824
vt 0.639648 0.051758
vt 0.602051 0.081055
vt 0.610352 0.061523
vt 0.593262 0.068359
vt 0.566406 0.074219
vt 0.576172 0.048828
vt 0.592773 0.046387
vt 0.608398 0.037598
vt 0.567871 0.026855
vt 0.585938 0.037109
vt 0.592285 0.025879
vt 0.662598 0.054199
vt 0.634766 0.038086
vt 0.674805 0.069824
vt 0.663086 0.036621
vt 0.623047 0.023438
vt 0.685547 0.052246
vt 0.690918 0.038574
vt 0.691406 0.062012
vt 0.702637 0.023926
vt 0.690918 0.078613
vt 0.663086 0.023438
vt 0.712402 0.015625
vt 0.613770 0.014648
vt 0.663086 0.014648
vt 0.708496 0.008301
vt 0.617676 0.007812
vt 0.663086 0.008301
vt 0.709961 0.083008
vt 0.714844 0.104492
vt 0.704590 0.065430
vt 0.743652 0.102539
vt 0.723633 0.082031
vt 0.714844 0.062500
vt 0.731934 0.069336
vt 0.759277 0.075195
vt 0.749512 0.049805
vt 0.732910 0.047363
vt 0.717285 0.038086
vt 0.758301 0.027832
vt 0.739746 0.038086
vt 0.733398 0.026855
vt 0.590332 0.289062
vt 0.555176 0.271484
vt 0.563477 0.229980
vt 0.596191 0.253906
vt 0.527344 0.239258
vt 0.585449 0.215332
vt 0.603516 0.230957
vt 0.546387 0.195801
vt 0.514160 0.201172
vt 0.514160 0.161133
vt 0.601074 0.205566
vt 0.613770 0.218262
vt 0.625488 0.208496
vt 0.573730 0.191406
vt 0.613281 0.198730
vt 0.633789 0.181152
vt 0.592773 0.187988
vt 0.607422 0.185547
vt 0.608398 0.171387
vt 0.617188 0.158691
vt 0.595215 0.168945
vt 0.603027 0.152832
vt 0.588867 0.144531
vt 0.577148 0.165039
vt 0.574707 0.125000
vt 0.551758 0.157715
vt 0.558105 0.093750
vt 0.530273 0.121582
vt 0.515137 0.301270
vt 0.521484 0.333008
vt 0.492188 0.344727
vt 0.478027 0.316895
vt 0.523926 0.359863
vt 0.445557 0.350586
vt 0.499512 0.372559
vt 0.472412 0.361816
vt 0.431152 0.392090
vt 0.523926 0.400879
vt 0.462402 0.395020
vt 0.484131 0.396973
vt 0.494385 0.423828
vt 0.516113 0.440918
vt 0.465820 0.429688
vt 0.437256 0.435059
vt 0.481689 0.450195
vt 0.508301 0.467285
vt 0.462402 0.474609
vt 0.495850 0.497070
vt 0.433105 0.538330
vt 0.428955 0.515381
vt 0.422607 0.517578
vt 0.410645 0.525879
vt 0.438721 0.513916
vt 0.426514 0.542969
vt 0.441650 0.536377
vt 0.421387 0.549316
vt 0.401611 0.537842
vt 0.395996 0.552490
vt 0.445312 0.562744
vt 0.418457 0.557129
vt 0.417969 0.565430
vt 0.394775 0.568115
vt 0.397949 0.583984
vt 0.420166 0.573486
vt 0.424561 0.580566
vt 0.406494 0.597412
vt 0.417480 0.607178
vt 0.430908 0.585693
vt 0.438477 0.589111
vt 0.432617 0.613037
vt 0.449219 0.614014
vt 0.446777 0.589600
vt 0.454834 0.587891
vt 0.464844 0.610840
vt 0.477539 0.602783
vt 0.462158 0.583496
vt 0.467773 0.577393
vt 0.487305 0.589600
vt 0.490479 0.574707
vt 0.470947 0.569580
vt 0.471924 0.561035
vt 0.490723 0.559570
vt 0.488037 0.544434
vt 0.469971 0.552979
vt 0.465820 0.545654
vt 0.480225 0.530762
vt 0.469971 0.520996
vt 0.458496 0.540283
vt 0.450684 0.536621
vt 0.460938 0.517090
vt 0.455566 0.514648
vt 0.417480 0.651367
vt 0.396729 0.622314
vt 0.376953 0.633545
vt 0.345459 0.574463
vt 0.387207 0.663086
vt 0.434082 0.686523
vt 0.354492 0.636230
vt 0.393311 0.695557
vt 0.443359 0.742676
vt 0.354980 0.664062
vt 0.393799 0.737793
vt 0.439209 0.783936
vt 0.352539 0.692627
vt 0.387451 0.769043
vt 0.424072 0.828247
vt 0.346924 0.723877
vt 0.323975 0.655029
vt 0.374023 0.802368
vt 0.314209 0.679199
vt 0.324463 0.647705
vt 0.316406 0.650146
vt 0.338867 0.748535
vt 0.326660 0.775391
vt 0.293213 0.720703
vt 0.353516 0.831665
vt 0.398926 0.867188
vt 0.367432 0.897888
vt 0.311035 0.799072
vt 0.328613 0.854004
vt 0.298828 0.873047
vt 0.330322 0.921143
vt 0.292480 0.935608
vt 0.273682 0.889099
vt 0.254639 0.941833
vt 0.271729 0.837280
vt 0.245605 0.901978
vt 0.210449 0.940796
vt 0.249756 0.852661
vt 0.292969 0.818848
vt 0.207153 0.910217
vt 0.176392 0.936096
vt 0.226440 0.866211
vt 0.175415 0.914124
vt 0.194214 0.881836
vt 0.217285 0.819214
vt 0.150635 0.916260
vt 0.151245 0.931763
vt 0.166748 0.893005
vt 0.199585 0.835449
vt 0.174194 0.857056
vt 0.234497 0.802368
vt 0.191528 0.797852
vt 0.251709 0.783936
vt 0.207031 0.778931
vt 0.223511 0.758789
vt 0.267090 0.766846
vt 0.230469 0.750000
vt 0.184204 0.728027
vt 0.285645 0.743896
vt 0.263428 0.746094
vt 0.283203 0.739990
vt 0.239990 0.738770
vt 0.280762 0.732666
vt 0.250000 0.727051
vt 0.217529 0.710449
vt 0.231689 0.705322
vt 0.229004 0.687744
vt 0.283203 0.711914
vt 0.273926 0.709229
vt 0.271240 0.693359
vt 0.218018 0.685303
vt 0.232788 0.663574
vt 0.279541 0.687256
vt 0.268066 0.685303
vt 0.289795 0.693359
vt 0.302002 0.702637
vt 0.284912 0.677002
vt 0.270264 0.681152
vt 0.254639 0.680176
vt 0.294434 0.663574
vt 0.276367 0.673096
vt 0.256348 0.676758
vt 0.240601 0.678223
vt 0.267334 0.667480
vt 0.280518 0.655029
vt 0.242432 0.673096
vt 0.247803 0.663086
vt 0.229248 0.659424
vt 0.223877 0.657227
vt 0.269775 0.644287
vt 0.207642 0.681152
vt 0.301514 0.647705
vt 0.289307 0.641357
vt 0.302246 0.640137
vt 0.292480 0.635498
vt 0.281494 0.633789
vt 0.312744 0.640869
vt 0.287109 0.630371
vt 0.275635 0.621338
vt 0.282715 0.620605
vt 0.291992 0.627197
vt 0.255127 0.629639
vt 0.295654 0.630859
vt 0.289062 0.620605
vt 0.302734 0.634277
vt 0.298340 0.625000
vt 0.295898 0.620605
vt 0.289795 0.613770
vt 0.296875 0.616211
vt 0.303711 0.620850
vt 0.282959 0.612061
vt 0.292236 0.610107
vt 0.300781 0.613770
vt 0.273438 0.610596
vt 0.287354 0.604736
vt 0.298340 0.607422
vt 0.305908 0.614990
vt 0.295898 0.601074
vt 0.305908 0.608154
vt 0.279053 0.597900
vt 0.310791 0.610840
vt 0.307129 0.602051
vt 0.291016 0.591553
vt 0.309814 0.618896
vt 0.315186 0.606445
vt 0.309570 0.593262
vt 0.314941 0.614990
vt 0.283447 0.575195
vt 0.322510 0.599365
vt 0.257080 0.587402
vt 0.320312 0.611816
vt 0.328369 0.606201
vt 0.317139 0.619629
vt 0.323975 0.618896
vt 0.310547 0.623779
vt 0.317139 0.626709
vt 0.334717 0.618164
vt 0.323975 0.629639
vt 0.307861 0.627197
vt 0.331787 0.633057
vt 0.313721 0.632324
vt 0.318604 0.638184
vt 0.309814 0.634277
vt 0.302979 0.627930
vt 0.280518 0.558838
vt 0.286133 0.536865
vt 0.253174 0.572021
vt 0.249512 0.556396
vt 0.252686 0.524414
vt 0.223633 0.577881
vt 0.216675 0.558838
vt 0.214600 0.517822
vt 0.230591 0.596680
vt 0.176514 0.569336
vt 0.158569 0.524414
vt 0.189575 0.589111
vt 0.148560 0.584717
vt 0.120422 0.539795
vt 0.165039 0.604248
vt 0.120789 0.607422
vt 0.082275 0.566162
vt 0.202637 0.609131
vt 0.098083 0.634277
vt 0.051575 0.600586
vt 0.140625 0.626221
vt 0.081116 0.663086
vt 0.030319 0.639404
vt 0.120544 0.650879
vt 0.104858 0.677002
vt 0.068787 0.695557
vt 0.017731 0.681885
vt 0.092346 0.705811
vt 0.062012 0.727295
vt 0.014641 0.722656
vt 0.084167 0.734619
vt 0.059784 0.758911
vt 0.018906 0.760864
vt 0.061737 0.798462
vt 0.031433 0.803223
vt 0.079468 0.763428
vt 0.066223 0.830566
vt 0.045074 0.835083
vt 0.077026 0.800903
vt 0.099182 0.768066
vt 0.092285 0.803467
vt 0.077393 0.832031
vt 0.106384 0.741699
vt 0.073914 0.855225
vt 0.055267 0.857544
vt 0.064148 0.881409
vt 0.088501 0.833496
vt 0.085754 0.856689
vt 0.072388 0.880432
vt 0.066956 0.897705
vt 0.081787 0.881775
vt 0.071350 0.898132
vt 0.065491 0.912292
vt 0.068237 0.912964
vt 0.060150 0.929810
vt 0.076904 0.900146
vt 0.089722 0.884888
vt 0.096008 0.861450
vt 0.101990 0.839722
vt 0.106201 0.866333
vt 0.110046 0.812378
vt 0.115479 0.845947
vt 0.121460 0.780151
vt 0.127808 0.821289
vt 0.122253 0.877380
vt 0.136963 0.861328
vt 0.143677 0.792236
vt 0.131226 0.756348
vt 0.154785 0.840942
vt 0.156006 0.771118
vt 0.176147 0.816162
vt 0.152222 0.874268
vt 0.169312 0.750000
vt 0.142578 0.733154
vt 0.115906 0.716309
vt 0.156372 0.709473
vt 0.128540 0.690674
vt 0.188110 0.700195
vt 0.142944 0.667480
vt 0.165527 0.683838
vt 0.160522 0.645020
vt 0.181885 0.661621
vt 0.181396 0.624023
vt 0.199951 0.639893
vt 0.219604 0.626465
vt 0.203247 0.678467
vt 0.242920 0.613037
vt 0.236450 0.643799
vt 0.218384 0.655762
vt 0.206665 0.713379
vt 0.134155 0.887512
vt 0.144531 0.901184
vt 0.113831 0.900879
vt 0.120789 0.909241
vt 0.105591 0.894287
vt 0.092529 0.914734
vt 0.125122 0.918396
vt 0.126221 0.927673
vt 0.094910 0.919373
vt 0.096375 0.923828
vt 0.096924 0.927429
vt 0.080383 0.925049
vt 0.081665 0.928955
vt 0.082214 0.930908
vt 0.067993 0.938354
vt 0.068481 0.939606
vt 0.067322 0.936340
vt 0.057709 0.945312
vt 0.057831 0.945648
vt 0.066650 0.934631
vt 0.054871 0.947266
vt 0.054901 0.947296
vt 0.057556 0.944824
vt 0.054291 0.947662
vt 0.054840 0.947174
vt 0.057373 0.944397
vt 0.054810 0.947083
vt 0.054749 0.947021
vt 0.078308 0.921387
vt 0.064880 0.932495
vt 0.056946 0.943878
vt 0.089172 0.910583
vt 0.074280 0.916931
vt 0.081970 0.903687
vt 0.071533 0.914612
vt 0.063599 0.931335
vt 0.061920 0.930420
vt 0.056610 0.943573
vt 0.056183 0.943329
vt 0.055756 0.943176
vt 0.054688 0.946960
vt 0.054596 0.946930
vt 0.054535 0.946899
vt 0.563477 0.838745
vt 0.559570 0.830200
vt 0.584473 0.843384
vt 0.557129 0.856445
vt 0.582031 0.849243
vt 0.604492 0.861816
vt 0.562012 0.858032
vt 0.599121 0.864502
vt 0.601074 0.964294
vt 0.562012 0.957001
vt 0.557129 0.963562
vt 0.596680 0.957489
vt 0.532715 0.982849
vt 0.507324 0.995197
vt 0.511230 0.986893
vt 0.505371 0.969040
vt 0.530273 0.976837
vt 0.552734 0.964905
vt 0.510742 0.967621
vt 0.547363 0.962158
vt 0.545410 0.868286
vt 0.550293 0.861450
vt 0.505371 0.862915
vt 0.510254 0.869629
vt 0.505371 0.073242
vt 0.495605 0.062500
vt 0.501953 0.055176
vt 0.494873 0.014648
vt 0.509766 0.063477
vt 0.555176 0.073242
vt 0.548340 0.062988
vt 0.563965 0.060059
vt 0.554199 0.054688
vt 0.501953 0.021484
vt 0.554199 0.022461
vt 0.563965 0.016113
vt 0.555176 0.004883
vt 0.508789 0.013184
vt 0.504395 0.003906
vt 0.547363 0.013672
s 1
usemtl MN157_J05_MI_Water
f 1/1/1 2/2/2 3/3/3
f 4/4/4 5/5/5 6/6/6
f 7/3/7 8/2/8 9/1/9
f 10/6/10 11/5/11 12/4/12
f 13/7/13 14/8/14 15/9/15
f 16/9/16 17/8/17 18/7/18
f 19/9/19 20/8/20 21/7/21
f 22/9/22 23/8/23 24/7/24
f 25/7/25 26/8/26 27/9/27
f 28/7/28 29/8/29 30/9/30
f 31/9/31 32/8/32 33/7/33
f 34/7/34 35/8/35 36/9/36
f 37/10/37 38/11/38 39/12/39
f 39/12/39 40/13/40 37/10/37
f 40/13/40 39/12/39 41/14/41
f 41/14/41 42/15/42 40/13/40
f 43/16/43 44/17/44 45/18/45
f 45/18/45 46/19/46 43/16/43
f 45/18/45 47/20/47 46/19/46
f 48/21/48 46/19/46 47/20/47
f 47/20/47 49/22/49 48/21/48
f 50/23/50 51/24/51 52/25/52
f 53/26/53 50/23/50 52/25/52
f 53/26/53 52/25/52 54/27/54
f 54/27/54 55/28/55 53/26/53
f 55/28/55 54/27/54 56/29/56
f 57/30/57 55/28/55 56/29/56
f 58/31/58 59/32/59 60/33/60
f 60/33/60 61/34/61 58/31/58
f 61/34/61 60/33/60 62/35/62
f 62/35/62 63/36/63 61/34/61
f 63/36/63 62/35/62 64/37/64
f 64/37/64 65/38/65 63/36/63
f 65/38/65 64/37/64 66/39/66
f 66/39/66 67/40/67 65/38/65
f 67/40/67 66/39/66 68/41/68
f 68/41/68 69/42/69 67/40/67
f 70/43/70 69/42/69 68/41/68
f 68/41/68 71/44/71 70/43/70
f 70/43/70 71/44/71 72/45/72
f 72/45/72 73/46/73 70/43/70
f 73/46/73 72/45/72 74/47/74
f 74/47/74 75/48/75 73/46/73
f 75/48/75 74/47/74 76/49/76
f 76/49/76 77/50/77 75/48/75
f 77/50/77 76/49/76 78/51/78
f 78/51/78 79/52/79 77/50/77
f 79/52/79 78/51/78 80/53/80
f 80/53/80 81/54/81 79/52/79
f 81/54/81 80/53/80 82/55/82
f 82/55/82 83/56/83 81/54/81
f 84/21/84 85/22/85 86/20/86
f 86/20/86 87/19/87 84/21/84
f 88/18/88 87/19/87 86/20/86
f 89/16/43 87/19/87 88/18/88
f 88/18/88 90/17/89 89/16/43
f 91/30/57 92/29/90 93/28/91
f 93/28/91 92/29/90 94/27/92
f 95/26/93 93/28/91 94/27/92
f 94/27/92 96/25/94 95/26/93
f 95/26/93 96/25/94 97/23/95
f 97/23/95 96/25/94 98/24/96
f 99/57/97 100/58/98 101/59/99
f 102/60/100 99/57/97 101/59/99
f 101/59/99 103/61/101 102/60/100
f 104/62/102 102/60/100 103/61/101
f 103/61/101 105/63/103 104/62/102
f 106/64/104 104/62/102 105/63/103
f 105/63/103 107/65/105 106/64/104
f 108/66/106 106/64/104 107/65/105
f 107/65/105 109/67/107 108/66/106
f 108/66/106 109/67/107 110/68/108
f 110/68/108 111/69/109 108/66/106
f 112/70/110 111/69/109 110/68/108
f 110/68/108 113/71/111 112/70/110
f 113/71/111 114/72/112 112/70/110
f 115/73/113 116/74/114 117/75/115
f 118/76/116 115/73/113 117/75/115
f 118/76/116 117/75/115 119/77/117
f 119/77/117 120/78/118 118/76/116
f 120/78/118 119/77/117 121/79/119
f 121/79/119 122/80/120 120/78/118
f 123/81/121 122/80/120 121/79/119
f 121/79/119 124/82/122 123/81/121
f 123/81/121 124/82/122 125/83/123
f 126/84/124 120/78/118 122/80/120
f 127/85/125 120/78/118 126/84/124
f 122/80/120 123/81/121 128/86/126
f 126/84/124 129/87/127 127/85/125
f 130/88/128 127/85/125 129/87/127
f 131/89/129 130/88/128 129/87/127
f 122/80/120 132/90/130 126/84/124
f 128/86/126 132/90/130 122/80/120
f 129/87/127 133/91/131 131/89/129
f 134/92/132 131/89/129 133/91/131
f 133/91/131 135/9/133 134/92/132
f 135/9/133 133/91/131 136/7/13
f 137/93/134 136/7/13 133/91/131
f 133/91/131 129/87/127 137/93/134
f 129/87/127 138/94/135 137/93/134
f 139/95/136 138/94/135 129/87/127
f 129/87/127 126/84/124 139/95/136
f 139/95/136 126/84/124 132/90/130
f 132/90/130 140/96/137 139/95/136
f 141/97/138 139/95/136 140/96/137
f 139/95/136 141/97/138 142/98/139
f 140/96/137 143/99/140 141/97/138
f 142/98/139 144/100/141 139/95/136
f 142/98/139 145/101/142 144/100/141
f 142/98/139 146/102/114 145/101/142
f 147/103/143 143/99/140 140/96/137
f 148/104/144 140/96/137 132/90/130
f 140/96/137 148/104/144 147/103/143
f 132/90/130 128/86/126 148/104/144
f 147/103/143 148/104/144 149/105/145
f 149/105/145 150/106/146 147/103/143
f 151/107/147 150/106/146 149/105/145
f 148/104/144 128/86/126 152/108/148
f 152/108/148 149/105/145 148/104/144
f 149/105/145 153/109/149 151/107/147
f 153/109/149 149/105/145 152/108/148
f 151/107/147 153/109/149 154/110/150
f 154/110/150 155/111/151 151/107/147
f 156/112/152 155/111/151 154/110/150
f 152/108/148 157/113/153 153/109/149
f 154/110/150 153/109/149 157/113/153
f 158/114/154 152/108/148 128/86/126
f 157/113/153 152/108/148 158/114/154
f 128/86/126 123/81/121 158/114/154
f 125/83/123 158/114/154 123/81/121
f 159/115/155 158/114/154 125/83/123
f 158/114/154 159/115/155 157/113/153
f 125/83/123 160/116/147 159/115/155
f 159/115/155 160/116/147 161/117/156
f 162/118/157 157/113/153 159/115/155
f 157/113/153 162/118/157 154/110/150
f 161/117/156 163/119/158 159/115/155
f 159/115/155 163/119/158 162/118/157
f 164/120/159 163/119/158 161/117/156
f 162/118/157 163/119/158 164/120/159
f 161/117/156 165/121/160 164/120/159
f 166/122/161 154/110/150 162/118/157
f 154/110/150 166/122/161 156/112/152
f 167/123/162 156/112/152 166/122/161
f 162/118/157 168/124/163 166/122/161
f 164/120/159 168/124/163 162/118/157
f 166/122/161 169/125/164 167/123/162
f 169/125/164 166/122/161 168/124/163
f 170/126/165 167/123/162 169/125/164
f 169/125/164 171/127/166 170/126/165
f 168/124/163 172/128/167 169/125/164
f 171/127/166 169/125/164 172/128/167
f 172/128/167 168/124/163 164/120/159
f 172/128/167 173/129/168 171/127/166
f 164/120/159 174/130/169 172/128/167
f 173/129/168 172/128/167 174/130/169
f 174/130/169 164/120/159 165/121/160
f 174/130/169 175/131/170 173/129/168
f 165/121/160 176/132/162 174/130/169
f 175/131/170 174/130/169 176/132/162
f 176/132/162 177/133/171 175/131/170
f 178/57/172 179/58/173 180/59/174
f 181/60/175 178/57/172 180/59/174
f 180/59/174 182/61/176 181/60/175
f 183/62/177 181/60/175 182/61/176
f 182/61/176 184/63/178 183/62/177
f 185/64/179 183/62/177 184/63/178
f 184/63/178 186/65/180 185/64/179
f 187/66/181 185/64/179 186/65/180
f 186/65/180 188/67/182 187/66/181
f 187/66/181 188/67/182 189/68/183
f 189/68/183 190/69/184 187/66/181
f 191/70/185 190/69/184 189/68/183
f 189/68/183 192/71/186 191/70/185
f 192/71/186 193/72/187 191/70/185
f 194/73/188 195/74/189 196/75/190
f 197/76/191 194/73/188 196/75/190
f 197/76/191 196/75/190 198/77/192
f 198/77/192 199/78/193 197/76/191
f 199/78/193 198/77/192 200/79/194
f 200/79/194 201/80/195 199/78/193
f 202/81/196 201/80/195 200/79/194
f 200/79/194 203/82/197 202/81/196
f 202/81/196 203/82/197 204/83/198
f 205/84/199 199/78/193 201/80/195
f 206/85/200 199/78/193 205/84/199
f 201/80/195 202/81/196 207/86/201
f 205/84/199 208/87/202 206/85/200
f 209/88/203 206/85/200 208/87/202
f 210/89/204 209/88/203 208/87/202
f 201/80/195 211/90/205 205/84/199
f 207/86/201 211/90/205 201/80/195
f 208/87/202 212/91/206 210/89/204
f 213/92/207 210/89/204 212/91/206
f 212/91/206 214/9/208 213/92/207
f 214/9/208 212/91/206 215/7/25
f 216/93/209 215/7/25 212/91/206
f 212/91/206 208/87/202 216/93/209
f 208/87/202 217/94/210 216/93/209
f 218/95/211 217/94/210 208/87/202
f 208/87/202 205/84/199 218/95/211
f 218/95/211 205/84/199 211/90/205
f 211/90/205 219/96/212 218/95/211
f 220/97/213 218/95/211 219/96/212
f 218/95/211 220/97/213 221/98/214
f 219/96/212 222/99/194 220/97/213
f 221/98/214 223/100/215 218/95/211
f 221/98/214 224/101/216 223/100/215
f 221/98/214 225/102/189 224/101/216
f 226/103/217 222/99/194 219/96/212
f 227/104/218 219/96/212 211/90/205
f 219/96/212 227/104/218 226/103/217
f 211/90/205 207/86/201 227/104/218
f 226/103/217 227/104/218 228/105/219
f 228/105/219 229/106/198 226/103/217
f 230/107/220 229/106/198 228/105/219
f 227/104/218 207/86/201 231/108/221
f 231/108/221 228/105/219 227/104/218
f 228/105/219 232/109/222 230/107/220
f 232/109/222 228/105/219 231/108/221
f 230/107/220 232/109/222 233/110/223
f 233/110/223 234/111/224 230/107/220
f 235/112/225 234/111/224 233/110/223
f 231/108/221 236/113/226 232/109/222
f 233/110/223 232/109/222 236/113/226
f 237/114/227 231/108/221 207/86/201
f 236/113/226 231/108/221 237/114/227
f 207/86/201 202/81/196 237/114/227
f 204/83/198 237/114/227 202/81/196
f 238/115/228 237/114/227 204/83/198
f 237/114/227 238/115/228 236/113/226
f 204/83/198 239/116/229 238/115/228
f 238/115/228 239/116/229 240/117/230
f 241/118/231 236/113/226 238/115/228
f 236/113/226 241/118/231 233/110/223
f 240/117/230 242/119/232 238/115/228
f 238/115/228 242/119/232 241/118/231
f 243/120/233 242/119/232 240/117/230
f 241/118/231 242/119/232 243/120/233
f 240/117/230 244/121/234 243/120/233
f 245/122/235 233/110/223 241/118/231
f 233/110/223 245/122/235 235/112/225
f 246/123/236 235/112/225 245/122/235
f 241/118/231 247/124/237 245/122/235
f 243/120/233 247/124/237 241/118/231
f 245/122/235 248/125/238 246/123/236
f 248/125/238 245/122/235 247/124/237
f 249/126/239 246/123/236 248/125/238
f 248/125/238 250/127/240 249/126/239
f 247/124/237 251/128/241 248/125/238
f 250/127/240 248/125/238 251/128/241
f 251/128/241 247/124/237 243/120/233
f 251/128/241 252/129/242 250/127/240
f 243/120/233 253/130/243 251/128/241
f 252/129/242 251/128/241 253/130/243
f 253/130/243 243/120/233 244/121/234
f 253/130/243 254/131/244 252/129/242
f 244/121/234 255/132/245 253/130/243
f 254/131/244 253/130/243 255/132/245
f 255/132/245 256/133/246 254/131/244
f 257/57/247 258/58/248 259/59/249
f 260/60/250 257/57/247 259/59/249
f 259/59/249 261/61/251 260/60/250
f 262/62/252 260/60/250 261/61/251
f 261/61/251 263/63/253 262/62/252
f 264/64/254 262/62/252 263/63/253
f 263/63/253 265/65/255 264/64/254
f 266/66/256 264/64/254 265/65/255
f 265/65/255 267/67/257 266/66/256
f 266/66/256 267/67/257 268/68/258
f 268/68/258 269/69/259 266/66/256
f 270/70/260 269/69/259 268/68/258
f 268/68/258 271/71/261 270/70/260
f 271/71/261 272/72/262 270/70/260
f 273/73/263 274/74/264 275/75/265
f 276/76/266 273/73/263 275/75/265
f 276/76/266 275/75/265 277/77/267
f 277/77/267 278/78/268 276/76/266
f 278/78/268 277/77/267 279/79/269
f 279/79/269 280/80/270 278/78/268
f 281/81/271 280/80/270 279/79/269
f 279/79/269 282/82/272 281/81/271
f 281/81/271 282/82/272 283/83/273
f 284/84/274 278/78/268 280/80/270
f 285/85/275 278/78/268 284/84/274
f 280/80/270 281/81/271 286/86/276
f 284/84/274 287/87/277 285/85/275
f 288/88/278 285/85/275 287/87/277
f 289/89/279 288/88/278 287/87/277
f 280/80/270 290/90/280 284/84/274
f 286/86/276 290/90/280 280/80/270
f 287/87/277 291/91/281 289/89/279
f 292/92/282 289/89/279 291/91/281
f 291/91/281 293/9/30 292/92/282
f 293/9/30 291/91/281 294/7/283
f 295/93/284 294/7/283 291/91/281
f 291/91/281 287/87/277 295/93/284
f 287/87/277 296/94/285 295/93/284
f 297/95/286 296/94/285 287/87/277
f 287/87/277 284/84/274 297/95/286
f 297/95/286 284/84/274 290/90/280
f 290/90/280 298/96/287 297/95/286
f 299/97/288 297/95/286 298/96/287
f 297/95/286 299/97/288 300/98/265
f 298/96/287 301/99/289 299/97/288
f 300/98/265 302/100/290 297/95/286
f 300/98/265 303/101/291 302/100/290
f 300/98/265 304/102/264 303/101/291
f 305/103/292 301/99/289 298/96/287
f 306/104/293 298/96/287 290/90/280
f 298/96/287 306/104/293 305/103/292
f 290/90/280 286/86/276 306/104/293
f 305/103/292 306/104/293 307/105/294
f 307/105/294 308/106/295 305/103/292
f 309/107/296 308/106/295 307/105/294
f 306/104/293 286/86/276 310/108/297
f 310/108/297 307/105/294 306/104/293
f 307/105/294 311/109/298 309/107/296
f 311/109/298 307/105/294 310/108/297
f 309/107/296 311/109/298 312/110/299
f 312/110/299 313/111/300 309/107/296
f 314/112/301 313/111/300 312/110/299
f 310/108/297 315/113/302 311/109/298
f 312/110/299 311/109/298 315/113/302
f 316/114/303 310/108/297 286/86/276
f 315/113/302 310/108/297 316/114/303
f 286/86/276 281/81/271 316/114/303
f 283/83/273 316/114/303 281/81/271
f 317/115/304 316/114/303 283/83/273
f 316/114/303 317/115/304 315/113/302
f 283/83/273 318/116/305 317/115/304
f 317/115/304 318/116/305 319/117/306
f 320/118/307 315/113/302 317/115/304
f 315/113/302 320/118/307 312/110/299
f 319/117/306 321/119/308 317/115/304
f 317/115/304 321/119/308 320/118/307
f 322/120/309 321/119/308 319/117/306
f 320/118/307 321/119/308 322/120/309
f 319/117/306 323/121/310 322/120/309
f 324/122/311 312/110/299 320/118/307
f 312/110/299 324/122/311 314/112/301
f 325/123/312 314/112/301 324/122/311
f 320/118/307 326/124/313 324/122/311
f 322/120/309 326/124/313 320/118/307
f 324/122/311 327/125/314 325/123/312
f 327/125/314 324/122/311 326/124/313
f 328/126/315 325/123/312 327/125/314
f 327/125/314 329/127/316 328/126/315
f 326/124/313 330/128/317 327/125/314
f 329/127/316 327/125/314 330/128/317
f 330/128/317 326/124/313 322/120/309
f 330/128/317 331/129/318 329/127/316
f 322/120/309 332/130/319 330/128/317
f 331/129/318 330/128/317 332/130/319
f 332/130/319 322/120/309 323/121/310
f 332/130/319 333/131/320 331/129/318
f 323/121/310 334/132/321 332/130/319
f 333/131/320 332/130/319 334/132/321
f 334/132/321 335/133/322 333/131/320
f 336/57/323 337/58/324 338/59/325
f 339/60/326 336/57/323 338/59/325
f 338/59/325 340/61/327 339/60/326
f 341/62/328 339/60/326 340/61/327
f 340/61/327 342/63/329 341/62/328
f 343/64/330 341/62/328 342/63/329
f 342/63/329 344/65/331 343/64/330
f 345/66/332 343/64/330 344/65/331
f 344/65/331 346/67/333 345/66/332
f 345/66/332 346/67/333 347/68/334
f 347/68/334 348/69/335 345/66/332
f 349/70/336 348/69/335 347/68/334
f 347/68/334 350/71/337 349/70/336
f 350/71/337 351/72/338 349/70/336
f 352/73/339 353/74/340 354/75/341
f 355/76/342 352/73/339 354/75/341
f 355/76/342 354/75/341 356/77/343
f 356/77/343 357/78/344 355/76/342
f 357/78/344 356/77/343 358/79/345
f 358/79/345 359/80/346 357/78/344
f 360/81/347 359/80/346 358/79/345
f 358/79/345 361/82/348 360/81/347
f 360/81/347 361/82/348 362/83/349
f 363/84/350 357/78/344 359/80/346
f 364/85/351 357/78/344 363/84/350
f 359/80/346 360/81/347 365/86/352
f 363/84/350 366/87/353 364/85/351
f 367/88/354 364/85/351 366/87/353
f 368/89/355 367/88/354 366/87/353
f 359/80/346 369/90/356 363/84/350
f 365/86/352 369/90/356 359/80/346
f 366/87/353 370/91/357 368/89/355
f 371/92/358 368/89/355 370/91/357
f 370/91/357 372/9/359 371/92/358
f 372/9/359 370/91/357 373/7/360
f 374/93/361 373/7/360 370/91/357
f 370/91/357 366/87/353 374/93/361
f 366/87/353 375/94/362 374/93/361
f 376/95/363 375/94/362 366/87/353
f 366/87/353 363/84/350 376/95/363
f 376/95/363 363/84/350 369/90/356
f 369/90/356 377/96/364 376/95/363
f 378/97/365 376/95/363 377/96/364
f 376/95/363 378/97/365 379/98/366
f 377/96/364 380/99/367 378/97/365
f 379/98/366 381/100/368 376/95/363
f 379/98/366 382/101/369 381/100/368
f 379/98/366 383/102/340 382/101/369
f 384/103/370 380/99/367 377/96/364
f 385/104/371 377/96/364 369/90/356
f 377/96/364 385/104/371 384/103/370
f 369/90/356 365/86/352 385/104/371
f 384/103/370 385/104/371 386/105/372
f 386/105/372 387/106/349 384/103/370
f 388/107/373 387/106/349 386/105/372
f 385/104/371 365/86/352 389/108/374
f 389/108/374 386/105/372 385/104/371
f 386/105/372 390/109/375 388/107/373
f 390/109/375 386/105/372 389/108/374
f 388/107/373 390/109/375 391/110/376
f 391/110/376 392/111/377 388/107/373
f 393/112/378 392/111/377 391/110/376
f 389/108/374 394/113/379 390/109/375
f 391/110/376 390/109/375 394/113/379
f 395/114/380 389/108/374 365/86/352
f 394/113/379 389/108/374 395/114/380
f 365/86/352 360/81/347 395/114/380
f 362/83/349 395/114/380 360/81/347
f 396/115/381 395/114/380 362/83/349
f 395/114/380 396/115/381 394/113/379
f 362/83/349 397/116/382 396/115/381
f 396/115/381 397/116/382 398/117/383
f 399/118/384 394/113/379 396/115/381
f 394/113/379 399/118/384 391/110/376
f 398/117/383 400/119/385 396/115/381
f 396/115/381 400/119/385 399/118/384
f 401/120/386 400/119/385 398/117/383
f 399/118/384 400/119/385 401/120/386
f 398/117/383 402/121/387 401/120/386
f 403/122/388 391/110/376 399/118/384
f 391/110/376 403/122/388 393/112/378
f 404/123/389 393/112/378 403/122/388
f 399/118/384 405/124/390 403/122/388
f 401/120/386 405/124/390 399/118/384
f 403/122/388 406/125/391 404/123/389
f 406/125/391 403/122/388 405/124/390
f 407/126/392 404/123/389 406/125/391
f 406/125/391 408/127/393 407/126/392
f 405/124/390 409/128/394 406/125/391
f 408/127/393 406/125/391 409/128/394
f 409/128/394 405/124/390 401/120/386
f 409/128/394 410/129/395 408/127/393
f 401/120/386 411/130/396 409/128/394
f 410/129/395 409/128/394 411/130/396
f 411/130/396 401/120/386 402/121/387
f 411/130/396 412/131/397 410/129/395
f 402/121/387 413/132/398 411/130/396
f 412/131/397 411/130/396 413/132/398
f 413/132/398 414/133/392 412/131/397
f 415/12/399 416/11/400 417/10/401
f 417/10/401 418/13/402 415/12/399
f 419/14/403 415/12/399 418/13/402
f 418/13/402 420/15/404 419/14/403
f 421/33/405 422/32/59 423/31/58
f 423/31/58 424/34/406 421/33/405
f 425/35/407 421/33/405 424/34/406
f 424/34/406 426/36/408 425/35/407
f 427/37/409 425/35/407 426/36/408
f 426/36/408 428/38/410 427/37/409
f 429/39/411 427/37/409 428/38/410
f 428/38/410 430/40/412 429/39/411
f 431/41/413 429/39/411 430/40/412
f 430/40/412 432/42/414 431/41/413
f 431/41/413 432/42/414 433/43/415
f 433/43/415 434/44/416 431/41/413
f 435/45/417 434/44/416 433/43/415
f 433/43/415 436/46/418 435/45/417
f 437/47/419 435/45/417 436/46/418
f 436/46/418 438/48/420 437/47/419
f 439/49/421 437/47/419 438/48/420
f 438/48/420 440/50/422 439/49/421
f 441/51/423 439/49/421 440/50/422
f 440/50/422 442/52/424 441/51/423
f 443/53/425 441/51/423 442/52/424
f 442/52/424 444/54/426 443/53/425
f 445/55/427 443/53/425 444/54/426
f 444/54/426 446/56/428 445/55/427
f 447/134/429 448/135/430 449/136/431
f 449/136/431 450/137/432 447/134/429
f 447/134/429 450/137/432 451/138/433
f 452/57/434 453/59/435 454/58/436
f 453/59/435 452/57/434 455/60/437
f 455/60/437 456/61/438 453/59/435
f 456/61/438 455/60/437 457/62/439
f 457/62/439 458/63/440 456/61/438
f 458/63/440 457/62/439 459/64/441
f 459/64/441 460/65/442 458/63/440
f 460/65/442 459/64/441 461/66/443
f 461/66/443 462/67/444 460/65/442
f 463/68/445 462/67/444 461/66/443
f 461/66/443 464/69/446 463/68/445
f 463/68/445 464/69/446 465/70/447
f 465/70/447 466/71/448 463/68/445
f 466/71/448 465/70/447 467/72/449
f 468/73/450 469/75/451 470/74/452
f 471/76/453 469/75/451 468/73/450
f 472/77/454 469/75/451 471/76/453
f 471/76/453 473/78/455 472/77/454
f 474/79/456 472/77/454 473/78/455
f 473/78/455 475/80/457 474/79/456
f 475/80/457 473/78/455 476/84/458
f 476/84/458 473/78/455 477/85/459
f 474/79/456 475/80/457 478/81/460
f 478/81/460 479/82/461 474/79/456
f 480/83/462 479/82/461 478/81/460
f 481/86/463 478/81/460 475/80/457
f 478/81/460 482/114/464 480/83/462
f 482/114/464 478/81/460 481/86/463
f 476/84/458 483/90/465 475/80/457
f 475/80/457 483/90/465 481/86/463
f 480/83/462 482/114/464 484/115/466
f 484/115/466 485/116/467 480/83/462
f 486/117/468 485/116/467 484/115/466
f 481/86/463 487/108/469 482/114/464
f 484/115/466 488/119/470 486/117/468
f 487/108/469 481/86/463 489/104/471
f 489/104/471 481/86/463 483/90/465
f 490/113/472 484/115/466 482/114/464
f 482/114/464 487/108/469 490/113/472
f 491/118/473 488/119/470 484/115/466
f 484/115/466 490/113/472 491/118/473
f 486/117/468 488/119/470 492/120/474
f 492/120/474 488/119/470 491/118/473
f 492/120/474 493/121/475 486/117/468
f 494/109/476 490/113/472 487/108/469
f 493/121/475 492/120/474 495/130/477
f 495/130/477 496/132/478 493/121/475
f 497/131/479 498/133/480 496/132/478
f 496/132/478 495/130/477 497/131/479
f 499/129/481 497/131/479 495/130/477
f 495/130/477 500/128/482 499/129/481
f 500/128/482 495/130/477 492/120/474
f 501/127/483 499/129/481 500/128/482
f 492/120/474 502/124/484 500/128/482
f 491/118/473 502/124/484 492/120/474
f 500/128/482 503/125/485 501/127/483
f 503/125/485 500/128/482 502/124/484
f 504/126/486 501/127/483 503/125/485
f 503/125/485 505/123/487 504/126/486
f 502/124/484 506/122/488 503/125/485
f 505/123/487 503/125/485 506/122/488
f 506/122/488 502/124/484 491/118/473
f 506/122/488 507/112/489 505/123/487
f 491/118/473 508/110/490 506/122/488
f 507/112/489 506/122/488 508/110/490
f 508/110/490 491/118/473 490/113/472
f 508/110/490 509/111/491 507/112/489
f 490/113/472 494/109/476 508/110/490
f 510/107/492 509/111/491 508/110/490
f 508/110/490 494/109/476 510/107/492
f 510/107/492 494/109/476 511/105/493
f 487/108/469 511/105/493 494/109/476
f 511/105/493 512/106/494 510/107/492
f 489/104/471 511/105/493 487/108/469
f 513/103/495 512/106/494 511/105/493
f 511/105/493 489/104/471 513/103/495
f 513/103/495 489/104/471 514/96/496
f 514/96/496 515/99/497 513/103/495
f 483/90/465 514/96/496 489/104/471
f 516/97/498 515/99/497 514/96/496
f 517/95/499 514/96/496 483/90/465
f 514/96/496 517/95/499 516/97/498
f 483/90/465 476/84/458 517/95/499
f 518/98/500 516/97/498 517/95/499
f 518/98/500 519/101/501 520/102/502
f 518/98/500 521/100/503 519/101/501
f 517/95/499 521/100/503 518/98/500
f 517/95/499 476/84/458 522/87/504
f 522/87/504 523/94/505 517/95/499
f 477/85/459 522/87/504 476/84/458
f 524/88/506 522/87/504 477/85/459
f 522/87/504 525/93/507 523/94/505
f 522/87/504 524/88/506 526/89/508
f 525/93/507 522/87/504 527/91/509
f 526/89/508 527/91/509 522/87/504
f 527/91/509 528/7/510 525/93/507
f 529/92/511 527/91/509 526/89/508
f 528/7/510 527/91/509 530/9/16
f 527/91/509 529/92/511 530/9/16
f 531/57/512 532/59/513 533/58/514
f 532/59/513 531/57/512 534/60/515
f 534/60/515 535/61/516 532/59/513
f 535/61/516 534/60/515 536/62/517
f 536/62/517 537/63/518 535/61/516
f 537/63/518 536/62/517 538/64/519
f 538/64/519 539/65/520 537/63/518
f 539/65/520 538/64/519 540/66/521
f 540/66/521 541/67/522 539/65/520
f 542/68/523 541/67/522 540/66/521
f 540/66/521 543/69/524 542/68/523
f 542/68/523 543/69/524 544/70/525
f 544/70/525 545/71/526 542/68/523
f 545/71/526 544/70/525 546/72/527
f 547/73/528 548/75/529 549/74/530
f 550/76/531 548/75/529 547/73/528
f 551/77/532 548/75/529 550/76/531
f 550/76/531 552/78/533 551/77/532
f 553/79/534 551/77/532 552/78/533
f 552/78/533 554/80/535 553/79/534
f 554/80/535 552/78/533 555/84/536
f 555/84/536 552/78/533 556/85/537
f 553/79/534 554/80/535 557/81/538
f 557/81/538 558/82/539 553/79/534
f 559/83/540 558/82/539 557/81/538
f 560/86/541 557/81/538 554/80/535
f 557/81/538 561/114/542 559/83/540
f 561/114/542 557/81/538 560/86/541
f 555/84/536 562/90/543 554/80/535
f 554/80/535 562/90/543 560/86/541
f 559/83/540 561/114/542 563/115/544
f 563/115/544 564/116/545 559/83/540
f 565/117/546 564/116/545 563/115/544
f 560/86/541 566/108/547 561/114/542
f 563/115/544 567/119/548 565/117/546
f 566/108/547 560/86/541 568/104/549
f 568/104/549 560/86/541 562/90/543
f 569/113/550 563/115/544 561/114/542
f 561/114/542 566/108/547 569/113/550
f 570/118/551 567/119/548 563/115/544
f 563/115/544 569/113/550 570/118/551
f 565/117/546 567/119/548 571/120/552
f 571/120/552 567/119/548 570/118/551
f 571/120/552 572/121/553 565/117/546
f 573/109/554 569/113/550 566/108/547
f 572/121/553 571/120/552 574/130/555
f 574/130/555 575/132/556 572/121/553
f 576/131/557 577/133/558 575/132/556
f 575/132/556 574/130/555 576/131/557
f 578/129/559 576/131/557 574/130/555
f 574/130/555 579/128/560 578/129/559
f 579/128/560 574/130/555 571/120/552
f 580/127/561 578/129/559 579/128/560
f 571/120/552 581/124/562 579/128/560
f 570/118/551 581/124/562 571/120/552
f 579/128/560 582/125/563 580/127/561
f 582/125/563 579/128/560 581/124/562
f 583/126/564 580/127/561 582/125/563
f 582/125/563 584/123/565 583/126/564
f 581/124/562 585/122/566 582/125/563
f 584/123/565 582/125/563 585/122/566
f 585/122/566 581/124/562 570/118/551
f 585/122/566 586/112/567 584/123/565
f 570/118/551 587/110/568 585/122/566
f 586/112/567 585/122/566 587/110/568
f 587/110/568 570/118/551 569/113/550
f 587/110/568 588/111/569 586/112/567
f 569/113/550 573/109/554 587/110/568
f 589/107/570 588/111/569 587/110/568
f 587/110/568 573/109/554 589/107/570
f 589/107/570 573/109/554 590/105/571
f 566/108/547 590/105/571 573/109/554
f 590/105/571 591/106/540 589/107/570
f 568/104/549 590/105/571 566/108/547
f 592/103/572 591/106/540 590/105/571
f 590/105/571 568/104/549 592/103/572
f 592/103/572 568/104/549 593/96/573
f 593/96/573 594/99/534 592/103/572
f 562/90/543 593/96/573 568/104/549
f 595/97/574 594/99/534 593/96/573
f 596/95/575 593/96/573 562/90/543
f 593/96/573 596/95/575 595/97/574
f 562/90/543 555/84/536 596/95/575
f 597/98/576 595/97/574 596/95/575
f 597/98/576 598/101/577 599/102/578
f 597/98/576 600/100/579 598/101/577
f 596/95/575 600/100/579 597/98/576
f 596/95/575 555/84/536 601/87/580
f 601/87/580 602/94/581 596/95/575
f 556/85/537 601/87/580 555/84/536
f 603/88/582 601/87/580 556/85/537
f 601/87/580 604/93/583 602/94/581
f 601/87/580 603/88/582 605/89/584
f 604/93/583 601/87/580 606/91/585
f 605/89/584 606/91/585 601/87/580
f 606/91/585 607/7/586 604/93/583
f 608/92/587 606/91/585 605/89/584
f 607/7/586 606/91/585 609/9/588
f 606/91/585 608/92/587 609/9/588
f 610/57/589 611/59/590 612/58/591
f 611/59/590 610/57/589 613/60/592
f 613/60/592 614/61/593 611/59/590
f 614/61/593 613/60/592 615/62/594
f 615/62/594 616/63/595 614/61/593
f 616/63/595 615/62/594 617/64/596
f 617/64/596 618/65/597 616/63/595
f 618/65/597 617/64/596 619/66/598
f 619/66/598 620/67/599 618/65/597
f 621/68/600 620/67/599 619/66/598
f 619/66/598 622/69/601 621/68/600
f 621/68/600 622/69/601 623/70/602
f 623/70/602 624/71/603 621/68/600
f 624/71/603 623/70/602 625/72/604
f 626/73/605 627/75/606 628/74/607
f 629/76/608 627/75/606 626/73/605
f 630/77/609 627/75/606 629/76/608
f 629/76/608 631/78/610 630/77/609
f 632/79/611 630/77/609 631/78/610
f 631/78/610 633/80/612 632/79/611
f 633/80/612 631/78/610 634/84/613
f 634/84/613 631/78/610 635/85/614
f 632/79/611 633/80/612 636/81/615
f 636/81/615 637/82/616 632/79/611
f 638/83/617 637/82/616 636/81/615
f 639/86/618 636/81/615 633/80/612
f 636/81/615 640/114/619 638/83/617
f 640/114/619 636/81/615 639/86/618
f 634/84/613 641/90/620 633/80/612
f 633/80/612 641/90/620 639/86/618
f 638/83/617 640/114/619 642/115/621
f 642/115/621 643/116/622 638/83/617
f 644/117/623 643/116/622 642/115/621
f 639/86/618 645/108/624 640/114/619
f 642/115/621 646/119/625 644/117/623
f 645/108/624 639/86/618 647/104/626
f 647/104/626 639/86/618 641/90/620
f 648/113/627 642/115/621 640/114/619
f 640/114/619 645/108/624 648/113/627
f 649/118/628 646/119/625 642/115/621
f 642/115/621 648/113/627 649/118/628
f 644/117/623 646/119/625 650/120/629
f 650/120/629 646/119/625 649/118/628
f 650/120/629 651/121/630 644/117/623
f 652/109/631 648/113/627 645/108/624
f 651/121/630 650/120/629 653/130/632
f 653/130/632 654/132/633 651/121/630
f 655/131/634 656/133/635 654/132/633
f 654/132/633 653/130/632 655/131/634
f 657/129/636 655/131/634 653/130/632
f 653/130/632 658/128/637 657/129/636
f 658/128/637 653/130/632 650/120/629
f 659/127/638 657/129/636 658/128/637
f 650/120/629 660/124/639 658/128/637
f 649/118/628 660/124/639 650/120/629
f 658/128/637 661/125/640 659/127/638
f 661/125/640 658/128/637 660/124/639
f 662/126/641 659/127/638 661/125/640
f 661/125/640 663/123/642 662/126/641
f 660/124/639 664/122/643 661/125/640
f 663/123/642 661/125/640 664/122/643
f 664/122/643 660/124/639 649/118/628
f 664/122/643 665/112/644 663/123/642
f 649/118/628 666/110/645 664/122/643
f 665/112/644 664/122/643 666/110/645
f 666/110/645 649/118/628 648/113/627
f 666/110/645 667/111/646 665/112/644
f 648/113/627 652/109/631 666/110/645
f 668/107/622 667/111/646 666/110/645
f 666/110/645 652/109/631 668/107/622
f 668/107/622 652/109/631 669/105/647
f 645/108/624 669/105/647 652/109/631
f 669/105/647 670/106/648 668/107/622
f 647/104/626 669/105/647 645/108/624
f 671/103/649 670/106/648 669/105/647
f 669/105/647 647/104/626 671/103/649
f 671/103/649 647/104/626 672/96/650
f 672/96/650 673/99/651 671/103/649
f 641/90/620 672/96/650 647/104/626
f 674/97/652 673/99/651 672/96/650
f 675/95/653 672/96/650 641/90/620
f 672/96/650 675/95/653 674/97/652
f 641/90/620 634/84/613 675/95/653
f 676/98/654 674/97/652 675/95/653
f 676/98/654 677/101/655 678/102/607
f 676/98/654 679/100/656 677/101/655
f 675/95/653 679/100/656 676/98/654
f 675/95/653 634/84/613 680/87/657
f 680/87/657 681/94/658 675/95/653
f 635/85/614 680/87/657 634/84/613
f 682/88/659 680/87/657 635/85/614
f 680/87/657 683/93/660 681/94/658
f 680/87/657 682/88/659 684/89/661
f 683/93/660 680/87/657 685/91/662
f 684/89/661 685/91/662 680/87/657
f 685/91/662 686/7/24 683/93/660
f 687/92/663 685/91/662 684/89/661
f 686/7/24 685/91/662 688/9/664
f 685/91/662 687/92/663 688/9/664
f 689/57/665 690/59/666 691/58/667
f 690/59/666 689/57/665 692/60/668
f 692/60/668 693/61/669 690/59/666
f 693/61/669 692/60/668 694/62/670
f 694/62/670 695/63/671 693/61/669
f 695/63/671 694/62/670 696/64/672
f 696/64/672 697/65/673 695/63/671
f 697/65/673 696/64/672 698/66/674
f 698/66/674 699/67/675 697/65/673
f 700/68/676 699/67/675 698/66/674
f 698/66/674 701/69/677 700/68/676
f 700/68/676 701/69/677 702/70/678
f 702/70/678 703/71/679 700/68/676
f 703/71/679 702/70/678 704/72/680
f 705/73/681 706/75/682 707/74/683
f 708/76/684 706/75/682 705/73/681
f 709/77/685 706/75/682 708/76/684
f 708/76/684 710/78/686 709/77/685
f 711/79/687 709/77/685 710/78/686
f 710/78/686 712/80/688 711/79/687
f 712/80/688 710/78/686 713/84/689
f 713/84/689 710/78/686 714/85/690
f 711/79/687 712/80/688 715/81/691
f 715/81/691 716/82/692 711/79/687
f 717/83/693 716/82/692 715/81/691
f 718/86/694 715/81/691 712/80/688
f 715/81/691 719/114/695 717/83/693
f 719/114/695 715/81/691 718/86/694
f 713/84/689 720/90/696 712/80/688
f 712/80/688 720/90/696 718/86/694
f 717/83/693 719/114/695 721/115/697
f 721/115/697 722/116/698 717/83/693
f 723/117/699 722/116/698 721/115/697
f 718/86/694 724/108/700 719/114/695
f 721/115/697 725/119/701 723/117/699
f 724/108/700 718/86/694 726/104/702
f 726/104/702 718/86/694 720/90/696
f 727/113/703 721/115/697 719/114/695
f 719/114/695 724/108/700 727/113/703
f 728/118/704 725/119/701 721/115/697
f 721/115/697 727/113/703 728/118/704
f 723/117/699 725/119/701 729/120/705
f 729/120/705 725/119/701 728/118/704
f 729/120/705 730/121/706 723/117/699
f 731/109/707 727/113/703 724/108/700
f 730/121/706 729/120/705 732/130/708
f 732/130/708 733/132/709 730/121/706
f 734/131/710 735/133/711 733/132/709
f 733/132/709 732/130/708 734/131/710
f 736/129/712 734/131/710 732/130/708
f 732/130/708 737/128/713 736/129/712
f 737/128/713 732/130/708 729/120/705
f 738/127/714 736/129/712 737/128/713
f 729/120/705 739/124/715 737/128/713
f 728/118/704 739/124/715 729/120/705
f 737/128/713 740/125/716 738/127/714
f 740/125/716 737/128/713 739/124/715
f 741/126/717 738/127/714 740/125/716
f 740/125/716 742/123/718 741/126/717
f 739/124/715 743/122/719 740/125/716
f 742/123/718 740/125/716 743/122/719
f 743/122/719 739/124/715 728/118/704
f 743/122/719 744/112/720 742/123/718
f 728/118/704 745/110/721 743/122/719
f 744/112/720 743/122/719 745/110/721
f 745/110/721 728/118/704 727/113/703
f 745/110/721 746/111/722 744/112/720
f 727/113/703 731/109/707 745/110/721
f 747/107/723 746/111/722 745/110/721
f 745/110/721 731/109/707 747/107/723
f 747/107/723 731/109/707 748/105/724
f 724/108/700 748/105/724 731/109/707
f 748/105/724 749/106/693 747/107/723
f 726/104/702 748/105/724 724/108/700
f 750/103/725 749/106/693 748/105/724
f 748/105/724 726/104/702 750/103/725
f 750/103/725 726/104/702 751/96/726
f 751/96/726 752/99/727 750/103/725
f 720/90/696 751/96/726 726/104/702
f 753/97/728 752/99/727 751/96/726
f 754/95/729 751/96/726 720/90/696
f 751/96/726 754/95/729 753/97/728
f 720/90/696 713/84/689 754/95/729
f 755/98/730 753/97/728 754/95/729
f 755/98/730 756/101/731 757/102/732
f 755/98/730 758/100/733 756/101/731
f 754/95/729 758/100/733 755/98/730
f 754/95/729 713/84/689 759/87/734
f 759/87/734 760/94/735 754/95/729
f 714/85/690 759/87/734 713/84/689
f 761/88/736 759/87/734 714/85/690
f 759/87/734 762/93/737 760/94/735
f 759/87/734 761/88/736 763/89/738
f 762/93/737 759/87/734 764/91/739
f 763/89/738 764/91/739 759/87/734
f 764/91/739 765/7/740 762/93/737
f 766/92/741 764/91/739 763/89/738
f 765/7/740 764/91/739 767/9/31
f 764/91/739 766/92/741 767/9/31
f 768/139/742 769/140/743 770/141/744
f 770/141/744 771/142/745 768/139/742
f 768/139/742 771/142/745 772/143/746
f 772/143/746 773/144/747 768/139/742
f 774/141/748 775/140/749 776/139/750
f 776/139/750 777/142/751 774/141/748
f 778/143/752 777/142/751 776/139/750
f 776/139/750 779/144/753 778/143/752
f 780/145/754 781/146/755 782/147/756
f 780/145/754 782/147/756 783/148/757
f 782/147/756 784/149/758 783/148/757
f 785/150/759 780/145/754 783/148/757
f 783/148/757 786/151/760 785/150/759
f 787/152/761 785/150/759 786/151/760
f 786/151/760 788/153/762 787/152/761
f 789/154/763 787/152/761 788/153/762
f 787/152/761 789/154/763 790/155/764
f 787/152/761 790/155/764 791/156/765
f 791/156/765 792/157/766 787/152/761
f 793/158/767 792/157/766 791/156/765
f 791/156/765 794/159/768 793/158/767
f 795/160/769 793/158/767 794/159/768
f 795/160/769 796/161/770 793/158/767
f 794/159/768 797/162/771 795/160/769
f 798/145/772 799/147/773 800/146/774
f 798/145/772 801/148/775 799/147/773
f 799/147/773 801/148/775 802/149/776
f 801/148/775 798/145/772 803/150/777
f 803/150/777 804/151/778 801/148/775
f 804/151/778 803/150/777 805/152/779
f 805/152/779 806/153/780 804/151/778
f 807/154/781 806/153/780 805/152/779
f 805/152/779 808/155/782 807/154/781
f 809/156/783 808/155/782 805/152/779
f 805/152/779 810/157/784 809/156/783
f 809/156/783 810/157/784 811/158/785
f 811/158/785 812/159/786 809/156/783
f 813/160/787 812/159/786 811/158/785
f 813/160/787 811/158/785 814/161/788
f 812/159/786 813/160/787 815/162/789
f 816/163/790 817/164/791 818/165/792
f 818/165/792 819/166/793 816/163/790
f 820/167/794 816/163/790 819/166/793
f 819/166/793 821/168/795 820/167/794
f 819/166/793 818/165/792 822/169/796
f 823/170/797 821/168/795 819/166/793
f 822/169/796 824/171/798 819/166/793
f 819/166/793 824/171/798 823/170/797
f 824/171/798 822/169/796 825/172/799
f 823/170/797 824/171/798 826/173/800
f 825/172/799 826/173/800 824/171/798
f 826/173/800 827/174/801 823/170/797
f 826/173/800 825/172/799 828/175/802
f 829/176/803 827/174/801 826/173/800
f 828/175/802 830/177/804 826/173/800
f 826/173/800 830/177/804 829/176/803
f 830/177/804 828/175/802 831/178/805
f 829/176/803 830/177/804 832/179/806
f 831/178/805 832/179/806 830/177/804
f 832/179/806 833/180/807 829/176/803
f 832/179/806 831/178/805 834/181/808
f 833/180/807 832/179/806 835/182/809
f 834/181/808 835/182/809 832/179/806
f 835/182/809 836/183/810 833/180/807
f 835/182/809 834/181/808 837/184/811
f 838/185/812 836/183/810 835/182/809
f 837/184/811 839/186/813 835/182/809
f 835/182/809 839/186/813 838/185/812
f 839/186/813 837/184/811 840/187/814
f 841/188/815 838/185/812 839/186/813
f 840/187/814 842/189/816 839/186/813
f 839/186/813 842/189/816 841/188/815
f 842/189/816 840/187/814 843/190/817
f 841/188/815 842/189/816 844/191/818
f 843/190/817 844/191/818 842/189/816
f 844/191/818 845/192/819 841/188/815
f 844/191/818 843/190/817 846/193/820
f 847/194/821 845/192/819 844/191/818
f 846/193/820 848/195/49 844/191/818
f 844/191/818 848/195/49 847/194/821
f 849/165/822 850/164/791 851/163/790
f 851/163/790 852/166/823 849/165/822
f 852/166/823 851/163/790 853/167/824
f 853/167/824 854/168/825 852/166/823
f 855/169/826 849/165/822 852/166/823
f 852/166/823 854/168/825 856/170/827
f 852/166/823 857/171/828 855/169/826
f 856/170/827 857/171/828 852/166/823
f 858/172/829 855/169/826 857/171/828
f 859/173/830 857/171/828 856/170/827
f 857/171/828 859/173/830 858/172/829
f 856/170/827 860/174/831 859/173/830
f 861/175/832 858/172/829 859/173/830
f 859/173/830 860/174/831 862/176/833
f 859/173/830 863/177/834 861/175/832
f 862/176/833 863/177/834 859/173/830
f 864/178/835 861/175/832 863/177/834
f 865/179/836 863/177/834 862/176/833
f 863/177/834 865/179/836 864/178/835
f 862/176/833 866/180/837 865/179/836
f 867/181/838 864/178/835 865/179/836
f 868/182/839 865/179/836 866/180/837
f 865/179/836 868/182/839 867/181/838
f 866/180/837 869/183/840 868/182/839
f 870/184/841 867/181/838 868/182/839
f 868/182/839 869/183/840 871/185/842
f 868/182/839 872/186/843 870/184/841
f 871/185/842 872/186/843 868/182/839
f 873/187/844 870/184/841 872/186/843
f 872/186/843 871/185/842 874/188/845
f 872/186/843 875/189/846 873/187/844
f 874/188/845 875/189/846 872/186/843
f 876/190/847 873/187/844 875/189/846
f 877/191/848 875/189/846 874/188/845
f 875/189/846 877/191/848 876/190/847
f 874/188/845 878/192/849 877/191/848
f 879/193/84 876/190/847 877/191/848
f 877/191/848 878/192/849 880/194/850
f 877/191/848 881/195/851 879/193/84
f 880/194/850 881/195/851 877/191/848
f 882/196/852 883/197/853 884/198/854
f 884/198/854 885/199/855 882/196/852
f 885/199/855 884/198/854 886/200/856
f 887/201/432 882/196/852 885/199/855
f 888/202/857 889/203/433 887/201/432
f 887/201/432 890/204/858 888/202/857
f 886/200/856 891/205/859 885/199/855
f 891/205/859 886/200/856 892/206/860
f 890/204/858 887/201/432 893/207/861
f 893/207/861 894/208/862 890/204/858
f 885/199/855 895/209/863 887/201/432
f 893/207/861 887/201/432 895/209/863
f 896/210/864 895/209/863 885/199/855
f 895/209/863 896/210/864 893/207/861
f 885/199/855 897/211/865 896/210/864
f 893/207/861 896/210/864 897/211/865
f 885/199/855 891/205/859 897/211/865
f 894/208/862 893/207/861 898/212/866
f 898/212/866 899/194/867 894/208/862
f 897/211/865 900/213/868 893/207/861
f 898/212/866 893/207/861 900/213/868
f 897/211/865 891/205/859 901/214/869
f 892/206/860 901/214/869 891/205/859
f 901/214/869 900/213/868 897/211/865
f 902/215/870 901/214/869 892/206/860
f 899/194/867 898/212/866 903/216/871
f 898/212/866 900/213/868 903/216/871
f 903/216/871 904/195/872 899/194/867
f 904/195/872 903/216/871 905/217/873
f 906/218/874 901/214/869 902/215/870
f 906/218/874 900/213/868 901/214/869
f 902/215/870 907/219/875 906/218/874
f 903/216/871 900/213/868 908/220/876
f 905/217/873 903/216/871 908/220/876
f 900/213/868 906/218/874 908/220/876
f 908/220/876 909/221/877 905/217/873
f 908/220/876 910/222/878 909/221/877
f 908/220/876 906/218/874 910/222/878
f 910/222/878 906/218/874 907/219/875
f 910/222/878 907/219/875 911/223/879
f 912/224/880 913/225/881 914/226/882
f 914/226/882 915/227/883 912/224/880
f 915/227/883 914/226/882 916/228/884
f 917/229/885 912/224/880 915/227/883
f 916/228/884 918/230/886 915/227/883
f 918/230/886 916/228/884 919/231/887
f 915/227/883 920/232/888 917/229/885
f 920/232/888 915/227/883 918/230/886
f 919/231/887 921/233/889 918/230/886
f 921/233/889 919/231/887 922/234/890
f 922/234/890 923/235/891 921/233/889
f 924/236/892 918/230/886 921/233/889
f 918/230/886 924/236/892 920/232/888
f 925/237/893 921/233/889 923/235/891
f 921/233/889 925/237/893 924/236/892
f 923/235/891 926/238/894 925/237/893
f 925/237/893 926/238/894 927/239/895
f 924/236/892 925/237/893 928/240/896
f 927/239/895 928/240/896 925/237/893
f 920/232/888 924/236/892 929/241/897
f 928/240/896 929/241/897 924/236/892
f 917/229/885 920/232/888 930/242/898
f 929/241/897 930/242/898 920/232/888
f 930/242/898 931/243/899 917/229/885
f 932/244/900 931/243/899 930/242/898
f 930/242/898 933/245/901 932/244/900
f 933/245/901 930/242/898 929/241/897
f 934/246/902 932/244/900 933/245/901
f 935/247/903 929/241/897 928/240/896
f 929/241/897 935/247/903 933/245/901
f 936/248/904 928/240/896 927/239/895
f 928/240/896 936/248/904 935/247/903
f 927/239/895 937/249/905 936/248/904
f 936/248/904 937/249/905 938/250/906
f 933/245/901 935/247/903 939/251/907
f 939/251/907 935/247/903 936/248/904
f 933/245/901 940/252/908 934/246/902
f 939/251/907 940/252/908 933/245/901
f 941/253/909 934/246/902 940/252/908
f 936/248/904 942/254/910 939/251/907
f 938/250/906 942/254/910 936/248/904
f 943/255/911 940/252/908 939/251/907
f 940/252/908 943/255/911 941/253/909
f 944/256/912 939/251/907 942/254/910
f 939/251/907 944/256/912 943/255/911
f 945/257/913 942/254/910 938/250/906
f 942/254/910 945/257/913 944/256/912
f 938/250/906 946/258/914 945/257/913
f 945/257/913 946/258/914 947/259/915
f 947/259/915 948/260/916 945/257/913
f 944/256/912 945/257/913 948/260/916
f 948/260/916 947/259/915 949/261/917
f 943/255/911 944/256/912 950/262/918
f 948/260/916 950/262/918 944/256/912
f 949/261/917 951/263/919 948/260/916
f 949/261/917 952/264/920 951/263/919
f 948/260/916 951/263/919 953/265/921
f 951/263/919 952/264/920 953/265/921
f 953/265/921 950/262/918 948/260/916
f 953/265/921 952/264/920 954/266/922
f 954/266/922 952/264/920 955/267/923
f 956/268/924 950/262/918 953/265/921
f 953/265/921 954/266/922 956/268/924
f 950/262/918 956/268/924 943/255/911
f 956/268/924 954/266/922 955/267/923
f 941/253/909 943/255/911 956/268/924
f 955/267/923 957/269/925 956/268/924
f 956/268/924 957/269/925 941/253/909
f 958/226/926 959/225/927 960/224/928
f 960/224/928 961/227/929 958/226/926
f 962/228/930 958/226/926 961/227/929
f 961/227/929 960/224/928 963/229/931
f 961/227/929 964/230/932 962/228/930
f 965/231/933 962/228/930 964/230/932
f 963/229/931 966/232/934 961/227/929
f 964/230/932 961/227/929 966/232/934
f 964/230/932 967/233/935 965/231/933
f 968/234/936 965/231/933 967/233/935
f 967/233/935 969/235/937 968/234/936
f 967/233/935 964/230/932 970/236/938
f 966/232/934 970/236/938 964/230/932
f 969/235/937 967/233/935 971/237/939
f 970/236/938 971/237/939 967/233/935
f 971/237/939 972/238/940 969/235/937
f 973/239/941 972/238/940 971/237/939
f 974/240/942 971/237/939 970/236/938
f 971/237/939 974/240/942 973/239/941
f 975/241/943 970/236/938 966/232/934
f 970/236/938 975/241/943 974/240/942
f 976/242/944 966/232/934 963/229/931
f 966/232/934 976/242/944 975/241/943
f 963/229/931 977/243/945 976/242/944
f 976/242/944 977/243/945 978/244/946
f 978/244/946 979/245/947 976/242/944
f 975/241/943 976/242/944 979/245/947
f 979/245/947 978/244/946 980/246/948
f 974/240/942 975/241/943 981/247/949
f 979/245/947 981/247/949 975/241/943
f 973/239/941 974/240/942 982/248/950
f 981/247/949 982/248/950 974/240/942
f 982/248/950 983/249/951 973/239/941
f 984/250/952 983/249/951 982/248/950
f 985/251/953 981/247/949 979/245/947
f 982/248/950 981/247/949 985/251/953
f 980/246/948 986/252/954 979/245/947
f 979/245/947 986/252/954 985/251/953
f 986/252/954 980/246/948 987/253/955
f 982/248/950 988/254/956 984/250/952
f 985/251/953 988/254/956 982/248/950
f 987/253/955 989/255/957 986/252/954
f 985/251/953 986/252/954 989/255/957
f 984/250/952 988/254/956 990/257/958
f 990/257/958 991/258/959 984/250/952
f 992/259/960 991/258/959 990/257/958
f 988/254/956 985/251/953 993/256/961
f 993/256/961 990/257/958 988/254/956
f 989/255/957 993/256/961 985/251/953
f 990/257/958 994/260/962 992/259/960
f 994/260/962 990/257/958 993/256/961
f 995/261/963 992/259/960 994/260/962
f 996/262/964 993/256/961 989/255/957
f 993/256/961 996/262/964 994/260/962
f 994/260/962 997/263/965 995/261/963
f 995/261/963 997/263/965 998/264/966
f 999/265/967 997/263/965 994/260/962
f 997/263/965 999/265/967 998/264/966
f 994/260/962 996/262/964 999/265/967
f 999/265/967 1000/266/968 998/264/966
f 1000/266/968 1001/267/969 998/264/966
f 999/265/967 996/262/964 1002/268/970
f 1002/268/970 1000/266/968 999/265/967
f 1001/267/969 1000/266/968 1002/268/970
f 989/255/957 1002/268/970 996/262/964
f 1002/268/970 989/255/957 987/253/955
f 1002/268/970 1003/269/971 1001/267/969
f 987/253/955 1003/269/971 1002/268/970
f 1004/270/972 1005/271/973 1006/272/974
f 1006/272/974 1007/273/975 1004/270/972
f 1007/273/975 1006/272/974 1008/274/976
f 1004/270/972 1007/273/975 1009/275/977
f 1009/275/977 1010/276/978 1004/270/972
f 1008/274/976 1011/277/979 1007/273/975
f 1011/277/979 1008/274/976 1012/278/980
f 1013/279/981 1009/275/977 1007/273/975
f 1007/273/975 1011/277/979 1013/279/981
f 1014/280/982 1010/276/978 1009/275/977
f 1010/276/978 1014/280/982 1015/281/983
f 1016/282/984 1015/281/983 1014/280/982
f 1009/275/977 1017/283/985 1014/280/982
f 1017/283/985 1009/275/977 1013/279/981
f 1014/280/982 1018/284/986 1016/282/984
f 1018/284/986 1014/280/982 1017/283/985
f 1019/285/987 1016/282/984 1018/284/986
f 1013/279/981 1020/286/988 1017/283/985
f 1018/284/986 1021/287/989 1019/285/987
f 1022/288/990 1019/285/987 1021/287/989
f 1017/283/985 1023/289/991 1018/284/986
f 1021/287/989 1018/284/986 1023/289/991
f 1023/289/991 1017/283/985 1020/286/988
f 1021/287/989 1024/290/992 1022/288/990
f 1025/291/993 1022/288/990 1024/290/992
f 1023/289/991 1026/292/994 1021/287/989
f 1024/290/992 1027/293/995 1025/291/993
f 1028/294/996 1025/291/993 1027/293/995
f 1029/295/997 1024/290/992 1021/287/989
f 1027/293/995 1024/290/992 1029/295/997
f 1021/287/989 1026/292/994 1029/295/997
f 1027/293/995 1030/296/998 1028/294/996
f 1028/294/996 1030/296/998 1031/297/999
f 1029/295/997 1032/298/1000 1027/293/995
f 1030/296/998 1027/293/995 1032/298/1000
f 1033/299/1001 1031/297/999 1030/296/998
f 1034/300/973 1031/297/999 1033/299/1001
f 1033/299/1001 1035/301/1002 1034/300/973
f 1032/298/1000 1036/302/1003 1030/296/998
f 1030/296/998 1036/302/1003 1033/299/1001
f 1035/301/1002 1033/299/1001 1037/303/1004
f 1037/303/1004 1038/304/1005 1035/301/1002
f 1033/299/1001 1036/302/1003 1039/305/1006
f 1039/305/1006 1037/303/1004 1033/299/1001
f 1039/305/1006 1036/302/1003 1032/298/1000
f 1038/304/1005 1037/303/1004 1040/306/1007
f 1040/306/1007 1041/307/1008 1038/304/1005
f 1037/303/1004 1039/305/1006 1042/308/1009
f 1042/308/1009 1040/306/1007 1037/303/1004
f 1043/309/1010 1039/305/1006 1032/298/1000
f 1032/298/1000 1029/295/997 1043/309/1010
f 1044/310/1011 1042/308/1009 1039/305/1006
f 1039/305/1006 1043/309/1010 1044/310/1011
f 1045/311/1012 1043/309/1010 1029/295/997
f 1044/310/1011 1043/309/1010 1045/311/1012
f 1029/295/997 1026/292/994 1045/311/1012
f 1042/308/1009 1044/310/1011 1046/312/1013
f 1047/313/1014 1045/311/1012 1026/292/994
f 1026/292/994 1023/289/991 1047/313/1014
f 1020/286/988 1047/313/1014 1023/289/991
f 1045/311/1012 1048/314/1015 1044/310/1011
f 1046/312/1013 1044/310/1011 1048/314/1015
f 1045/311/1012 1047/313/1014 1049/315/1016
f 1049/315/1016 1048/314/1015 1045/311/1012
f 1047/313/1014 1020/286/988 1050/316/1017
f 1050/316/1017 1049/315/1016 1047/313/1014
f 1051/317/1018 1050/316/1017 1020/286/988
f 1020/286/988 1013/279/981 1051/317/1018
f 1051/317/1018 1013/279/981 1011/277/979
f 1049/315/1016 1050/316/1017 1052/318/1019
f 1011/277/979 1053/319/1020 1051/317/1018
f 1012/278/980 1053/319/1020 1011/277/979
f 1053/319/1020 1012/278/980 1054/320/1021
f 1050/316/1017 1051/317/1018 1055/321/1022
f 1053/319/1020 1055/321/1022 1051/317/1018
f 1054/320/1021 1055/321/1022 1053/319/1020
f 1055/321/1022 1052/318/1019 1050/316/1017
f 1056/322/1023 1055/321/1022 1054/320/1021
f 1054/320/1021 1057/323/1024 1056/322/1023
f 1058/324/1025 1052/318/1019 1055/321/1022
f 1055/321/1022 1056/322/1023 1058/324/1025
f 1059/325/1026 1056/322/1023 1057/323/1024
f 1057/323/1024 1060/326/1027 1059/325/1026
f 1060/326/1027 1061/327/1028 1059/325/1026
f 1056/322/1023 1059/325/1026 1062/328/1029
f 1062/328/1029 1058/324/1025 1056/322/1023
f 1059/325/1026 1061/327/1028 1062/328/1029
f 1058/324/1025 1062/328/1029 1063/329/1030
f 1062/328/1029 1061/327/1028 1063/329/1030
f 1052/318/1019 1058/324/1025 1064/330/1031
f 1063/329/1030 1064/330/1031 1058/324/1025
f 1052/318/1019 1065/331/1032 1049/315/1016
f 1064/330/1031 1065/331/1032 1052/318/1019
f 1048/314/1015 1049/315/1016 1065/331/1032
f 1065/331/1032 1066/332/1033 1048/314/1015
f 1066/332/1033 1065/331/1032 1064/330/1031
f 1048/314/1015 1066/332/1033 1046/312/1013
f 1067/333/1034 1064/330/1031 1063/329/1030
f 1064/330/1031 1067/333/1034 1066/332/1033
f 1063/329/1030 1068/334/1035 1067/333/1034
f 1063/329/1030 1061/327/1028 1068/334/1035
f 1066/332/1033 1067/333/1034 1069/335/1036
f 1069/335/1036 1046/312/1013 1066/332/1033
f 1067/333/1034 1068/334/1035 1070/336/1037
f 1070/336/1037 1069/335/1036 1067/333/1034
f 1068/334/1035 1061/327/1028 1070/336/1037
f 1069/335/1036 1070/336/1037 1071/337/1038
f 1070/336/1037 1061/327/1028 1071/337/1038
f 1046/312/1013 1069/335/1036 1072/338/1039
f 1071/337/1038 1072/338/1039 1069/335/1036
f 1071/337/1038 1061/327/1028 1073/339/1040
f 1072/338/1039 1071/337/1038 1073/339/1040
f 1073/339/1040 1061/327/1028 1074/340/1041
f 1072/338/1039 1075/341/1042 1046/312/1013
f 1046/312/1013 1075/341/1042 1042/308/1009
f 1040/306/1007 1042/308/1009 1075/341/1042
f 1073/339/1040 1076/342/1043 1072/338/1039
f 1076/342/1043 1073/339/1040 1074/340/1041
f 1075/341/1042 1072/338/1039 1076/342/1043
f 1074/340/1041 1077/343/1044 1076/342/1043
f 1075/341/1042 1078/344/1045 1040/306/1007
f 1076/342/1043 1078/344/1045 1075/341/1042
f 1078/344/1045 1076/342/1043 1077/343/1044
f 1041/307/1008 1040/306/1007 1078/344/1045
f 1077/343/1044 1079/345/1046 1078/344/1045
f 1078/344/1045 1079/345/1046 1041/307/1008
f 1080/272/1047 1081/271/1048 1082/270/1049
f 1082/270/1049 1083/273/1050 1080/272/1047
f 1084/274/1051 1080/272/1047 1083/273/1050
f 1085/275/1052 1083/273/1050 1082/270/1049
f 1082/270/1049 1086/276/1053 1085/275/1052
f 1083/273/1050 1087/277/1054 1084/274/1051
f 1088/278/1055 1084/274/1051 1087/277/1054
f 1083/273/1050 1085/275/1052 1089/279/1056
f 1089/279/1056 1087/277/1054 1083/273/1050
f 1085/275/1052 1086/276/1053 1090/280/1057
f 1086/276/1053 1091/281/1058 1090/280/1057
f 1090/280/1057 1091/281/1058 1092/282/1059
f 1090/280/1057 1093/283/1060 1085/275/1052
f 1089/279/1056 1085/275/1052 1093/283/1060
f 1092/282/1059 1094/284/1061 1090/280/1057
f 1093/283/1060 1090/280/1057 1094/284/1061
f 1094/284/1061 1092/282/1059 1095/285/1062
f 1093/283/1060 1096/286/1063 1089/279/1056
f 1095/285/1062 1097/287/1064 1094/284/1061
f 1097/287/1064 1095/285/1062 1098/288/1065
f 1094/284/1061 1099/289/1066 1093/283/1060
f 1099/289/1066 1094/284/1061 1097/287/1064
f 1096/286/1063 1093/283/1060 1099/289/1066
f 1098/288/1065 1100/290/1067 1097/287/1064
f 1100/290/1067 1098/288/1065 1101/291/1068
f 1097/287/1064 1102/292/1069 1099/289/1066
f 1101/291/1068 1103/293/1070 1100/290/1067
f 1103/293/1070 1101/291/1068 1104/294/1071
f 1097/287/1064 1100/290/1067 1105/295/1072
f 1105/295/1072 1100/290/1067 1103/293/1070
f 1105/295/1072 1102/292/1069 1097/287/1064
f 1104/294/1071 1106/296/1073 1103/293/1070
f 1104/294/1071 1107/297/1074 1106/296/1073
f 1103/293/1070 1108/298/1075 1105/295/1072
f 1108/298/1075 1103/293/1070 1106/296/1073
f 1106/296/1073 1107/297/1074 1109/299/1076
f 1109/299/1076 1107/297/1074 1110/300/1077
f 1110/300/1077 1111/301/1078 1109/299/1076
f 1106/296/1073 1112/302/1079 1108/298/1075
f 1109/299/1076 1112/302/1079 1106/296/1073
f 1113/305/1080 1108/298/1075 1112/302/1079
f 1113/305/1080 1112/302/1079 1109/299/1076
f 1114/303/1081 1109/299/1076 1111/301/1078
f 1109/299/1076 1114/303/1081 1113/305/1080
f 1111/301/1078 1115/304/1082 1114/303/1081
f 1108/298/1075 1113/305/1080 1116/309/1083
f 1116/309/1083 1105/295/1072 1108/298/1075
f 1117/306/1084 1114/303/1081 1115/304/1082
f 1115/304/1082 1118/307/1085 1117/306/1084
f 1119/308/1086 1113/305/1080 1114/303/1081
f 1114/303/1081 1117/306/1084 1119/308/1086
f 1120/310/1087 1116/309/1083 1113/305/1080
f 1113/305/1080 1119/308/1086 1120/310/1087
f 1105/295/1072 1116/309/1083 1121/311/1088
f 1121/311/1088 1116/309/1083 1120/310/1087
f 1121/311/1088 1102/292/1069 1105/295/1072
f 1122/312/1089 1120/310/1087 1119/308/1086
f 1102/292/1069 1121/311/1088 1123/313/1090
f 1123/313/1090 1099/289/1066 1102/292/1069
f 1099/289/1066 1123/313/1090 1096/286/1063
f 1120/310/1087 1124/314/1091 1121/311/1088
f 1124/314/1091 1120/310/1087 1122/312/1089
f 1125/315/1092 1123/313/1090 1121/311/1088
f 1121/311/1088 1124/314/1091 1125/315/1092
f 1126/316/1093 1096/286/1063 1123/313/1090
f 1123/313/1090 1125/315/1092 1126/316/1093
f 1096/286/1063 1126/316/1093 1127/317/1094
f 1127/317/1094 1089/279/1056 1096/286/1063
f 1087/277/1054 1089/279/1056 1127/317/1094
f 1127/317/1094 1128/319/1095 1087/277/1054
f 1087/277/1054 1128/319/1095 1088/278/1055
f 1129/320/1096 1088/278/1055 1128/319/1095
f 1128/319/1095 1127/317/1094 1130/321/1097
f 1128/319/1095 1130/321/1097 1129/320/1096
f 1130/321/1097 1127/317/1094 1126/316/1093
f 1129/320/1096 1130/321/1097 1131/322/1098
f 1131/322/1098 1132/323/1099 1129/320/1096
f 1126/316/1093 1133/318/1100 1130/321/1097
f 1133/318/1100 1126/316/1093 1125/315/1092
f 1134/324/1101 1131/322/1098 1130/321/1097
f 1130/321/1097 1133/318/1100 1134/324/1101
f 1132/323/1099 1131/322/1098 1135/325/1102
f 1135/325/1102 1136/326/1027 1132/323/1099
f 1136/326/1027 1135/325/1102 1137/327/1103
f 1138/328/1104 1135/325/1102 1131/322/1098
f 1131/322/1098 1134/324/1101 1138/328/1104
f 1135/325/1102 1138/328/1104 1137/327/1103
f 1139/329/1105 1138/328/1104 1134/324/1101
f 1138/328/1104 1139/329/1105 1137/327/1103
f 1140/330/1106 1134/324/1101 1133/318/1100
f 1134/324/1101 1140/330/1106 1139/329/1105
f 1125/315/1092 1141/331/1107 1133/318/1100
f 1133/318/1100 1141/331/1107 1140/330/1106
f 1141/331/1107 1125/315/1092 1124/314/1091
f 1124/314/1091 1142/332/1108 1141/331/1107
f 1140/330/1106 1141/331/1107 1142/332/1108
f 1122/312/1089 1142/332/1108 1124/314/1091
f 1139/329/1105 1140/330/1106 1143/333/1109
f 1142/332/1108 1143/333/1109 1140/330/1106
f 1143/333/1109 1144/334/1110 1139/329/1105
f 1139/329/1105 1144/334/1110 1137/327/1103
f 1145/335/1111 1143/333/1109 1142/332/1108
f 1142/332/1108 1122/312/1089 1145/335/1111
f 1146/336/1112 1144/334/1110 1143/333/1109
f 1143/333/1109 1145/335/1111 1146/336/1112
f 1144/334/1110 1146/336/1112 1137/327/1103
f 1147/337/1113 1146/336/1112 1145/335/1111
f 1146/336/1112 1147/337/1113 1137/327/1103
f 1148/338/1114 1145/335/1111 1122/312/1089
f 1145/335/1111 1148/338/1114 1147/337/1113
f 1147/337/1113 1149/339/1115 1137/327/1103
f 1149/339/1115 1147/337/1113 1148/338/1114
f 1149/339/1115 1150/340/1041 1137/327/1103
f 1122/312/1089 1151/341/1116 1148/338/1114
f 1119/308/1086 1151/341/1116 1122/312/1089
f 1151/341/1116 1119/308/1086 1117/306/1084
f 1148/338/1114 1152/342/1117 1149/339/1115
f 1150/340/1041 1149/339/1115 1152/342/1117
f 1152/342/1117 1148/338/1114 1151/341/1116
f 1152/342/1117 1153/343/1118 1150/340/1041
f 1117/306/1084 1154/344/1119 1151/341/1116
f 1151/341/1116 1154/344/1119 1152/342/1117
f 1153/343/1118 1152/342/1117 1154/344/1119
f 1154/344/1119 1117/306/1084 1118/307/1085
f 1154/344/1119 1155/345/1120 1153/343/1118
f 1118/307/1085 1155/345/1120 1154/344/1119
f 1156/222/1121 1157/223/1122 1158/219/1123
f 1156/222/1121 1158/219/1123 1159/218/1124
f 1159/218/1124 1158/219/1123 1160/215/1125
f 1161/220/1126 1156/222/1121 1159/218/1124
f 1161/220/1126 1162/221/1127 1156/222/1121
f 1163/217/1128 1162/221/1127 1161/220/1126
f 1160/215/1125 1164/214/1129 1159/218/1124
f 1160/215/1125 1165/206/860 1164/214/1129
f 1161/220/1126 1166/216/1130 1163/217/1128
f 1167/195/1131 1163/217/1128 1166/216/1130
f 1168/194/1132 1167/195/1131 1166/216/1130
f 1161/220/1126 1159/218/1124 1169/213/1133
f 1166/216/1130 1161/220/1126 1169/213/1133
f 1159/218/1124 1164/214/1129 1169/213/1133
f 1166/216/1130 1170/212/1134 1168/194/1132
f 1170/212/1134 1166/216/1130 1169/213/1133
f 1171/208/1135 1168/194/1132 1170/212/1134
f 1170/212/1134 1172/207/1136 1171/208/1135
f 1170/212/1134 1169/213/1133 1172/207/1136
f 1173/204/1137 1171/208/1135 1172/207/1136
f 1174/211/1138 1169/213/1133 1164/214/1129
f 1172/207/1136 1169/213/1133 1174/211/1138
f 1175/205/1139 1164/214/1129 1165/206/860
f 1164/214/1129 1175/205/1139 1174/211/1138
f 1165/206/860 1176/200/1140 1175/205/1139
f 1177/199/1141 1175/205/1139 1176/200/1140
f 1177/199/1141 1174/211/1138 1175/205/1139
f 1176/200/1140 1178/198/1142 1177/199/1141
f 1174/211/1138 1179/210/1143 1172/207/1136
f 1179/210/1143 1174/211/1138 1177/199/1141
f 1172/207/1136 1179/210/1143 1180/209/1144
f 1177/199/1141 1180/209/1144 1179/210/1143
f 1180/209/1144 1181/201/1145 1172/207/1136
f 1181/201/1145 1180/209/1144 1177/199/1141
f 1172/207/1136 1181/201/1145 1173/204/1137
f 1182/202/857 1173/204/1137 1181/201/1145
f 1181/201/1145 1183/203/1146 1182/202/857
f 1184/346/1147 1183/203/1146 1181/201/1145
f 1177/199/1141 1185/196/1148 1181/201/1145
f 1185/196/1148 1184/346/1147 1181/201/1145
f 1185/196/1148 1177/199/1141 1178/198/1142
f 1184/346/1147 1185/196/1148 1186/197/1149
f 1178/198/1142 1186/197/1149 1185/196/1148
f 1187/347/1150 1188/348/1151 1189/349/1152
f 1189/349/1152 1188/348/1151 1190/350/1153
f 1190/350/1153 1191/351/1154 1189/349/1152
f 1189/349/1152 1191/351/1154 1192/352/1155
f 1189/349/1152 1192/352/1155 1193/353/1156
f 1193/353/1156 1194/354/1157 1189/349/1152
f 1194/354/1157 1195/355/1158 1189/349/1152
f 1189/349/1152 1195/355/1158 1196/356/1159
f 1196/356/1159 1197/357/1160 1189/349/1152
f 1189/349/1152 1197/357/1160 1198/358/1161
f 1199/347/1162 1200/349/1163 1201/348/1164
f 1200/349/1163 1202/350/1165 1201/348/1164
f 1202/350/1165 1200/349/1163 1203/351/1166
f 1200/349/1163 1204/352/1167 1203/351/1166
f 1200/349/1163 1205/353/1168 1204/352/1167
f 1205/353/1168 1200/349/1163 1206/354/1169
f 1206/354/1169 1200/349/1163 1207/355/1170
f 1200/349/1163 1208/356/1171 1207/355/1170
f 1208/356/1171 1200/349/1163 1209/357/1172
f 1200/349/1163 1210/358/1173 1209/357/1172
f 1211/359/1174 1212/360/1175 1213/361/1176
f 1213/361/1176 1214/362/1177 1211/359/1174
f 1214/362/1177 1213/361/1176 1215/363/1178
f 1213/361/1176 1216/364/1179 1215/363/1178
f 1217/365/1180 1211/359/1174 1214/362/1177
f 1218/366/1181 1211/359/1174 1217/365/1180
f 1216/364/1179 1219/367/1182 1215/363/1178
f 1220/368/1183 1219/367/1182 1216/364/1179
f 1219/367/1182 1220/368/1183 1221/369/1184
f 1215/363/1178 1222/370/1185 1214/362/1177
f 1221/369/1184 1223/371/1186 1219/367/1182
f 1223/371/1186 1221/369/1184 1224/372/1187
f 1219/367/1182 1225/373/1188 1215/363/1178
f 1215/363/1178 1225/373/1188 1222/370/1185
f 1226/374/1189 1219/367/1182 1223/371/1186
f 1225/373/1188 1219/367/1182 1226/374/1189
f 1225/373/1188 1227/375/1190 1222/370/1185
f 1226/374/1189 1227/375/1190 1225/373/1188
f 1214/362/1177 1222/370/1185 1227/375/1190
f 1223/371/1186 1228/376/1191 1226/374/1189
f 1229/377/1192 1227/375/1190 1226/374/1189
f 1227/375/1190 1229/377/1192 1214/362/1177
f 1226/374/1189 1228/376/1191 1229/377/1192
f 1224/372/1187 1230/378/1193 1223/371/1186
f 1228/376/1191 1223/371/1186 1230/378/1193
f 1230/378/1193 1224/372/1187 1231/379/1194
f 1230/378/1193 1232/380/1195 1228/376/1191
f 1229/377/1192 1228/376/1191 1232/380/1195
f 1231/379/1194 1233/381/1196 1230/378/1193
f 1233/381/1196 1232/380/1195 1230/378/1193
f 1233/381/1196 1231/379/1194 1234/382/1197
f 1232/380/1195 1235/383/1198 1229/377/1192
f 1234/382/1197 1236/384/1199 1233/381/1196
f 1237/385/1200 1229/377/1192 1235/383/1198
f 1238/386/1201 1236/384/1199 1234/382/1197
f 1234/382/1197 1239/387/1202 1238/386/1201
f 1229/377/1192 1237/385/1200 1240/388/1203
f 1214/362/1177 1229/377/1192 1240/388/1203
f 1217/365/1180 1214/362/1177 1240/388/1203
f 1238/386/1201 1239/387/1202 1241/389/1204
f 1241/389/1204 1239/387/1202 1242/390/1205
f 1240/388/1203 1243/391/1206 1217/365/1180
f 1241/389/1204 1242/390/1205 1244/392/1207
f 1244/392/1207 1242/390/1205 1245/393/1208
f 1246/394/1209 1243/391/1206 1240/388/1203
f 1240/388/1203 1237/385/1200 1246/394/1209
f 1243/391/1206 1247/395/1210 1217/365/1180
f 1217/365/1180 1247/395/1210 1218/366/1181
f 1243/391/1206 1246/394/1209 1248/396/1211
f 1248/396/1211 1247/395/1210 1243/391/1206
f 1246/394/1209 1237/385/1200 1249/397/1212
f 1235/383/1198 1249/397/1212 1237/385/1200
f 1248/396/1211 1246/394/1209 1250/398/1213
f 1249/397/1212 1250/398/1213 1246/394/1209
f 1247/395/1210 1248/396/1211 1251/399/1214
f 1251/399/1214 1248/396/1211 1250/398/1213
f 1252/400/1215 1250/398/1213 1249/397/1212
f 1250/398/1213 1252/400/1215 1251/399/1214
f 1249/397/1212 1235/383/1198 1253/401/1216
f 1249/397/1212 1253/401/1216 1252/400/1215
f 1235/383/1198 1232/380/1195 1253/401/1216
f 1254/402/1217 1252/400/1215 1253/401/1216
f 1252/400/1215 1254/402/1217 1251/399/1214
f 1255/403/1218 1253/401/1216 1232/380/1195
f 1232/380/1195 1233/381/1196 1255/403/1218
f 1253/401/1216 1256/404/1219 1254/402/1217
f 1256/404/1219 1253/401/1216 1255/403/1218
f 1257/405/1220 1251/399/1214 1254/402/1217
f 1256/404/1219 1258/406/1221 1254/402/1217
f 1254/402/1217 1258/406/1221 1257/405/1220
f 1251/399/1214 1259/407/1222 1247/395/1210
f 1247/395/1210 1259/407/1222 1218/366/1181
f 1260/408/1223 1251/399/1214 1257/405/1220
f 1259/407/1222 1251/399/1214 1260/408/1223
f 1218/366/1181 1259/407/1222 1261/409/1224
f 1261/409/1224 1259/407/1222 1260/408/1223
f 1262/410/1225 1218/366/1181 1261/409/1224
f 1263/411/1226 1260/408/1223 1257/405/1220
f 1257/405/1220 1258/406/1221 1263/411/1226
f 1264/412/1227 1261/409/1224 1260/408/1223
f 1260/408/1223 1263/411/1226 1264/412/1227
f 1261/409/1224 1264/412/1227 1262/410/1225
f 1264/412/1227 1263/411/1226 1265/413/1228
f 1265/413/1228 1263/411/1226 1258/406/1221
f 1264/412/1227 1266/414/1229 1262/410/1225
f 1265/413/1228 1266/414/1229 1264/412/1227
f 1266/414/1229 1267/415/1230 1262/410/1225
f 1266/414/1229 1265/413/1228 1268/416/1231
f 1262/410/1225 1267/415/1230 1269/417/1232
f 1269/417/1232 1270/418/1233 1262/410/1225
f 1266/414/1229 1268/416/1231 1271/419/1234
f 1271/419/1234 1267/415/1230 1266/414/1229
f 1268/416/1231 1265/413/1228 1272/420/1235
f 1271/419/1234 1268/416/1231 1272/420/1235
f 1258/406/1221 1273/421/1236 1265/413/1228
f 1272/420/1235 1265/413/1228 1273/421/1236
f 1274/422/1237 1273/421/1236 1258/406/1221
f 1258/406/1221 1256/404/1219 1274/422/1237
f 1273/421/1236 1275/423/1238 1272/420/1235
f 1275/423/1238 1273/421/1236 1274/422/1237
f 1276/424/1239 1272/420/1235 1275/423/1238
f 1271/419/1234 1272/420/1235 1276/424/1239
f 1275/423/1238 1277/425/1240 1276/424/1239
f 1277/425/1240 1275/423/1238 1274/422/1237
f 1271/419/1234 1276/424/1239 1278/426/1241
f 1278/426/1241 1276/424/1239 1277/425/1240
f 1278/426/1241 1279/427/1242 1271/419/1234
f 1271/419/1234 1279/427/1242 1267/415/1230
f 1277/425/1240 1280/428/1243 1278/426/1241
f 1267/415/1230 1279/427/1242 1281/429/1244
f 1281/429/1244 1269/417/1232 1267/415/1230
f 1279/427/1242 1278/426/1241 1282/430/1245
f 1282/430/1245 1278/426/1241 1280/428/1243
f 1279/427/1242 1283/431/1246 1281/429/1244
f 1282/430/1245 1283/431/1246 1279/427/1242
f 1281/429/1244 1284/432/1247 1269/417/1232
f 1269/417/1232 1284/432/1247 1270/418/1233
f 1283/431/1246 1282/430/1245 1285/433/1248
f 1283/431/1246 1285/433/1248 1281/429/1244
f 1282/430/1245 1280/428/1243 1286/434/1249
f 1286/434/1249 1285/433/1248 1282/430/1245
f 1280/428/1243 1277/425/1240 1286/434/1249
f 1285/433/1248 1287/435/1250 1281/429/1244
f 1286/434/1249 1277/425/1240 1288/436/1251
f 1274/422/1237 1288/436/1251 1277/425/1240
f 1285/433/1248 1286/434/1249 1289/437/1252
f 1287/435/1250 1285/433/1248 1289/437/1252
f 1288/436/1251 1274/422/1237 1290/438/1253
f 1274/422/1237 1256/404/1219 1290/438/1253
f 1281/429/1244 1287/435/1250 1291/439/1254
f 1291/439/1254 1284/432/1247 1281/429/1244
f 1291/439/1254 1287/435/1250 1292/440/1255
f 1289/437/1252 1292/440/1255 1287/435/1250
f 1291/439/1254 1293/441/1256 1284/432/1247
f 1293/441/1256 1291/439/1254 1292/440/1255
f 1270/418/1233 1284/432/1247 1293/441/1256
f 1294/442/1257 1270/418/1233 1293/441/1256
f 1292/440/1255 1289/437/1252 1295/443/1258
f 1295/443/1258 1289/437/1252 1286/434/1249
f 1292/440/1255 1296/444/1259 1293/441/1256
f 1295/443/1258 1296/444/1259 1292/440/1255
f 1286/434/1249 1297/445/1260 1295/443/1258
f 1288/436/1251 1297/445/1260 1286/434/1249
f 1295/443/1258 1298/446/1261 1296/444/1259
f 1297/445/1260 1288/436/1251 1299/447/1262
f 1290/438/1253 1299/447/1262 1288/436/1251
f 1300/448/1263 1295/443/1258 1297/445/1260
f 1299/447/1262 1300/448/1263 1297/445/1260
f 1298/446/1261 1295/443/1258 1300/448/1263
f 1290/438/1253 1301/449/1264 1299/447/1262
f 1296/444/1259 1298/446/1261 1302/450/1265
f 1296/444/1259 1302/450/1265 1303/451/1266
f 1303/451/1266 1293/441/1256 1296/444/1259
f 1302/450/1265 1298/446/1261 1304/452/1267
f 1293/441/1256 1303/451/1266 1305/453/1268
f 1306/454/1269 1303/451/1266 1302/450/1265
f 1305/453/1268 1303/451/1266 1306/454/1269
f 1305/453/1268 1307/455/1270 1293/441/1256
f 1293/441/1256 1307/455/1270 1294/442/1257
f 1305/453/1268 1308/456/1271 1307/455/1270
f 1306/454/1269 1308/456/1271 1305/453/1268
f 1294/442/1257 1307/455/1270 1309/457/1272
f 1309/457/1272 1307/455/1270 1308/456/1271
f 1310/458/1273 1294/442/1257 1309/457/1272
f 1306/454/1269 1311/459/1274 1308/456/1271
f 1308/456/1271 1311/459/1274 1309/457/1272
f 1302/450/1265 1312/460/1275 1306/454/1269
f 1312/460/1275 1311/459/1274 1306/454/1269
f 1304/452/1267 1312/460/1275 1302/450/1265
f 1313/461/1276 1311/459/1274 1312/460/1275
f 1312/460/1275 1304/452/1267 1313/461/1276
f 1309/457/1272 1311/459/1274 1313/461/1276
f 1309/457/1272 1314/462/1277 1310/458/1273
f 1315/463/1278 1310/458/1273 1314/462/1277
f 1313/461/1276 1316/464/1279 1309/457/1272
f 1316/464/1279 1314/462/1277 1309/457/1272
f 1314/462/1277 1317/465/1280 1315/463/1278
f 1318/466/1281 1315/463/1278 1317/465/1280
f 1314/462/1277 1316/464/1279 1319/467/1282
f 1317/465/1280 1320/468/1283 1318/466/1281
f 1316/464/1279 1321/469/1284 1319/467/1282
f 1321/469/1284 1316/464/1279 1313/461/1276
f 1322/470/1285 1317/465/1280 1314/462/1277
f 1313/461/1276 1323/471/1286 1321/469/1284
f 1314/462/1277 1324/472/1287 1322/470/1285
f 1319/467/1282 1324/472/1287 1314/462/1277
f 1322/470/1285 1325/473/1288 1317/465/1280
f 1320/468/1283 1317/465/1280 1325/473/1288
f 1326/474/1289 1322/470/1285 1324/472/1287
f 1326/474/1289 1325/473/1288 1322/470/1285
f 1324/472/1287 1319/467/1282 1327/475/1290
f 1324/472/1287 1328/476/1291 1326/474/1289
f 1327/475/1290 1328/476/1291 1324/472/1287
f 1319/467/1282 1321/469/1284 1329/477/1292
f 1329/477/1292 1327/475/1290 1319/467/1282
f 1329/477/1292 1321/469/1284 1323/471/1286
f 1327/475/1290 1329/477/1292 1330/478/1293
f 1328/476/1291 1327/475/1290 1330/478/1293
f 1323/471/1286 1331/479/1294 1329/477/1292
f 1330/478/1293 1329/477/1292 1331/479/1294
f 1332/480/1295 1331/479/1294 1323/471/1286
f 1332/480/1295 1323/471/1286 1313/461/1276
f 1333/481/1296 1330/478/1293 1331/479/1294
f 1331/479/1294 1332/480/1295 1333/481/1296
f 1330/478/1293 1333/481/1296 1328/476/1291
f 1313/461/1276 1334/482/1297 1332/480/1295
f 1313/461/1276 1304/452/1267 1334/482/1297
f 1304/452/1267 1298/446/1261 1334/482/1297
f 1332/480/1295 1335/483/1298 1333/481/1296
f 1328/476/1291 1333/481/1296 1335/483/1298
f 1336/484/1299 1332/480/1295 1334/482/1297
f 1336/484/1299 1335/483/1298 1332/480/1295
f 1334/482/1297 1298/446/1261 1337/485/1300
f 1300/448/1263 1337/485/1300 1298/446/1261
f 1335/483/1298 1338/486/1301 1328/476/1291
f 1326/474/1289 1328/476/1291 1338/486/1301
f 1338/486/1301 1325/473/1288 1326/474/1289
f 1335/483/1298 1339/487/1302 1338/486/1301
f 1340/488/1303 1325/473/1288 1338/486/1301
f 1338/486/1301 1339/487/1302 1340/488/1303
f 1341/489/1304 1339/487/1302 1335/483/1298
f 1336/484/1299 1341/489/1304 1335/483/1298
f 1342/490/1305 1325/473/1288 1340/488/1303
f 1325/473/1288 1342/490/1305 1320/468/1283
f 1340/488/1303 1343/491/1306 1342/490/1305
f 1343/491/1306 1344/492/1307 1342/490/1305
f 1345/493/1308 1343/491/1306 1340/488/1303
f 1345/493/1308 1344/492/1307 1343/491/1306
f 1342/490/1305 1344/492/1307 1346/494/1309
f 1346/494/1309 1344/492/1307 1345/493/1308
f 1346/494/1309 1320/468/1283 1342/490/1305
f 1340/488/1303 1347/495/1310 1345/493/1308
f 1348/496/1311 1320/468/1283 1346/494/1309
f 1320/468/1283 1348/496/1311 1318/466/1281
f 1349/497/1312 1318/466/1281 1348/496/1311
f 1350/498/1313 1347/495/1310 1340/488/1303
f 1340/488/1303 1339/487/1302 1350/498/1313
f 1351/499/1314 1345/493/1308 1347/495/1310
f 1346/494/1309 1345/493/1308 1351/499/1314
f 1347/495/1310 1350/498/1313 1351/499/1314
f 1351/499/1314 1352/500/1315 1346/494/1309
f 1346/494/1309 1352/500/1315 1348/496/1311
f 1348/496/1311 1352/500/1315 1351/499/1314
f 1353/501/1316 1350/498/1313 1339/487/1302
f 1339/487/1302 1341/489/1304 1353/501/1316
f 1350/498/1313 1354/502/1317 1351/499/1314
f 1351/499/1314 1355/503/1318 1348/496/1311
f 1355/503/1318 1351/499/1314 1354/502/1317
f 1350/498/1313 1356/504/1319 1354/502/1317
f 1353/501/1316 1356/504/1319 1350/498/1313
f 1357/505/1320 1354/502/1317 1356/504/1319
f 1354/502/1317 1357/505/1320 1355/503/1318
f 1358/506/1321 1356/504/1319 1353/501/1316
f 1356/504/1319 1358/506/1321 1357/505/1320
f 1359/507/1322 1348/496/1311 1355/503/1318
f 1348/496/1311 1359/507/1322 1349/497/1312
f 1355/503/1318 1357/505/1320 1360/508/1323
f 1355/503/1318 1361/509/1324 1359/507/1322
f 1360/508/1323 1361/509/1324 1355/503/1318
f 1359/507/1322 1362/510/1325 1349/497/1312
f 1363/511/1326 1349/497/1312 1362/510/1325
f 1364/512/1327 1359/507/1322 1361/509/1324
f 1359/507/1322 1364/512/1327 1362/510/1325
f 1361/509/1324 1360/508/1323 1364/512/1327
f 1362/510/1325 1365/513/1328 1363/511/1326
f 1366/514/1329 1362/510/1325 1364/512/1327
f 1364/512/1327 1360/508/1323 1366/514/1329
f 1366/514/1329 1365/513/1328 1362/510/1325
f 1367/515/1330 1363/511/1326 1365/513/1328
f 1368/516/1331 1366/514/1329 1360/508/1323
f 1369/517/1332 1360/508/1323 1357/505/1320
f 1369/517/1332 1368/516/1331 1360/508/1323
f 1357/505/1320 1358/506/1321 1369/517/1332
f 1368/516/1331 1370/518/1333 1366/514/1329
f 1366/514/1329 1370/518/1333 1365/513/1328
f 1371/519/1334 1368/516/1331 1369/517/1332
f 1369/517/1332 1358/506/1321 1371/519/1334
f 1372/520/1335 1370/518/1333 1368/516/1331
f 1368/516/1331 1371/519/1334 1372/520/1335
f 1373/521/1336 1365/513/1328 1370/518/1333
f 1370/518/1333 1372/520/1335 1373/521/1336
f 1365/513/1328 1373/521/1336 1374/522/1337
f 1365/513/1328 1374/522/1337 1367/515/1330
f 1373/521/1336 1372/520/1335 1375/523/1338
f 1374/522/1337 1373/521/1336 1375/523/1338
f 1375/523/1338 1372/520/1335 1376/524/1339
f 1375/523/1338 1377/525/1340 1374/522/1337
f 1377/525/1340 1375/523/1338 1376/524/1339
f 1374/522/1337 1378/526/1341 1367/515/1330
f 1377/525/1340 1378/526/1341 1374/522/1337
f 1376/524/1339 1379/527/1342 1377/525/1340
f 1377/525/1340 1379/527/1342 1378/526/1341
f 1380/528/1343 1376/524/1339 1372/520/1335
f 1379/527/1342 1376/524/1339 1380/528/1343
f 1372/520/1335 1371/519/1334 1380/528/1343
f 1367/515/1330 1378/526/1341 1381/529/1344
f 1381/529/1344 1382/530/1345 1367/515/1330
f 1378/526/1341 1379/527/1342 1383/531/1346
f 1381/529/1344 1384/532/1347 1382/530/1345
f 1385/533/1348 1382/530/1345 1384/532/1347
f 1386/534/1349 1381/529/1344 1378/526/1341
f 1383/531/1346 1387/535/1350 1378/526/1341
f 1378/526/1341 1387/535/1350 1386/534/1349
f 1383/531/1346 1388/536/1351 1387/535/1350
f 1387/535/1350 1388/536/1351 1386/534/1349
f 1383/531/1346 1379/527/1342 1389/537/1352
f 1389/537/1352 1379/527/1342 1380/528/1343
f 1390/538/1353 1388/536/1351 1383/531/1346
f 1389/537/1352 1390/538/1353 1383/531/1346
f 1386/534/1349 1388/536/1351 1391/539/1354
f 1390/538/1353 1391/539/1354 1388/536/1351
f 1386/534/1349 1391/539/1354 1392/540/1355
f 1392/540/1355 1391/539/1354 1390/538/1353
f 1392/540/1355 1381/529/1344 1386/534/1349
f 1390/538/1353 1389/537/1352 1392/540/1355
f 1384/532/1347 1381/529/1344 1392/540/1355
f 1392/540/1355 1389/537/1352 1393/541/1356
f 1380/528/1343 1393/541/1356 1389/537/1352
f 1392/540/1355 1394/542/1357 1384/532/1347
f 1393/541/1356 1395/543/1358 1392/540/1355
f 1394/542/1357 1392/540/1355 1395/543/1358
f 1396/544/1359 1393/541/1356 1380/528/1343
f 1395/543/1358 1393/541/1356 1396/544/1359
f 1397/545/1360 1384/532/1347 1394/542/1357
f 1384/532/1347 1397/545/1360 1385/533/1348
f 1395/543/1358 1398/546/1361 1394/542/1357
f 1394/542/1357 1399/547/1362 1397/545/1360
f 1399/547/1362 1394/542/1357 1398/546/1361
f 1397/545/1360 1400/548/1363 1385/533/1348
f 1397/545/1360 1399/547/1362 1401/549/1364
f 1400/548/1363 1397/545/1360 1401/549/1364
f 1401/549/1364 1399/547/1362 1402/550/1365
f 1398/546/1361 1402/550/1365 1399/547/1362
f 1402/550/1365 1403/551/1366 1401/549/1364
f 1401/549/1364 1403/551/1366 1400/548/1363
f 1398/546/1361 1403/551/1366 1402/550/1365
f 1400/548/1363 1404/552/1367 1385/533/1348
f 1404/552/1367 1400/548/1363 1403/551/1366
f 1405/553/1368 1385/533/1348 1404/552/1367
f 1398/546/1361 1406/554/1369 1403/551/1366
f 1403/551/1366 1407/555/1370 1404/552/1367
f 1407/555/1370 1403/551/1366 1406/554/1369
f 1404/552/1367 1407/555/1370 1408/556/1371
f 1406/554/1369 1409/557/1372 1407/555/1370
f 1408/556/1371 1407/555/1370 1409/557/1372
f 1398/546/1361 1410/558/1373 1406/554/1369
f 1395/543/1358 1410/558/1373 1398/546/1361
f 1411/559/1374 1409/557/1372 1406/554/1369
f 1409/557/1372 1411/559/1374 1408/556/1371
f 1404/552/1367 1408/556/1371 1411/559/1374
f 1406/554/1369 1410/558/1373 1411/559/1374
f 1404/552/1367 1412/560/1375 1405/553/1368
f 1411/559/1374 1412/560/1375 1404/552/1367
f 1412/560/1375 1413/561/1376 1405/553/1368
f 1413/561/1376 1412/560/1375 1411/559/1374
f 1413/561/1376 1414/562/1377 1405/553/1368
f 1415/563/1378 1405/553/1368 1414/562/1377
f 1411/559/1374 1416/564/1379 1413/561/1376
f 1414/562/1377 1417/565/1380 1415/563/1378
f 1418/566/1381 1415/563/1378 1417/565/1380
f 1419/567/1382 1414/562/1377 1413/561/1376
f 1413/561/1376 1416/564/1379 1419/567/1382
f 1417/565/1380 1420/568/1383 1418/566/1381
f 1420/568/1383 1421/569/1384 1418/566/1381
f 1422/570/1385 1421/569/1384 1420/568/1383
f 1420/568/1383 1417/565/1380 1423/571/1386
f 1420/568/1383 1424/572/1387 1422/570/1385
f 1423/571/1386 1424/572/1387 1420/568/1383
f 1422/570/1385 1424/572/1387 1425/573/1388
f 1426/574/1389 1425/573/1388 1424/572/1387
f 1417/565/1380 1427/575/1390 1423/571/1386
f 1427/575/1390 1417/565/1380 1414/562/1377
f 1424/572/1387 1423/571/1386 1428/576/1391
f 1428/576/1391 1423/571/1386 1427/575/1390
f 1424/572/1387 1429/577/1392 1426/574/1389
f 1428/576/1391 1429/577/1392 1424/572/1387
f 1430/578/1393 1426/574/1389 1429/577/1392
f 1431/579/1394 1428/576/1391 1427/575/1390
f 1431/579/1394 1429/577/1392 1428/576/1391
f 1414/562/1377 1432/580/1395 1427/575/1390
f 1427/575/1390 1432/580/1395 1431/579/1394
f 1432/580/1395 1414/562/1377 1419/567/1382
f 1429/577/1392 1433/581/1396 1430/578/1393
f 1434/582/1397 1430/578/1393 1433/581/1396
f 1419/567/1382 1435/583/1398 1432/580/1395
f 1436/584/1399 1435/583/1398 1419/567/1382
f 1432/580/1395 1435/583/1398 1436/584/1399
f 1419/567/1382 1416/564/1379 1436/584/1399
f 1436/584/1399 1437/585/1400 1432/580/1395
f 1437/585/1400 1436/584/1399 1416/564/1379
f 1432/580/1395 1437/585/1400 1431/579/1394
f 1416/564/1379 1411/559/1374 1437/585/1400
f 1437/585/1400 1411/559/1374 1410/558/1373
f 1410/558/1373 1431/579/1394 1437/585/1400
f 1429/577/1392 1431/579/1394 1438/586/1401
f 1438/586/1401 1431/579/1394 1410/558/1373
f 1438/586/1401 1433/581/1396 1429/577/1392
f 1433/581/1396 1439/587/1402 1434/582/1397
f 1440/588/1403 1434/582/1397 1439/587/1402
f 1433/581/1396 1438/586/1401 1441/589/1404
f 1441/589/1404 1439/587/1402 1433/581/1396
f 1410/558/1373 1442/590/1405 1438/586/1401
f 1439/587/1402 1443/591/1406 1440/588/1403
f 1444/592/1407 1442/590/1405 1410/558/1373
f 1410/558/1373 1395/543/1358 1444/592/1407
f 1396/544/1359 1444/592/1407 1395/543/1358
f 1440/588/1403 1443/591/1406 1445/593/1408
f 1445/593/1408 1446/594/1409 1440/588/1403
f 1439/587/1402 1447/595/1410 1443/591/1406
f 1446/594/1409 1445/593/1408 1448/596/1411
f 1449/597/1412 1446/594/1409 1448/596/1411
f 1450/598/1413 1449/597/1412 1448/596/1411
f 1443/591/1406 1451/599/1414 1445/593/1408
f 1443/591/1406 1447/595/1410 1451/599/1414
f 1452/600/1415 1448/596/1411 1445/593/1408
f 1448/596/1411 1452/600/1415 1450/598/1413
f 1445/593/1408 1451/599/1414 1452/600/1415
f 1453/601/1416 1450/598/1413 1452/600/1415
f 1451/599/1414 1447/595/1410 1454/602/1417
f 1454/602/1417 1447/595/1410 1439/587/1402
f 1451/599/1414 1454/602/1417 1455/603/1418
f 1455/603/1418 1454/602/1417 1439/587/1402
f 1455/603/1418 1452/600/1415 1451/599/1414
f 1439/587/1402 1441/589/1404 1455/603/1418
f 1452/600/1415 1456/604/1419 1453/601/1416
f 1457/605/1420 1453/601/1416 1456/604/1419
f 1452/600/1415 1455/603/1418 1458/1/1421
f 1458/1/1421 1455/603/1418 1441/589/1404
f 1458/1/1421 1456/604/1419 1452/600/1415
f 1441/589/1404 1459/606/1422 1458/1/1421
f 1459/606/1422 1441/589/1404 1438/586/1401
f 1456/604/1419 1458/1/1421 1460/607/1423
f 1461/2/1424 1458/1/1421 1459/606/1422
f 1462/3/1425 1460/607/1423 1458/1/1421
f 1459/606/1422 1463/608/1426 1461/2/1424
f 1462/3/1425 1461/2/1424 1463/608/1426
f 1460/607/1423 1462/3/1425 1464/609/1427
f 1464/609/1427 1462/3/1425 1463/608/1426
f 1464/609/1427 1463/608/1426 1459/606/1422
f 1456/604/1419 1460/607/1423 1464/609/1427
f 1465/610/1428 1459/606/1422 1438/586/1401
f 1459/606/1422 1465/610/1428 1464/609/1427
f 1438/586/1401 1442/590/1405 1465/610/1428
f 1464/609/1427 1466/611/1429 1456/604/1419
f 1466/611/1429 1464/609/1427 1465/610/1428
f 1467/612/1430 1456/604/1419 1466/611/1429
f 1456/604/1419 1467/612/1430 1457/605/1420
f 1468/613/1431 1466/611/1429 1465/610/1428
f 1467/612/1430 1466/611/1429 1468/613/1431
f 1442/590/1405 1469/614/1432 1465/610/1428
f 1465/610/1428 1469/614/1432 1468/613/1431
f 1470/615/1433 1469/614/1432 1442/590/1405
f 1442/590/1405 1444/592/1407 1470/615/1433
f 1471/616/1434 1468/613/1431 1469/614/1432
f 1469/614/1432 1470/615/1433 1471/616/1434
f 1472/617/1435 1468/613/1431 1471/616/1434
f 1473/618/1436 1471/616/1434 1470/615/1433
f 1471/616/1434 1473/618/1436 1472/617/1435
f 1474/619/1437 1470/615/1433 1444/592/1407
f 1470/615/1433 1474/619/1437 1473/618/1436
f 1475/620/1438 1468/613/1431 1472/617/1435
f 1468/613/1431 1475/620/1438 1467/612/1430
f 1475/620/1438 1472/617/1435 1476/621/1439
f 1472/617/1435 1473/618/1436 1476/621/1439
f 1475/620/1438 1476/621/1439 1477/622/1440
f 1467/612/1430 1475/620/1438 1477/622/1440
f 1477/622/1440 1476/621/1439 1473/618/1436
f 1457/605/1420 1467/612/1430 1478/623/1441
f 1477/622/1440 1478/623/1441 1467/612/1430
f 1479/624/1442 1457/605/1420 1478/623/1441
f 1478/623/1441 1480/625/1443 1479/624/1442
f 1481/626/1444 1479/624/1442 1480/625/1443
f 1482/627/1445 1478/623/1441 1477/622/1440
f 1483/628/1446 1480/625/1443 1478/623/1441
f 1478/623/1441 1482/627/1445 1483/628/1446
f 1480/625/1443 1484/629/1447 1481/626/1444
f 1484/629/1447 1480/625/1443 1483/628/1446
f 1477/622/1440 1485/630/1448 1482/627/1445
f 1483/628/1446 1482/627/1445 1486/631/1449
f 1486/631/1449 1482/627/1445 1485/630/1448
f 1477/622/1440 1487/632/1450 1485/630/1448
f 1487/632/1450 1486/631/1449 1485/630/1448
f 1473/618/1436 1487/632/1450 1477/622/1440
f 1483/628/1446 1486/631/1449 1488/633/1451
f 1483/628/1446 1488/633/1451 1484/629/1447
f 1486/631/1449 1487/632/1450 1489/634/1452
f 1488/633/1451 1486/631/1449 1489/634/1452
f 1487/632/1450 1473/618/1436 1489/634/1452
f 1490/635/1453 1488/633/1451 1489/634/1452
f 1488/633/1451 1490/635/1453 1484/629/1447
f 1491/636/1454 1489/634/1452 1473/618/1436
f 1489/634/1452 1491/636/1454 1490/635/1453
f 1473/618/1436 1474/619/1437 1491/636/1454
f 1484/629/1447 1490/635/1453 1492/637/1455
f 1492/637/1455 1490/635/1453 1491/636/1454
f 1493/638/1456 1481/626/1444 1484/629/1447
f 1484/629/1447 1492/637/1455 1493/638/1456
f 1494/639/1457 1481/626/1444 1493/638/1456
f 1491/636/1454 1495/640/1458 1492/637/1455
f 1495/640/1458 1491/636/1454 1474/619/1437
f 1492/637/1455 1496/641/1459 1493/638/1456
f 1495/640/1458 1496/641/1459 1492/637/1455
f 1493/638/1456 1497/642/1460 1494/639/1457
f 1498/643/1461 1494/639/1457 1497/642/1460
f 1493/638/1456 1496/641/1459 1499/644/1462
f 1499/644/1462 1497/642/1460 1493/638/1456
f 1496/641/1459 1495/640/1458 1500/645/1463
f 1499/644/1462 1496/641/1459 1500/645/1463
f 1474/619/1437 1501/646/1464 1495/640/1458
f 1444/592/1407 1501/646/1464 1474/619/1437
f 1501/646/1464 1444/592/1407 1396/544/1359
f 1495/640/1458 1501/646/1464 1396/544/1359
f 1500/645/1463 1495/640/1458 1502/647/1465
f 1396/544/1359 1503/648/1466 1495/640/1458
f 1502/647/1465 1495/640/1458 1503/648/1466
f 1504/649/1467 1500/645/1463 1502/647/1465
f 1500/645/1463 1504/649/1467 1499/644/1462
f 1502/647/1465 1505/650/1468 1504/649/1467
f 1505/650/1468 1502/647/1465 1506/651/1469
f 1503/648/1466 1506/651/1469 1502/647/1465
f 1505/650/1468 1507/652/1470 1504/649/1467
f 1506/651/1469 1507/652/1470 1505/650/1468
f 1507/652/1470 1506/651/1469 1503/648/1466
f 1504/649/1467 1507/652/1470 1499/644/1462
f 1503/648/1466 1508/653/1471 1507/652/1470
f 1508/653/1471 1503/648/1466 1396/544/1359
f 1499/644/1462 1507/652/1470 1509/654/1472
f 1509/654/1472 1507/652/1470 1508/653/1471
f 1396/544/1359 1510/655/1473 1508/653/1471
f 1396/544/1359 1380/528/1343 1510/655/1473
f 1509/654/1472 1511/656/1474 1499/644/1462
f 1497/642/1460 1499/644/1462 1511/656/1474
f 1512/657/1475 1510/655/1473 1380/528/1343
f 1508/653/1471 1510/655/1473 1512/657/1475
f 1380/528/1343 1371/519/1334 1512/657/1475
f 1512/657/1475 1371/519/1334 1358/506/1321
f 1508/653/1471 1513/658/1476 1509/654/1472
f 1513/658/1476 1508/653/1471 1512/657/1475
f 1511/656/1474 1509/654/1472 1514/659/1477
f 1514/659/1477 1509/654/1472 1513/658/1476
f 1511/656/1474 1514/659/1477 1515/660/1478
f 1511/656/1474 1515/660/1478 1497/642/1460
f 1515/660/1478 1514/659/1477 1516/661/1479
f 1497/642/1460 1515/660/1478 1516/661/1479
f 1517/662/1480 1514/659/1477 1513/658/1476
f 1516/661/1479 1514/659/1477 1517/662/1480
f 1513/658/1476 1518/663/1481 1517/662/1480
f 1512/657/1475 1518/663/1481 1513/658/1476
f 1516/661/1479 1517/662/1480 1519/664/1482
f 1519/664/1482 1517/662/1480 1518/663/1481
f 1516/661/1479 1520/665/1483 1497/642/1460
f 1519/664/1482 1520/665/1483 1516/661/1479
f 1497/642/1460 1520/665/1483 1521/666/1484
f 1521/666/1484 1520/665/1483 1519/664/1482
f 1521/666/1484 1498/643/1461 1497/642/1460
f 1518/663/1481 1522/667/1485 1519/664/1482
f 1522/667/1485 1518/663/1481 1512/657/1475
f 1519/664/1482 1523/668/1486 1521/666/1484
f 1523/668/1486 1519/664/1482 1522/667/1485
f 1498/643/1461 1521/666/1484 1524/669/1487
f 1524/669/1487 1521/666/1484 1523/668/1486
f 1524/669/1487 1525/670/1488 1498/643/1461
f 1522/667/1485 1512/657/1475 1526/671/1489
f 1358/506/1321 1526/671/1489 1512/657/1475
f 1353/501/1316 1526/671/1489 1358/506/1321
f 1526/671/1489 1527/672/1490 1522/667/1485
f 1522/667/1485 1527/672/1490 1523/668/1486
f 1526/671/1489 1353/501/1316 1528/673/1491
f 1528/673/1491 1527/672/1490 1526/671/1489
f 1523/668/1486 1527/672/1490 1529/5/1492
f 1529/5/1492 1530/4/1493 1523/668/1486
f 1523/668/1486 1530/4/1493 1524/669/1487
f 1531/6/6 1529/5/1492 1527/672/1490
f 1527/672/1490 1528/673/1491 1531/6/6
f 1524/669/1487 1530/4/1493 1532/674/1494
f 1531/6/6 1532/674/1494 1530/4/1493
f 1532/674/1494 1525/670/1488 1524/669/1487
f 1533/675/1495 1531/6/6 1528/673/1491
f 1532/674/1494 1531/6/6 1533/675/1495
f 1528/673/1491 1353/501/1316 1533/675/1495
f 1525/670/1488 1532/674/1494 1534/676/1496
f 1534/676/1496 1532/674/1494 1533/675/1495
f 1534/676/1496 1535/677/1497 1525/670/1488
f 1533/675/1495 1353/501/1316 1341/489/1304
f 1535/677/1497 1534/676/1496 1536/678/1498
f 1537/679/1499 1535/677/1497 1536/678/1498
f 1533/675/1495 1538/680/1500 1534/676/1496
f 1341/489/1304 1539/681/1501 1533/675/1495
f 1538/680/1500 1533/675/1495 1539/681/1501
f 1540/682/1502 1539/681/1501 1341/489/1304
f 1539/681/1501 1540/682/1502 1538/680/1500
f 1534/676/1496 1538/680/1500 1541/683/1503
f 1541/683/1503 1538/680/1500 1540/682/1502
f 1534/676/1496 1541/683/1503 1536/678/1498
f 1341/489/1304 1542/684/1504 1540/682/1502
f 1541/683/1503 1540/682/1502 1542/684/1504
f 1542/684/1504 1341/489/1304 1336/484/1299
f 1536/678/1498 1541/683/1503 1543/685/1505
f 1542/684/1504 1543/685/1505 1541/683/1503
f 1543/685/1505 1544/686/1506 1536/678/1498
f 1544/686/1506 1543/685/1505 1542/684/1504
f 1536/678/1498 1544/686/1506 1545/687/1507
f 1544/686/1506 1542/684/1504 1546/688/1508
f 1546/688/1508 1545/687/1507 1544/686/1506
f 1545/687/1507 1547/689/1509 1536/678/1498
f 1536/678/1498 1547/689/1509 1537/679/1499
f 1546/688/1508 1548/690/1510 1545/687/1507
f 1547/689/1509 1545/687/1507 1548/690/1510
f 1549/691/1511 1546/688/1508 1542/684/1504
f 1336/484/1299 1549/691/1511 1542/684/1504
f 1550/692/1512 1548/690/1510 1546/688/1508
f 1550/692/1512 1547/689/1509 1548/690/1510
f 1546/688/1508 1549/691/1511 1550/692/1512
f 1551/693/1513 1547/689/1509 1550/692/1512
f 1537/679/1499 1547/689/1509 1551/693/1513
f 1552/694/1514 1550/692/1512 1549/691/1511
f 1550/692/1512 1552/694/1514 1551/693/1513
f 1537/679/1499 1551/693/1513 1553/695/1515
f 1553/695/1515 1551/693/1513 1552/694/1514
f 1553/695/1515 1554/696/1516 1537/679/1499
f 1555/697/1517 1554/696/1516 1553/695/1515
f 1556/698/1518 1552/694/1514 1549/691/1511
f 1549/691/1511 1336/484/1299 1556/698/1518
f 1557/699/1519 1552/694/1514 1556/698/1518
f 1552/694/1514 1557/699/1519 1553/695/1515
f 1556/698/1518 1336/484/1299 1558/700/1520
f 1334/482/1297 1558/700/1520 1336/484/1299
f 1557/699/1519 1556/698/1518 1559/701/1521
f 1558/700/1520 1559/701/1521 1556/698/1518
f 1559/701/1521 1560/702/1522 1557/699/1519
f 1560/702/1522 1559/701/1521 1558/700/1520
f 1557/699/1519 1560/702/1522 1553/695/1515
f 1337/485/1300 1558/700/1520 1334/482/1297
f 1553/695/1515 1560/702/1522 1561/703/1523
f 1561/703/1523 1560/702/1522 1558/700/1520
f 1553/695/1515 1562/704/1524 1555/697/1517
f 1561/703/1523 1562/704/1524 1553/695/1515
f 1563/705/1525 1555/697/1517 1562/704/1524
f 1564/706/1526 1561/703/1523 1558/700/1520
f 1564/706/1526 1558/700/1520 1337/485/1300
f 1565/707/1527 1561/703/1523 1564/706/1526
f 1561/703/1523 1565/707/1527 1566/708/1528
f 1566/708/1528 1562/704/1524 1561/703/1523
f 1564/706/1526 1567/709/1529 1565/707/1527
f 1565/707/1527 1568/710/1530 1566/708/1528
f 1567/709/1529 1568/710/1530 1565/707/1527
f 1566/708/1528 1568/710/1530 1569/711/1531
f 1569/711/1531 1568/710/1530 1567/709/1529
f 1566/708/1528 1569/711/1531 1570/712/1532
f 1570/712/1532 1569/711/1531 1567/709/1529
f 1567/709/1529 1564/706/1526 1570/712/1532
f 1570/712/1532 1562/704/1524 1566/708/1528
f 1570/712/1532 1564/706/1526 1337/485/1300
f 1562/704/1524 1570/712/1532 1571/713/1533
f 1571/713/1533 1570/712/1532 1337/485/1300
f 1571/713/1533 1572/714/1534 1562/704/1524
f 1562/704/1524 1572/714/1534 1563/705/1525
f 1337/485/1300 1573/715/1535 1571/713/1533
f 1573/715/1535 1337/485/1300 1300/448/1263
f 1572/714/1534 1571/713/1533 1574/716/1536
f 1574/716/1536 1571/713/1533 1573/715/1535
f 1563/705/1525 1572/714/1534 1575/717/1537
f 1574/716/1536 1576/718/1538 1572/714/1534
f 1575/717/1537 1572/714/1534 1576/718/1538
f 1573/715/1535 1577/719/1539 1574/716/1536
f 1563/705/1525 1575/717/1537 1578/720/1540
f 1578/720/1540 1575/717/1537 1576/718/1538
f 1574/716/1536 1579/721/1541 1576/718/1538
f 1579/721/1541 1574/716/1536 1577/719/1539
f 1576/718/1538 1579/721/1541 1580/722/1542
f 1576/718/1538 1580/722/1542 1578/720/1540
f 1581/723/1543 1579/721/1541 1577/719/1539
f 1580/722/1542 1579/721/1541 1581/723/1543
f 1582/724/1544 1581/723/1543 1577/719/1539
f 1580/722/1542 1581/723/1543 1582/724/1544
f 1577/719/1539 1573/715/1535 1582/724/1544
f 1582/724/1544 1578/720/1540 1580/722/1542
f 1300/448/1263 1582/724/1544 1573/715/1535
f 1578/720/1540 1583/725/1545 1563/705/1525
f 1584/726/1546 1563/705/1525 1583/725/1545
f 1585/727/1547 1578/720/1540 1582/724/1544
f 1583/725/1545 1578/720/1540 1585/727/1547
f 1586/728/1548 1582/724/1544 1300/448/1263
f 1300/448/1263 1299/447/1262 1586/728/1548
f 1582/724/1544 1587/729/1549 1585/727/1547
f 1587/729/1549 1582/724/1544 1586/728/1548
f 1585/727/1547 1588/730/1550 1583/725/1545
f 1587/729/1549 1589/731/1551 1585/727/1547
f 1585/727/1547 1589/731/1551 1588/730/1550
f 1589/731/1551 1587/729/1549 1590/732/1552
f 1586/728/1548 1590/732/1552 1587/729/1549
f 1588/730/1550 1589/731/1551 1591/733/1553
f 1591/733/1553 1589/731/1551 1590/732/1552
f 1583/725/1545 1588/730/1550 1591/733/1553
f 1590/732/1552 1586/728/1548 1592/734/1554
f 1592/734/1554 1591/733/1553 1590/732/1552
f 1593/735/1555 1583/725/1545 1591/733/1553
f 1593/735/1555 1591/733/1553 1592/734/1554
f 1583/725/1545 1593/735/1555 1584/726/1546
f 1594/736/1556 1592/734/1554 1586/728/1548
f 1586/728/1548 1299/447/1262 1594/736/1556
f 1595/737/1557 1593/735/1555 1592/734/1554
f 1584/726/1546 1593/735/1555 1595/737/1557
f 1596/738/1558 1594/736/1556 1299/447/1262
f 1299/447/1262 1301/449/1264 1596/738/1558
f 1592/734/1554 1594/736/1556 1597/739/1559
f 1597/739/1559 1594/736/1556 1596/738/1558
f 1597/739/1559 1595/737/1557 1592/734/1554
f 1301/449/1264 1598/740/1560 1596/738/1558
f 1596/738/1558 1598/740/1560 1597/739/1559
f 1599/741/1561 1598/740/1560 1301/449/1264
f 1597/739/1559 1598/740/1560 1599/741/1561
f 1600/742/1562 1599/741/1561 1301/449/1264
f 1599/741/1561 1600/742/1562 1597/739/1559
f 1301/449/1264 1290/438/1253 1600/742/1562
f 1595/737/1557 1597/739/1559 1601/743/1563
f 1600/742/1562 1601/743/1563 1597/739/1559
f 1584/726/1546 1595/737/1557 1602/744/1564
f 1601/743/1563 1602/744/1564 1595/737/1557
f 1602/744/1564 1603/745/1565 1584/726/1546
f 1604/746/1566 1601/743/1563 1600/742/1562
f 1602/744/1564 1605/747/1567 1603/745/1565
f 1606/748/1568 1602/744/1564 1601/743/1563
f 1601/743/1563 1604/746/1566 1606/748/1568
f 1606/748/1568 1605/747/1567 1602/744/1564
f 1600/742/1562 1607/749/1569 1604/746/1566
f 1607/749/1569 1606/748/1568 1604/746/1566
f 1608/750/1570 1607/749/1569 1600/742/1562
f 1608/750/1570 1606/748/1568 1607/749/1569
f 1600/742/1562 1290/438/1253 1609/751/1571
f 1608/750/1570 1600/742/1562 1609/751/1571
f 1256/404/1219 1609/751/1571 1290/438/1253
f 1255/403/1218 1609/751/1571 1256/404/1219
f 1609/751/1571 1610/752/1572 1608/750/1570
f 1610/752/1572 1609/751/1571 1255/403/1218
f 1608/750/1570 1611/753/1573 1606/748/1568
f 1606/748/1568 1611/753/1573 1605/747/1567
f 1608/750/1570 1610/752/1572 1612/754/1574
f 1612/754/1574 1611/753/1573 1608/750/1570
f 1612/754/1574 1610/752/1572 1255/403/1218
f 1613/755/1575 1605/747/1567 1611/753/1573
f 1611/753/1573 1612/754/1574 1613/755/1575
f 1605/747/1567 1613/755/1575 1603/745/1565
f 1614/756/1576 1603/745/1565 1613/755/1575
f 1255/403/1218 1615/757/1577 1612/754/1574
f 1613/755/1575 1612/754/1574 1616/758/1578
f 1616/758/1578 1612/754/1574 1615/757/1577
f 1613/755/1575 1617/759/1579 1614/756/1576
f 1617/759/1579 1613/755/1575 1616/758/1578
f 1618/760/1580 1615/757/1577 1255/403/1218
f 1615/757/1577 1619/761/1581 1616/758/1578
f 1619/761/1581 1615/757/1577 1618/760/1580
f 1619/761/1581 1620/762/1582 1616/758/1578
f 1621/763/1583 1620/762/1582 1619/761/1581
f 1618/760/1580 1621/763/1583 1619/761/1581
f 1616/758/1578 1620/762/1582 1622/764/1584
f 1622/764/1584 1620/762/1582 1621/763/1583
f 1616/758/1578 1622/764/1584 1617/759/1579
f 1622/764/1584 1621/763/1583 1618/760/1580
f 1623/765/1585 1617/759/1579 1622/764/1584
f 1618/760/1580 1623/765/1585 1622/764/1584
f 1614/756/1576 1617/759/1579 1623/765/1585
f 1624/766/1586 1618/760/1580 1255/403/1218
f 1255/403/1218 1233/381/1196 1624/766/1586
f 1623/765/1585 1625/767/1587 1614/756/1576
f 1626/768/1588 1624/766/1586 1233/381/1196
f 1236/384/1199 1626/768/1588 1233/381/1196
f 1625/767/1587 1623/765/1585 1627/769/1589
f 1627/769/1589 1623/765/1585 1618/760/1580
f 1614/756/1576 1625/767/1587 1628/770/1590
f 1628/770/1590 1625/767/1587 1627/769/1589
f 1245/393/1208 1614/756/1576 1628/770/1590
f 1628/770/1590 1244/392/1207 1245/393/1208
f 1618/760/1580 1629/771/1591 1627/769/1589
f 1629/771/1591 1618/760/1580 1624/766/1586
f 1630/772/1592 1244/392/1207 1628/770/1590
f 1244/392/1207 1630/772/1592 1241/389/1204
f 1624/766/1586 1631/773/1593 1629/771/1591
f 1631/773/1593 1624/766/1586 1626/768/1588
f 1632/774/1594 1629/771/1591 1631/773/1593
f 1627/769/1589 1629/771/1591 1632/774/1594
f 1626/768/1588 1633/775/1595 1631/773/1593
f 1633/775/1595 1632/774/1594 1631/773/1593
f 1627/769/1589 1632/774/1594 1634/776/1596
f 1627/769/1589 1634/776/1596 1628/770/1590
f 1634/776/1596 1632/774/1594 1635/777/1597
f 1628/770/1590 1634/776/1596 1635/777/1597
f 1635/777/1597 1632/774/1594 1633/775/1595
f 1628/770/1590 1635/777/1597 1630/772/1592
f 1633/775/1595 1626/768/1588 1636/778/1598
f 1635/777/1597 1633/775/1595 1636/778/1598
f 1636/778/1598 1630/772/1592 1635/777/1597
f 1636/778/1598 1241/389/1204 1630/772/1592
f 1636/778/1598 1626/768/1588 1236/384/1199
f 1238/386/1201 1241/389/1204 1636/778/1598
f 1236/384/1199 1238/386/1201 1636/778/1598
f 1637/361/1599 1638/360/1600 1639/359/1601
f 1639/359/1601 1640/362/1602 1637/361/1599
f 1641/365/1603 1640/362/1602 1639/359/1601
f 1641/365/1603 1639/359/1601 1642/366/1604
f 1643/363/1605 1637/361/1599 1640/362/1602
f 1637/361/1599 1643/363/1605 1644/364/1606
f 1644/364/1606 1643/363/1605 1645/367/1607
f 1646/368/1608 1644/364/1606 1645/367/1607
f 1647/369/1609 1646/368/1608 1645/367/1607
f 1640/362/1602 1648/370/1610 1643/363/1605
f 1645/367/1607 1649/371/1611 1647/369/1609
f 1650/372/1612 1647/369/1609 1649/371/1611
f 1645/367/1607 1643/363/1605 1651/373/1613
f 1643/363/1605 1648/370/1610 1651/373/1613
f 1651/373/1613 1652/374/1614 1645/367/1607
f 1649/371/1611 1645/367/1607 1652/374/1614
f 1651/373/1613 1648/370/1610 1653/375/1615
f 1652/374/1614 1651/373/1613 1653/375/1615
f 1653/375/1615 1648/370/1610 1640/362/1602
f 1652/374/1614 1654/376/1616 1649/371/1611
f 1652/374/1614 1653/375/1615 1655/377/1617
f 1640/362/1602 1655/377/1617 1653/375/1615
f 1655/377/1617 1654/376/1616 1652/374/1614
f 1649/371/1611 1656/378/1618 1650/372/1612
f 1656/378/1618 1649/371/1611 1654/376/1616
f 1657/379/1619 1650/372/1612 1656/378/1618
f 1654/376/1616 1658/380/1620 1656/378/1618
f 1658/380/1620 1654/376/1616 1655/377/1617
f 1656/378/1618 1659/381/1621 1657/379/1619
f 1659/381/1621 1656/378/1618 1658/380/1620
f 1660/382/1622 1657/379/1619 1659/381/1621
f 1640/362/1602 1661/388/1623 1655/377/1617
f 1661/388/1623 1640/362/1602 1641/365/1603
f 1655/377/1617 1662/383/1624 1658/380/1620
f 1655/377/1617 1661/388/1623 1663/385/1625
f 1662/383/1624 1655/377/1617 1663/385/1625
f 1641/365/1603 1664/391/1626 1661/388/1623
f 1661/388/1623 1665/394/1627 1663/385/1625
f 1665/394/1627 1661/388/1623 1664/391/1626
f 1663/385/1625 1666/397/1628 1662/383/1624
f 1666/397/1628 1663/385/1625 1665/394/1627
f 1664/391/1626 1641/365/1603 1667/395/1629
f 1642/366/1604 1667/395/1629 1641/365/1603
f 1668/396/1630 1665/394/1627 1664/391/1626
f 1664/391/1626 1667/395/1629 1668/396/1630
f 1668/396/1630 1669/398/1631 1665/394/1627
f 1665/394/1627 1669/398/1631 1666/397/1628
f 1670/399/1632 1668/396/1630 1667/395/1629
f 1669/398/1631 1668/396/1630 1670/399/1632
f 1667/395/1629 1642/366/1604 1671/407/1633
f 1667/395/1629 1671/407/1633 1670/399/1632
f 1642/366/1604 1672/409/1634 1671/407/1633
f 1672/409/1634 1642/366/1604 1673/410/1635
f 1672/409/1634 1674/408/1636 1671/407/1633
f 1671/407/1633 1674/408/1636 1670/399/1632
f 1673/410/1635 1675/412/1637 1672/409/1634
f 1675/412/1637 1674/408/1636 1672/409/1634
f 1670/399/1632 1676/400/1638 1669/398/1631
f 1666/397/1628 1669/398/1631 1676/400/1638
f 1674/408/1636 1677/405/1639 1670/399/1632
f 1676/400/1638 1678/401/1640 1666/397/1628
f 1666/397/1628 1678/401/1640 1662/383/1624
f 1662/383/1624 1678/401/1640 1658/380/1620
f 1676/400/1638 1670/399/1632 1679/402/1641
f 1678/401/1640 1676/400/1638 1679/402/1641
f 1679/402/1641 1670/399/1632 1677/405/1639
f 1658/380/1620 1678/401/1640 1680/403/1642
f 1680/403/1642 1659/381/1621 1658/380/1620
f 1679/402/1641 1681/404/1643 1678/401/1640
f 1680/403/1642 1678/401/1640 1681/404/1643
f 1677/405/1639 1682/406/1644 1679/402/1641
f 1681/404/1643 1679/402/1641 1682/406/1644
f 1677/405/1639 1674/408/1636 1683/411/1645
f 1683/411/1645 1682/406/1644 1677/405/1639
f 1674/408/1636 1675/412/1637 1683/411/1645
f 1682/406/1644 1683/411/1645 1684/413/1646
f 1684/413/1646 1683/411/1645 1675/412/1637
f 1685/422/1647 1681/404/1643 1682/406/1644
f 1675/412/1637 1686/414/1648 1684/413/1646
f 1675/412/1637 1673/410/1635 1686/414/1648
f 1684/413/1646 1687/421/1649 1682/406/1644
f 1682/406/1644 1687/421/1649 1685/422/1647
f 1686/414/1648 1688/416/1650 1684/413/1646
f 1687/421/1649 1684/413/1646 1689/420/1651
f 1688/416/1650 1689/420/1651 1684/413/1646
f 1689/420/1651 1690/423/1652 1687/421/1649
f 1690/423/1652 1685/422/1647 1687/421/1649
f 1691/419/1653 1689/420/1651 1688/416/1650
f 1691/419/1653 1688/416/1650 1686/414/1648
f 1690/423/1652 1689/420/1651 1692/424/1654
f 1691/419/1653 1692/424/1654 1689/420/1651
f 1692/424/1654 1693/425/1655 1690/423/1652
f 1685/422/1647 1690/423/1652 1693/425/1655
f 1694/426/1656 1692/424/1654 1691/419/1653
f 1693/425/1655 1692/424/1654 1694/426/1656
f 1686/414/1648 1695/415/1657 1691/419/1653
f 1686/414/1648 1673/410/1635 1695/415/1657
f 1691/419/1653 1696/427/1658 1694/426/1656
f 1691/419/1653 1695/415/1657 1696/427/1658
f 1697/417/1659 1695/415/1657 1673/410/1635
f 1673/410/1635 1698/418/1660 1697/417/1659
f 1695/415/1657 1697/417/1659 1699/429/1661
f 1699/429/1661 1696/427/1658 1695/415/1657
f 1697/417/1659 1698/418/1660 1700/432/1662
f 1699/429/1661 1697/417/1659 1700/432/1662
f 1698/418/1660 1701/441/1663 1700/432/1662
f 1701/441/1663 1698/418/1660 1702/442/1664
f 1699/429/1661 1700/432/1662 1703/439/1665
f 1703/439/1665 1700/432/1662 1701/441/1663
f 1696/427/1658 1699/429/1661 1704/431/1666
f 1703/439/1665 1705/435/1667 1699/429/1661
f 1696/427/1658 1704/431/1666 1706/430/1668
f 1706/430/1668 1694/426/1656 1696/427/1658
f 1704/431/1666 1699/429/1661 1707/433/1669
f 1704/431/1666 1707/433/1669 1706/430/1668
f 1707/433/1669 1699/429/1661 1705/435/1667
f 1706/430/1668 1708/428/1670 1694/426/1656
f 1694/426/1656 1708/428/1670 1693/425/1655
f 1709/434/1671 1708/428/1670 1706/430/1668
f 1708/428/1670 1709/434/1671 1693/425/1655
f 1706/430/1668 1707/433/1669 1709/434/1671
f 1710/437/1672 1707/433/1669 1705/435/1667
f 1707/433/1669 1710/437/1672 1709/434/1671
f 1703/439/1665 1711/440/1673 1705/435/1667
f 1705/435/1667 1711/440/1673 1710/437/1672
f 1711/440/1673 1703/439/1665 1701/441/1663
f 1712/443/1674 1710/437/1672 1711/440/1673
f 1709/434/1671 1710/437/1672 1712/443/1674
f 1701/441/1663 1713/444/1675 1711/440/1673
f 1711/440/1673 1713/444/1675 1712/443/1674
f 1714/436/1676 1693/425/1655 1709/434/1671
f 1693/425/1655 1714/436/1676 1685/422/1647
f 1712/443/1674 1715/445/1677 1709/434/1671
f 1709/434/1671 1715/445/1677 1714/436/1676
f 1716/438/1678 1685/422/1647 1714/436/1676
f 1685/422/1647 1716/438/1678 1681/404/1643
f 1717/447/1679 1714/436/1676 1715/445/1677
f 1714/436/1676 1717/447/1679 1716/438/1678
f 1718/448/1680 1715/445/1677 1712/443/1674
f 1715/445/1677 1718/448/1680 1717/447/1679
f 1681/404/1643 1716/438/1678 1719/751/1681
f 1681/404/1643 1719/751/1681 1680/403/1642
f 1716/438/1678 1717/447/1679 1720/449/1682
f 1721/742/1683 1719/751/1681 1716/438/1678
f 1721/742/1683 1716/438/1678 1720/449/1682
f 1722/752/1684 1680/403/1642 1719/751/1681
f 1723/750/1685 1722/752/1684 1719/751/1681
f 1719/751/1681 1721/742/1683 1723/750/1685
f 1680/403/1642 1722/752/1684 1724/754/1686
f 1724/754/1686 1722/752/1684 1723/750/1685
f 1724/754/1686 1725/757/1687 1680/403/1642
f 1723/750/1685 1721/742/1683 1726/749/1688
f 1723/750/1685 1727/753/1689 1724/754/1686
f 1723/750/1685 1726/749/1688 1728/748/1690
f 1723/750/1685 1728/748/1690 1727/753/1689
f 1729/746/1691 1726/749/1688 1721/742/1683
f 1726/749/1688 1729/746/1691 1728/748/1690
f 1721/742/1683 1730/743/1692 1729/746/1691
f 1728/748/1690 1729/746/1691 1730/743/1692
f 1728/748/1690 1731/747/1693 1727/753/1689
f 1730/743/1692 1732/744/1694 1728/748/1690
f 1728/748/1690 1732/744/1694 1731/747/1693
f 1727/753/1689 1731/747/1693 1733/755/1695
f 1733/755/1695 1724/754/1686 1727/753/1689
f 1732/744/1694 1734/745/1696 1731/747/1693
f 1731/747/1693 1734/745/1696 1733/755/1695
f 1735/726/1697 1734/745/1696 1732/744/1694
f 1733/755/1695 1734/745/1696 1736/756/1698
f 1732/744/1694 1737/737/1699 1735/726/1697
f 1737/737/1699 1732/744/1694 1730/743/1692
f 1733/755/1695 1738/758/1700 1724/754/1686
f 1725/757/1687 1724/754/1686 1738/758/1700
f 1738/758/1700 1733/755/1695 1739/759/1701
f 1736/756/1698 1739/759/1701 1733/755/1695
f 1738/758/1700 1740/761/1702 1725/757/1687
f 1736/756/1698 1741/765/1703 1739/759/1701
f 1739/759/1701 1742/764/1704 1738/758/1700
f 1741/765/1703 1742/764/1704 1739/759/1701
f 1740/761/1702 1738/758/1700 1743/762/1705
f 1738/758/1700 1742/764/1704 1743/762/1705
f 1744/763/1706 1740/761/1702 1743/762/1705
f 1742/764/1704 1744/763/1706 1743/762/1705
f 1745/760/1707 1725/757/1687 1740/761/1702
f 1740/761/1702 1744/763/1706 1745/760/1707
f 1745/760/1707 1744/763/1706 1742/764/1704
f 1742/764/1704 1741/765/1703 1745/760/1707
f 1745/760/1707 1680/403/1642 1725/757/1687
f 1741/765/1703 1736/756/1698 1746/767/1708
f 1680/403/1642 1745/760/1707 1747/766/1709
f 1747/766/1709 1659/381/1621 1680/403/1642
f 1745/760/1707 1741/765/1703 1748/769/1710
f 1746/767/1708 1748/769/1710 1741/765/1703
f 1747/766/1709 1745/760/1707 1749/771/1711
f 1748/769/1710 1749/771/1711 1745/760/1707
f 1736/756/1698 1750/770/1712 1746/767/1708
f 1748/769/1710 1746/767/1708 1750/770/1712
f 1750/770/1712 1736/756/1698 1751/393/1713
f 1748/769/1710 1752/774/1714 1749/771/1711
f 1751/393/1713 1753/392/1715 1750/770/1712
f 1753/392/1715 1751/393/1713 1754/390/1716
f 1750/770/1712 1755/776/1717 1748/769/1710
f 1748/769/1710 1755/776/1717 1752/774/1714
f 1756/389/1718 1753/392/1715 1754/390/1716
f 1756/389/1718 1754/390/1716 1757/387/1719
f 1750/770/1712 1753/392/1715 1758/772/1720
f 1753/392/1715 1756/389/1718 1758/772/1720
f 1750/770/1712 1759/777/1721 1755/776/1717
f 1758/772/1720 1759/777/1721 1750/770/1712
f 1755/776/1717 1759/777/1721 1752/774/1714
f 1760/778/1722 1758/772/1720 1756/389/1718
f 1759/777/1721 1758/772/1720 1760/778/1722
f 1761/386/1723 1756/389/1718 1757/387/1719
f 1761/386/1723 1760/778/1722 1756/389/1718
f 1761/386/1723 1757/387/1719 1660/382/1622
f 1660/382/1622 1762/384/1724 1761/386/1723
f 1760/778/1722 1761/386/1723 1762/384/1724
f 1659/381/1621 1762/384/1724 1660/382/1622
f 1760/778/1722 1763/775/1725 1759/777/1721
f 1759/777/1721 1763/775/1725 1752/774/1714
f 1762/384/1724 1764/768/1726 1760/778/1722
f 1762/384/1724 1659/381/1621 1764/768/1726
f 1763/775/1725 1760/778/1722 1764/768/1726
f 1764/768/1726 1659/381/1621 1747/766/1709
f 1763/775/1725 1765/773/1727 1752/774/1714
f 1765/773/1727 1763/775/1725 1764/768/1726
f 1764/768/1726 1747/766/1709 1765/773/1727
f 1752/774/1714 1765/773/1727 1749/771/1711
f 1749/771/1711 1765/773/1727 1747/766/1709
f 1766/779/1728 1767/780/1729 1768/781/1730
f 1768/781/1730 1769/782/1731 1766/779/1728
f 1766/779/1728 1769/782/1731 1770/783/1732
f 1770/783/1732 1771/784/1733 1766/779/1728
f 1772/785/1734 1769/782/1731 1768/781/1730
f 1770/783/1732 1769/782/1731 1772/785/1734
f 1768/781/1730 1773/786/1735 1772/785/1734
f 1772/785/1734 1773/786/1735 1774/787/1736
f 1771/784/1733 1770/783/1732 1775/788/1737
f 1775/788/1737 1776/789/1738 1771/784/1733
f 1777/790/1739 1776/789/1738 1775/788/1737
f 1772/785/1734 1778/791/1740 1770/783/1732
f 1775/788/1737 1770/783/1732 1778/791/1740
f 1774/787/1736 1779/792/1741 1772/785/1734
f 1779/792/1741 1774/787/1736 1780/793/1742
f 1781/794/1743 1778/791/1740 1772/785/1734
f 1772/785/1734 1779/792/1741 1781/794/1743
f 1778/791/1740 1782/795/1744 1775/788/1737
f 1782/795/1744 1778/791/1740 1781/794/1743
f 1775/788/1737 1783/796/1745 1777/790/1739
f 1783/796/1745 1775/788/1737 1782/795/1744
f 1784/797/1746 1777/790/1739 1783/796/1745
f 1780/793/1742 1785/798/1747 1779/792/1741
f 1781/794/1743 1779/792/1741 1785/798/1747
f 1785/798/1747 1780/793/1742 1786/799/1748
f 1783/796/1745 1787/800/1749 1784/797/1746
f 1786/799/1748 1788/801/1750 1785/798/1747
f 1784/797/1746 1787/800/1749 1789/802/1751
f 1789/802/1751 1790/803/1752 1784/797/1746
f 1791/804/1753 1790/803/1752 1789/802/1751
f 1792/805/1754 1787/800/1749 1783/796/1745
f 1789/802/1751 1787/800/1749 1792/805/1754
f 1783/796/1745 1793/806/1755 1792/805/1754
f 1782/795/1744 1793/806/1755 1783/796/1745
f 1792/805/1754 1794/807/1756 1789/802/1751
f 1794/807/1756 1791/804/1753 1789/802/1751
f 1793/806/1755 1782/795/1744 1795/808/1757
f 1781/794/1743 1795/808/1757 1782/795/1744
f 1792/805/1754 1793/806/1755 1796/809/1758
f 1795/808/1757 1796/809/1758 1793/806/1755
f 1792/805/1754 1797/810/1759 1794/807/1756
f 1796/809/1758 1797/810/1759 1792/805/1754
f 1795/808/1757 1781/794/1743 1798/811/1760
f 1785/798/1747 1798/811/1760 1781/794/1743
f 1796/809/1758 1795/808/1757 1799/812/1761
f 1798/811/1760 1799/812/1761 1795/808/1757
f 1797/810/1759 1796/809/1758 1800/813/1762
f 1799/812/1761 1800/813/1762 1796/809/1758
f 1801/814/1763 1798/811/1760 1785/798/1747
f 1785/798/1747 1788/801/1750 1801/814/1763
f 1802/815/1764 1799/812/1761 1798/811/1760
f 1798/811/1760 1801/814/1763 1802/815/1764
f 1800/813/1762 1799/812/1761 1802/815/1764
f 1801/814/1763 1788/801/1750 1803/816/1765
f 1803/816/1765 1788/801/1750 1786/799/1748
f 1786/799/1748 1804/817/1766 1803/816/1765
f 1803/816/1765 1804/817/1766 1805/818/1767
f 1802/815/1764 1801/814/1763 1806/819/1768
f 1803/816/1765 1806/819/1768 1801/814/1763
f 1805/818/1767 1807/820/1769 1803/816/1765
f 1808/821/1770 1806/819/1768 1803/816/1765
f 1803/816/1765 1807/820/1769 1808/821/1770
f 1809/822/1771 1807/820/1769 1805/818/1767
f 1808/821/1770 1807/820/1769 1809/822/1771
f 1805/818/1767 1810/823/1772 1809/822/1771
f 1809/822/1771 1810/823/1772 1811/824/1773
f 1811/824/1773 1812/825/1774 1809/822/1771
f 1812/825/1774 1811/824/1773 1813/826/1775
f 1813/826/1775 1814/827/1776 1812/825/1774
f 1815/828/1777 1812/825/1774 1814/827/1776
f 1809/822/1771 1812/825/1774 1815/828/1777
f 1814/827/1776 1816/829/1778 1815/828/1777
f 1815/828/1777 1816/829/1778 1817/830/1779
f 1815/828/1777 1818/831/1780 1809/822/1771
f 1809/822/1771 1818/831/1780 1808/821/1770
f 1817/830/1779 1819/832/1781 1815/828/1777
f 1818/831/1780 1815/828/1777 1819/832/1781
f 1819/832/1781 1817/830/1779 1820/833/1782
f 1808/821/1770 1818/831/1780 1821/834/1783
f 1819/832/1781 1821/834/1783 1818/831/1780
f 1820/833/1782 1822/835/1784 1819/832/1781
f 1821/834/1783 1819/832/1781 1822/835/1784
f 1822/835/1784 1820/833/1782 1823/836/1785
f 1821/834/1783 1824/837/1786 1808/821/1770
f 1806/819/1768 1808/821/1770 1824/837/1786
f 1822/835/1784 1825/838/1787 1821/834/1783
f 1824/837/1786 1821/834/1783 1825/838/1787
f 1823/836/1785 1826/839/1788 1822/835/1784
f 1826/839/1788 1823/836/1785 1827/840/1789
f 1828/841/1790 1825/838/1787 1822/835/1784
f 1822/835/1784 1826/839/1788 1828/841/1790
f 1827/840/1789 1829/842/1791 1826/839/1788
f 1828/841/1790 1826/839/1788 1829/842/1791
f 1829/842/1791 1827/840/1789 1791/804/1753
f 1830/843/1792 1825/838/1787 1828/841/1790
f 1825/838/1787 1830/843/1792 1824/837/1786
f 1829/842/1791 1831/844/1793 1828/841/1790
f 1829/842/1791 1791/804/1753 1831/844/1793
f 1828/841/1790 1832/845/1794 1830/843/1792
f 1831/844/1793 1832/845/1794 1828/841/1790
f 1791/804/1753 1833/846/1795 1831/844/1793
f 1794/807/1756 1833/846/1795 1791/804/1753
f 1834/847/1796 1832/845/1794 1831/844/1793
f 1831/844/1793 1833/846/1795 1834/847/1796
f 1830/843/1792 1832/845/1794 1834/847/1796
f 1835/848/1797 1833/846/1795 1794/807/1756
f 1794/807/1756 1797/810/1759 1835/848/1797
f 1800/813/1762 1835/848/1797 1797/810/1759
f 1835/848/1797 1836/849/1798 1833/846/1795
f 1836/849/1798 1835/848/1797 1800/813/1762
f 1833/846/1795 1836/849/1798 1834/847/1796
f 1800/813/1762 1837/850/1799 1836/849/1798
f 1834/847/1796 1836/849/1798 1837/850/1799
f 1802/815/1764 1837/850/1799 1800/813/1762
f 1837/850/1799 1838/851/1800 1834/847/1796
f 1834/847/1796 1838/851/1800 1830/843/1792
f 1837/850/1799 1802/815/1764 1839/852/1801
f 1839/852/1801 1838/851/1800 1837/850/1799
f 1830/843/1792 1838/851/1800 1839/852/1801
f 1806/819/1768 1839/852/1801 1802/815/1764
f 1839/852/1801 1824/837/1786 1830/843/1792
f 1824/837/1786 1839/852/1801 1806/819/1768
f 1840/781/1802 1841/780/1803 1842/779/1804
f 1842/779/1804 1843/782/1805 1840/781/1802
f 1844/783/1806 1843/782/1805 1842/779/1804
f 1842/779/1804 1845/784/1807 1844/783/1806
f 1844/783/1806 1845/784/1807 1846/789/1808
f 1840/781/1802 1843/782/1805 1847/785/1809
f 1847/785/1809 1843/782/1805 1844/783/1806
f 1847/785/1809 1848/786/1810 1840/781/1802
f 1849/787/1811 1848/786/1810 1847/785/1809
f 1846/789/1808 1850/788/1812 1844/783/1806
f 1850/788/1812 1846/789/1808 1851/790/1813
f 1844/783/1806 1852/791/1814 1847/785/1809
f 1852/791/1814 1844/783/1806 1850/788/1812
f 1847/785/1809 1853/792/1815 1849/787/1811
f 1854/793/1816 1849/787/1811 1853/792/1815
f 1847/785/1809 1852/791/1814 1855/794/1817
f 1855/794/1817 1853/792/1815 1847/785/1809
f 1853/792/1815 1856/798/1818 1854/793/1816
f 1856/798/1818 1853/792/1815 1855/794/1817
f 1857/799/1819 1854/793/1816 1856/798/1818
f 1855/794/1817 1852/791/1814 1858/795/1820
f 1850/788/1812 1858/795/1820 1852/791/1814
f 1856/798/1818 1859/801/1821 1857/799/1819
f 1858/795/1820 1850/788/1812 1860/796/1822
f 1851/790/1813 1860/796/1822 1850/788/1812
f 1860/796/1822 1851/790/1813 1861/797/1823
f 1857/799/1819 1859/801/1821 1862/816/1824
f 1862/816/1824 1863/817/1825 1857/799/1819
f 1864/818/1826 1863/817/1825 1862/816/1824
f 1865/814/1827 1859/801/1821 1856/798/1818
f 1862/816/1824 1859/801/1821 1865/814/1827
f 1855/794/1817 1866/811/1828 1856/798/1818
f 1856/798/1818 1866/811/1828 1865/814/1827
f 1866/811/1828 1855/794/1817 1867/808/1829
f 1858/795/1820 1867/808/1829 1855/794/1817
f 1865/814/1827 1866/811/1828 1868/812/1830
f 1867/808/1829 1868/812/1830 1866/811/1828
f 1867/808/1829 1858/795/1820 1869/806/1831
f 1860/796/1822 1869/806/1831 1858/795/1820
f 1868/812/1830 1867/808/1829 1870/809/1832
f 1869/806/1831 1870/809/1832 1867/808/1829
f 1871/805/1833 1869/806/1831 1860/796/1822
f 1870/809/1832 1869/806/1831 1871/805/1833
f 1860/796/1822 1872/800/1834 1871/805/1833
f 1861/797/1823 1872/800/1834 1860/796/1822
f 1873/802/1835 1872/800/1834 1861/797/1823
f 1873/802/1835 1871/805/1833 1872/800/1834
f 1861/797/1823 1874/803/1836 1873/802/1835
f 1875/804/1837 1873/802/1835 1874/803/1836
f 1871/805/1833 1873/802/1835 1876/807/1838
f 1876/807/1838 1873/802/1835 1875/804/1837
f 1871/805/1833 1877/810/1839 1870/809/1832
f 1871/805/1833 1876/807/1838 1877/810/1839
f 1878/813/1840 1870/809/1832 1877/810/1839
f 1870/809/1832 1878/813/1840 1868/812/1830
f 1876/807/1838 1879/848/1841 1877/810/1839
f 1877/810/1839 1879/848/1841 1878/813/1840
f 1879/848/1841 1876/807/1838 1880/846/1842
f 1876/807/1838 1875/804/1837 1880/846/1842
f 1878/813/1840 1879/848/1841 1881/849/1843
f 1879/848/1841 1880/846/1842 1881/849/1843
f 1882/815/1844 1868/812/1830 1878/813/1840
f 1868/812/1830 1882/815/1844 1865/814/1827
f 1881/849/1843 1883/850/1845 1878/813/1840
f 1878/813/1840 1883/850/1845 1882/815/1844
f 1880/846/1842 1884/847/1846 1881/849/1843
f 1883/850/1845 1881/849/1843 1884/847/1846
f 1885/819/1847 1865/814/1827 1882/815/1844
f 1865/814/1827 1885/819/1847 1862/816/1824
f 1886/852/1848 1882/815/1844 1883/850/1845
f 1882/815/1844 1886/852/1848 1885/819/1847
f 1883/850/1845 1887/851/1849 1886/852/1848
f 1884/847/1846 1887/851/1849 1883/850/1845
f 1886/852/1848 1887/851/1849 1888/843/1850
f 1888/843/1850 1887/851/1849 1884/847/1846
f 1885/819/1847 1886/852/1848 1889/837/1851
f 1888/843/1850 1889/837/1851 1886/852/1848
f 1862/816/1824 1885/819/1847 1890/821/1852
f 1889/837/1851 1890/821/1852 1885/819/1847
f 1890/821/1852 1891/820/1853 1862/816/1824
f 1862/816/1824 1891/820/1853 1864/818/1826
f 1864/818/1826 1891/820/1853 1892/822/1854
f 1892/822/1854 1891/820/1853 1890/821/1852
f 1892/822/1854 1893/823/1855 1864/818/1826
f 1894/824/1856 1893/823/1855 1892/822/1854
f 1890/821/1852 1889/837/1851 1895/834/1857
f 1892/822/1854 1896/825/1858 1894/824/1856
f 1897/826/1859 1894/824/1856 1896/825/1858
f 1896/825/1858 1898/827/1860 1897/826/1859
f 1890/821/1852 1899/831/1861 1892/822/1854
f 1895/834/1857 1899/831/1861 1890/821/1852
f 1900/828/1862 1896/825/1858 1892/822/1854
f 1898/827/1860 1896/825/1858 1900/828/1862
f 1892/822/1854 1899/831/1861 1900/828/1862
f 1900/828/1862 1901/829/1863 1898/827/1860
f 1902/832/1864 1900/828/1862 1899/831/1861
f 1901/829/1863 1900/828/1862 1902/832/1864
f 1899/831/1861 1895/834/1857 1902/832/1864
f 1902/832/1864 1903/830/1865 1901/829/1863
f 1904/833/1866 1903/830/1865 1902/832/1864
f 1902/832/1864 1905/835/1867 1904/833/1866
f 1905/835/1867 1902/832/1864 1895/834/1857
f 1906/836/1868 1904/833/1866 1905/835/1867
f 1907/838/1869 1895/834/1857 1889/837/1851
f 1895/834/1857 1907/838/1869 1905/835/1867
f 1889/837/1851 1888/843/1850 1907/838/1869
f 1905/835/1867 1908/839/1870 1906/836/1868
f 1909/840/1871 1906/836/1868 1908/839/1870
f 1905/835/1867 1907/838/1869 1910/841/1872
f 1910/841/1872 1908/839/1870 1905/835/1867
f 1910/841/1872 1907/838/1869 1888/843/1850
f 1908/839/1870 1911/842/1873 1909/840/1871
f 1910/841/1872 1911/842/1873 1908/839/1870
f 1911/842/1873 1875/804/1837 1909/840/1871
f 1888/843/1850 1912/845/1874 1910/841/1872
f 1884/847/1846 1912/845/1874 1888/843/1850
f 1911/842/1873 1910/841/1872 1913/844/1875
f 1913/844/1875 1910/841/1872 1912/845/1874
f 1911/842/1873 1913/844/1875 1875/804/1837
f 1884/847/1846 1913/844/1875 1912/845/1874
f 1875/804/1837 1913/844/1875 1880/846/1842
f 1913/844/1875 1884/847/1846 1880/846/1842
f 1914/853/1876 1915/854/1877 1916/855/1878
f 1917/856/1879 1914/853/1876 1916/855/1878
f 1916/855/1878 1915/854/1877 1918/857/1880
f 1917/856/1879 1916/855/1878 1919/858/1881
f 1919/858/1881 1916/855/1878 1918/857/1880
f 1918/857/1880 1920/859/1882 1919/858/1881
f 1920/859/1882 1918/857/1880 1921/860/1883
f 1917/856/1879 1919/858/1881 1922/861/1884
f 1922/861/1884 1923/862/1885 1917/856/1879
f 1924/863/1886 1919/858/1881 1920/859/1882
f 1919/858/1881 1924/863/1886 1922/861/1884
f 1921/860/1883 1925/864/1887 1920/859/1882
f 1925/864/1887 1924/863/1886 1920/859/1882
f 1921/860/1883 1926/865/1888 1925/864/1887
f 1927/866/1889 1925/864/1887 1926/865/1888
f 1927/866/1889 1928/867/1890 1925/864/1887
f 1925/864/1887 1928/867/1890 1924/863/1886
f 1928/867/1890 1927/866/1889 1929/868/1891
f 1924/863/1886 1928/867/1890 1930/869/1892
f 1930/869/1892 1928/867/1890 1929/868/1891
f 1930/869/1892 1922/861/1884 1924/863/1886
f 1929/868/1891 1931/870/1893 1930/869/1892
f 1931/870/1893 1929/868/1891 1932/871/1894
f 1933/872/1895 1931/870/1893 1932/871/1894
f 1934/873/1896 1931/870/1893 1933/872/1895
f 1934/873/1896 1930/869/1892 1931/870/1893
f 1922/861/1884 1930/869/1892 1934/873/1896
f 1934/873/1896 1935/874/1897 1922/861/1884
f 1922/861/1884 1935/874/1897 1936/875/1898
f 1937/876/1899 1923/862/1885 1922/861/1884
f 1936/875/1898 1938/877/1900 1922/861/1884
f 1922/861/1884 1938/877/1900 1937/876/1899
f 1938/877/1900 1936/875/1898 1939/878/1901
f 1940/879/1902 1939/878/1901 1936/875/1898
f 1936/875/1898 1941/880/1903 1940/879/1902
f 1940/879/1902 1941/880/1903 1942/881/1904
f 1943/882/1905 1939/878/1901 1940/879/1902
f 1940/879/1902 1944/883/1906 1943/882/1905
f 1939/878/1901 1943/882/1905 1945/884/1907
f 1939/878/1901 1945/884/1907 1938/877/1900
f 1945/884/1907 1943/882/1905 1946/885/1908
f 1944/883/1906 1940/879/1902 1947/886/1909
f 1942/881/1904 1947/886/1909 1940/879/1902
f 1947/886/1909 1948/887/1910 1944/883/1906
f 1949/888/1911 1947/886/1909 1942/881/1904
f 1947/886/1909 1949/888/1911 1948/887/1910
f 1942/881/1904 1950/889/1912 1949/888/1911
f 1949/888/1911 1950/889/1912 1951/890/1913
f 1948/887/1910 1949/888/1911 1952/891/1914
f 1951/890/1913 1952/891/1914 1949/888/1911
f 1952/891/1914 1953/892/1915 1948/887/1910
f 1952/891/1914 1951/890/1913 1954/893/1916
f 1953/892/1915 1952/891/1914 1955/894/1917
f 1954/893/1916 1955/894/1917 1952/891/1914
f 1955/894/1917 1956/895/1918 1953/892/1915
f 1955/894/1917 1954/893/1916 1956/895/1918
f 1945/884/1907 1946/885/1908 1957/896/1919
f 1957/896/1919 1938/877/1900 1945/884/1907
f 1957/896/1919 1946/885/1908 1958/897/1920
f 1957/896/1919 1959/898/1921 1938/877/1900
f 1958/897/1920 1960/899/1922 1957/896/1919
f 1960/899/1922 1958/897/1920 1961/900/1923
f 1959/898/1921 1957/896/1919 1962/901/1924
f 1963/902/1925 1962/901/1924 1957/896/1919
f 1957/896/1919 1960/899/1922 1963/902/1925
f 1959/898/1921 1962/901/1924 1964/903/1926
f 1965/904/1927 1963/902/1925 1960/899/1922
f 1938/877/1900 1959/898/1921 1966/905/1928
f 1966/905/1928 1959/898/1921 1964/903/1926
f 1966/905/1928 1937/876/1899 1938/877/1900
f 1960/899/1922 1967/906/1929 1965/904/1927
f 1961/900/1923 1967/906/1929 1960/899/1922
f 1968/907/1930 1965/904/1927 1967/906/1929
f 1967/906/1929 1961/900/1923 1969/908/1931
f 1967/906/1929 1970/909/1932 1968/907/1930
f 1969/908/1931 1970/909/1932 1967/906/1929
f 1971/910/1933 1968/907/1930 1970/909/1932
f 1970/909/1932 1969/908/1931 1972/911/1934
f 1970/909/1932 1973/912/1935 1971/910/1933
f 1972/911/1934 1973/912/1935 1970/909/1932
f 1937/876/1899 1966/905/1928 1974/913/1936
f 1974/913/1936 1966/905/1928 1964/903/1926
f 1974/913/1936 1975/914/1937 1937/876/1899
f 1964/903/1926 1976/915/1938 1974/913/1936
f 1977/916/1939 1975/914/1937 1974/913/1936
f 1978/917/1940 1974/913/1936 1976/915/1938
f 1974/913/1936 1978/917/1940 1977/916/1939
f 1976/915/1938 1979/918/1941 1978/917/1940
f 1977/916/1939 1978/917/1940 1980/919/1942
f 1978/917/1940 1979/918/1941 1980/919/1942
f 1980/919/1942 1981/920/1943 1977/916/1939
f 1982/921/1944 1981/920/1943 1980/919/1942
f 1983/922/1945 1980/919/1942 1979/918/1941
f 1980/919/1942 1983/922/1945 1982/921/1944
f 1979/918/1941 1984/923/1946 1983/922/1945
f 1985/924/1947 1982/921/1944 1983/922/1945
f 1986/925/1948 1983/922/1945 1984/923/1946
f 1983/922/1945 1986/925/1948 1985/924/1947
f 1984/923/1946 1987/926/1949 1986/925/1948
f 1986/925/1948 1987/926/1949 1985/924/1947
f 1988/853/1950 1989/855/1951 1990/854/1952
f 1991/856/1953 1989/855/1951 1988/853/1950
f 1989/855/1951 1992/857/1954 1990/854/1952
f 1991/856/1953 1993/858/1955 1989/855/1951
f 1992/857/1954 1989/855/1951 1993/858/1955
f 1993/858/1955 1994/859/1956 1992/857/1954
f 1994/859/1956 1995/860/1957 1992/857/1954
f 1996/861/1958 1993/858/1955 1991/856/1953
f 1991/856/1953 1997/862/1959 1996/861/1958
f 1998/863/1960 1994/859/1956 1993/858/1955
f 1993/858/1955 1996/861/1958 1998/863/1960
f 1995/860/1957 1994/859/1956 1999/864/1961
f 1999/864/1961 1994/859/1956 1998/863/1960
f 1995/860/1957 1999/864/1961 2000/865/1962
f 2001/866/1963 2000/865/1962 1999/864/1961
f 2001/866/1963 1999/864/1961 2002/867/1964
f 1999/864/1961 1998/863/1960 2002/867/1964
f 2002/867/1964 2003/868/1965 2001/866/1963
f 1998/863/1960 2004/869/1966 2002/867/1964
f 2003/868/1965 2002/867/1964 2004/869/1966
f 2004/869/1966 1998/863/1960 1996/861/1958
f 2004/869/1966 2005/870/1967 2003/868/1965
f 2005/870/1967 2006/871/1968 2003/868/1965
f 2007/872/1969 2006/871/1968 2005/870/1967
f 2008/873/1970 2007/872/1969 2005/870/1967
f 2008/873/1970 2005/870/1967 2004/869/1966
f 2008/873/1970 2004/869/1966 1996/861/1958
f 1996/861/1958 2009/874/1971 2008/873/1970
f 2010/875/1972 2009/874/1971 1996/861/1958
f 1996/861/1958 1997/862/1959 2011/876/1973
f 1996/861/1958 2012/877/1974 2010/875/1972
f 2011/876/1973 2012/877/1974 1996/861/1958
f 2013/878/1975 2010/875/1972 2012/877/1974
f 2012/877/1974 2011/876/1973 2014/905/1976
f 2010/875/1972 2013/878/1975 2015/879/1977
f 2015/879/1977 2016/880/1978 2010/875/1972
f 2017/881/1979 2016/880/1978 2015/879/1977
f 2012/877/1974 2018/884/1980 2013/878/1975
f 2015/879/1977 2013/878/1975 2019/882/1981
f 2013/878/1975 2018/884/1980 2019/882/1981
f 2019/882/1981 2020/883/1982 2015/879/1977
f 2018/884/1980 2021/885/1983 2019/882/1981
f 2022/886/1984 2015/879/1977 2020/883/1982
f 2015/879/1977 2022/886/1984 2017/881/1979
f 2020/883/1982 2023/887/1985 2022/886/1984
f 2017/881/1979 2022/886/1984 2024/888/1986
f 2022/886/1984 2023/887/1985 2024/888/1986
f 2024/888/1986 2025/889/1987 2017/881/1979
f 2026/890/1988 2025/889/1987 2024/888/1986
f 2027/891/1989 2024/888/1986 2023/887/1985
f 2024/888/1986 2027/891/1989 2026/890/1988
f 2023/887/1985 2028/892/1990 2027/891/1989
f 2029/893/1991 2026/890/1988 2027/891/1989
f 2030/894/1992 2027/891/1989 2028/892/1990
f 2027/891/1989 2030/894/1992 2029/893/1991
f 2028/892/1990 2031/895/1993 2030/894/1992
f 2030/894/1992 2031/895/1993 2029/893/1991
f 2018/884/1980 2032/896/1994 2021/885/1983
f 2032/896/1994 2018/884/1980 2012/877/1974
f 2033/897/1995 2021/885/1983 2032/896/1994
f 2032/896/1994 2012/877/1974 2034/898/1996
f 2014/905/1976 2034/898/1996 2012/877/1974
f 2032/896/1994 2035/899/1997 2033/897/1995
f 2036/900/1998 2033/897/1995 2035/899/1997
f 2034/898/1996 2037/901/1999 2032/896/1994
f 2032/896/1994 2037/901/1999 2038/902/2000
f 2038/902/2000 2035/899/1997 2032/896/1994
f 2034/898/1996 2039/903/2001 2037/901/1999
f 2014/905/1976 2039/903/2001 2034/898/1996
f 2035/899/1997 2038/902/2000 2040/904/2002
f 2039/903/2001 2014/905/1976 2041/913/2003
f 2041/913/2003 2014/905/1976 2011/876/1973
f 2011/876/1973 2042/914/2004 2041/913/2003
f 2041/913/2003 2043/915/2005 2039/903/2001
f 2041/913/2003 2042/914/2004 2044/916/2006
f 2043/915/2005 2041/913/2003 2045/917/2007
f 2044/916/2006 2045/917/2007 2041/913/2003
f 2045/917/2007 2046/918/2008 2043/915/2005
f 2047/919/2009 2045/917/2007 2044/916/2006
f 2045/917/2007 2047/919/2009 2046/918/2008
f 2044/916/2006 2048/920/2010 2047/919/2009
f 2047/919/2009 2048/920/2010 2049/921/2011
f 2046/918/2008 2047/919/2009 2050/922/2012
f 2049/921/2011 2050/922/2012 2047/919/2009
f 2050/922/2012 2051/923/2013 2046/918/2008
f 2050/922/2012 2049/921/2011 2052/924/2014
f 2051/923/2013 2050/922/2012 2053/925/2015
f 2052/924/2014 2053/925/2015 2050/922/2012
f 2053/925/2015 2054/926/2016 2051/923/2013
f 2053/925/2015 2052/924/2014 2054/926/2016
f 2040/904/2002 2055/906/2017 2035/899/1997
f 2035/899/1997 2055/906/2017 2036/900/1998
f 2055/906/2017 2040/904/2002 2056/907/2018
f 2057/908/2019 2036/900/1998 2055/906/2017
f 2056/907/2018 2058/909/2020 2055/906/2017
f 2055/906/2017 2058/909/2020 2057/908/2019
f 2058/909/2020 2056/907/2018 2059/910/2021
f 2060/911/2022 2057/908/2019 2058/909/2020
f 2059/910/2021 2061/912/2023 2058/909/2020
f 2058/909/2020 2061/912/2023 2060/911/2022
f 2062/927/2024 2063/928/2025 2064/929/2026
f 2064/929/2026 2065/930/2027 2062/927/2024
f 2066/931/2028 2064/929/2026 2063/928/2025
f 2065/930/2027 2064/929/2026 2067/932/2029
f 2067/932/2029 2068/933/2030 2065/930/2027
f 2069/934/2031 2064/929/2026 2066/931/2028
f 2067/932/2029 2064/929/2026 2069/934/2031
f 2066/931/2028 2070/935/2032 2069/934/2031
f 2069/934/2031 2070/935/2032 2071/936/2033
f 2068/933/2030 2067/932/2029 2072/937/2034
f 2072/937/2034 2073/938/2035 2068/933/2030
f 2074/939/2036 2073/938/2035 2072/937/2034
f 2069/934/2031 2075/940/2037 2067/932/2029
f 2072/937/2034 2076/941/2038 2074/939/2036
f 2074/939/2036 2076/941/2038 2077/942/2039
f 2078/943/2040 2072/937/2034 2067/932/2029
f 2067/932/2029 2075/940/2037 2078/943/2040
f 2079/944/2041 2076/941/2038 2072/937/2034
f 2076/941/2038 2079/944/2041 2077/942/2039
f 2072/937/2034 2078/943/2040 2079/944/2041
f 2080/945/2042 2077/942/2039 2079/944/2041
f 2081/946/2043 2077/942/2039 2080/945/2042
f 2082/947/2044 2080/945/2042 2079/944/2041
f 2081/946/2043 2080/945/2042 2082/947/2044
f 2079/944/2041 2078/943/2040 2082/947/2044
f 2082/947/2044 2083/948/2045 2081/946/2043
f 2084/949/2046 2083/948/2045 2082/947/2044
f 2085/950/2047 2082/947/2044 2078/943/2040
f 2082/947/2044 2085/950/2047 2084/949/2046
f 2078/943/2040 2075/940/2037 2085/950/2047
f 2085/950/2047 2075/940/2037 2069/934/2031
f 2086/951/2048 2084/949/2046 2085/950/2047
f 2069/934/2031 2087/952/2049 2085/950/2047
f 2085/950/2047 2087/952/2049 2086/951/2048
f 2071/936/2033 2087/952/2049 2069/934/2031
f 2088/953/2050 2086/951/2048 2087/952/2049
f 2071/936/2033 2089/954/2051 2087/952/2049
f 2087/952/2049 2089/954/2051 2088/953/2050
f 2090/929/2052 2091/928/2053 2092/927/2054
f 2093/931/2055 2091/928/2053 2090/929/2052
f 2092/927/2054 2094/930/2056 2090/929/2052
f 2093/931/2055 2090/929/2052 2095/934/2057
f 2095/934/2057 2096/935/2058 2093/931/2055
f 2097/932/2059 2090/929/2052 2094/930/2056
f 2095/934/2057 2090/929/2052 2097/932/2059
f 2094/930/2056 2098/933/2060 2097/932/2059
f 2099/936/2061 2096/935/2058 2095/934/2057
f 2100/937/2062 2097/932/2059 2098/933/2060
f 2098/933/2060 2101/938/2063 2100/937/2062
f 2100/937/2062 2101/938/2063 2102/939/2064
f 2095/934/2057 2103/952/2065 2099/936/2061
f 2099/936/2061 2103/952/2065 2104/954/2066
f 2105/953/2067 2104/954/2066 2103/952/2065
f 2103/952/2065 2106/951/2068 2105/953/2067
f 2106/951/2068 2103/952/2065 2107/950/2069
f 2107/950/2069 2103/952/2065 2095/934/2057
f 2107/950/2069 2108/949/2070 2106/951/2068
f 2095/934/2057 2109/940/2071 2107/950/2069
f 2097/932/2059 2109/940/2071 2095/934/2057
f 2108/949/2070 2107/950/2069 2110/947/2072
f 2110/947/2072 2111/948/2073 2108/949/2070
f 2112/946/2074 2111/948/2073 2110/947/2072
f 2107/950/2069 2109/940/2071 2113/943/2075
f 2113/943/2075 2109/940/2071 2097/932/2059
f 2113/943/2075 2110/947/2072 2107/950/2069
f 2097/932/2059 2100/937/2062 2113/943/2075
f 2110/947/2072 2114/945/2076 2112/946/2074
f 2112/946/2074 2114/945/2076 2115/942/2077
f 2110/947/2072 2113/943/2075 2116/944/2078
f 2116/944/2078 2114/945/2076 2110/947/2072
f 2116/944/2078 2113/943/2075 2100/937/2062
f 2114/945/2076 2116/944/2078 2115/942/2077
f 2100/937/2062 2117/941/2079 2116/944/2078
f 2117/941/2079 2115/942/2077 2116/944/2078
f 2102/939/2064 2117/941/2079 2100/937/2062
f 2102/939/2064 2115/942/2077 2117/941/2079
f 2118/955/2080 2119/956/2081 2120/957/2082
f 2120/957/2082 2121/958/2083 2118/955/2080
f 2120/957/2082 2119/956/2081 2122/959/2084
f 2123/960/2085 2121/958/2083 2120/957/2082
f 2122/959/2084 2124/961/2086 2120/957/2082
f 2120/957/2082 2125/962/2087 2123/960/2085
f 2124/961/2086 2125/962/2087 2120/957/2082
f 2126/963/2088 2123/960/2085 2125/962/2087
f 2127/964/2089 2124/961/2086 2122/959/2084
f 2125/962/2087 2128/965/2090 2126/963/2088
f 2128/965/2090 2125/962/2087 2124/961/2086
f 2129/966/2091 2124/961/2086 2127/964/2089
f 2124/961/2086 2129/966/2091 2128/965/2090
f 2129/966/2091 2127/964/2089 2130/967/2092
f 2128/965/2090 2129/966/2091 2130/967/2092
f 2127/964/2089 2131/968/2093 2130/967/2092
f 2126/963/2088 2128/965/2090 2132/969/2094
f 2130/967/2092 2132/969/2094 2128/965/2090
f 2132/969/2094 2133/970/2095 2126/963/2088
f 2134/971/2096 2130/967/2092 2131/968/2093
f 2130/967/2092 2134/971/2096 2132/969/2094
f 2133/970/2095 2132/969/2094 2134/971/2096
f 2131/968/2093 2135/972/2097 2134/971/2096
f 2134/971/2096 2136/973/2098 2133/970/2095
f 2134/971/2096 2135/972/2097 2137/974/2099
f 2137/974/2099 2136/973/2098 2134/971/2096
f 2138/955/2100 2139/958/2101 2140/957/2102
f 2140/957/2102 2141/956/2103 2138/955/2100
f 2140/957/2102 2139/958/2101 2142/960/2104
f 2143/959/2105 2141/956/2103 2140/957/2102
f 2142/960/2104 2144/962/2106 2140/957/2102
f 2144/962/2106 2142/960/2104 2145/963/2107
f 2140/957/2102 2146/961/2108 2143/959/2105
f 2146/961/2108 2140/957/2102 2144/962/2106
f 2147/964/2109 2143/959/2105 2146/961/2108
f 2145/963/2107 2148/965/2110 2144/962/2106
f 2146/961/2108 2144/962/2106 2148/965/2110
f 2149/966/2111 2147/964/2109 2146/961/2108
f 2148/965/2110 2149/966/2111 2146/961/2108
f 2149/966/2111 2150/967/2112 2147/964/2109
f 2150/967/2112 2149/966/2111 2148/965/2110
f 2147/964/2109 2150/967/2112 2151/968/2113
f 2152/969/2114 2148/965/2110 2145/963/2107
f 2148/965/2110 2152/969/2114 2150/967/2112
f 2145/963/2107 2153/970/2115 2152/969/2114
f 2151/968/2113 2150/967/2112 2154/971/2116
f 2150/967/2112 2152/969/2114 2154/971/2116
f 2154/971/2116 2152/969/2114 2153/970/2115
f 2154/971/2116 2155/972/2117 2151/968/2113
f 2153/970/2115 2156/973/2118 2154/971/2116
f 2157/974/2119 2155/972/2117 2154/971/2116
f 2154/971/2116 2156/973/2118 2157/974/2119
f 2158/975/2120 2159/976/744 2160/977/2121
f 2158/975/2120 2160/977/2121 2161/978/2122
f 2162/979/2123 2159/976/744 2158/975/2120
f 2161/978/2122 2163/980/2124 2158/975/2120
f 2158/975/2120 2164/981/2125 2162/979/2123
f 2165/982/2126 2163/980/2124 2161/978/2122
f 2161/978/2122 2166/983/2127 2165/982/2126
f 2165/982/2126 2166/983/2127 2167/984/2128
f 2168/985/2129 2158/975/2120 2163/980/2124
f 2163/980/2124 2165/982/2126 2168/985/2129
f 2164/981/2125 2158/975/2120 2168/985/2129
f 2167/984/2128 2169/986/2130 2165/982/2126
f 2168/985/2129 2165/982/2126 2169/986/2130
f 2170/987/2131 2169/986/2130 2167/984/2128
f 2169/986/2130 2170/987/2131 2168/985/2129
f 2167/984/2128 2171/988/2132 2170/987/2131
f 2170/987/2131 2171/988/2132 2172/989/2133
f 2172/989/2133 2173/990/2134 2170/987/2131
f 2168/985/2129 2170/987/2131 2173/990/2134
f 2174/991/2135 2173/990/2134 2172/989/2133
f 2173/990/2134 2174/991/2135 2168/985/2129
f 2172/989/2133 2175/992/2136 2174/991/2135
f 2174/991/2135 2175/992/2136 2176/993/2137
f 2176/993/2137 2177/994/2138 2174/991/2135
f 2168/985/2129 2174/991/2135 2177/994/2138
f 2178/995/2139 2177/994/2138 2176/993/2137
f 2177/994/2138 2178/995/2139 2168/985/2129
f 2176/993/2137 2179/996/2140 2178/995/2139
f 2178/995/2139 2179/996/2140 2180/997/2141
f 2180/997/2141 2181/998/2142 2178/995/2139
f 2168/985/2129 2178/995/2139 2181/998/2142
f 2182/999/2143 2181/998/2142 2180/997/2141
f 2181/998/2142 2182/999/2143 2168/985/2129
f 2180/997/2141 2183/1000/2144 2182/999/2143
f 2182/999/2143 2183/1000/2144 2184/1001/2145
f 2184/1001/2145 2185/1002/2146 2182/999/2143
f 2168/985/2129 2182/999/2143 2185/1002/2146
f 2186/1003/2147 2185/1002/2146 2184/1001/2145
f 2185/1002/2146 2186/1003/2147 2168/985/2129
f 2184/1001/2145 2187/1004/2148 2186/1003/2147
f 2186/1003/2147 2187/1004/2148 2188/1005/2149
f 2188/1005/2149 2189/1006/2150 2186/1003/2147
f 2168/985/2129 2186/1003/2147 2189/1006/2150
f 2190/1007/2151 2189/1006/2150 2188/1005/2149
f 2189/1006/2150 2190/1007/2151 2168/985/2129
f 2188/1005/2149 2191/1008/2152 2190/1007/2151
f 2190/1007/2151 2191/1008/2152 2192/1009/2153
f 2192/1009/2153 2193/1010/2154 2190/1007/2151
f 2168/985/2129 2190/1007/2151 2193/1010/2154
f 2194/1011/2155 2193/1010/2154 2192/1009/2153
f 2193/1010/2154 2194/1011/2155 2168/985/2129
f 2192/1009/2153 2195/1012/2156 2194/1011/2155
f 2194/1011/2155 2195/1012/2156 2196/1013/2157
f 2168/985/2129 2194/1011/2155 2197/1014/2158
f 2196/1013/2157 2197/1014/2158 2194/1011/2155
f 2197/1014/2158 2198/1015/2159 2168/985/2129
f 2198/1015/2159 2197/1014/2158 2196/1013/2157
f 2168/985/2129 2198/1015/2159 2164/981/2125
f 2196/1013/2157 2199/1016/38 2198/1015/2159
f 2162/979/2123 2164/981/2125 2198/1015/2159
f 2198/1015/2159 2199/1016/38 2200/1017/37
f 2198/1015/2159 2200/1017/37 2162/979/2123
f 2201/975/2160 2202/977/749 2203/976/748
f 2204/978/2161 2202/977/749 2201/975/2160
f 2201/975/2160 2203/976/748 2205/979/2162
f 2201/975/2160 2206/980/2163 2204/978/2161
f 2205/979/2162 2207/981/2164 2201/975/2160
f 2204/978/2161 2206/980/2163 2208/982/2165
f 2208/982/2165 2209/983/2166 2204/978/2161
f 2210/984/2167 2209/983/2166 2208/982/2165
f 2211/1015/2168 2207/981/2164 2205/979/2162
f 2205/979/2162 2212/1017/401 2211/1015/2168
f 2211/1015/2168 2212/1017/401 2213/1016/400
f 2211/1015/2168 2213/1016/400 2214/1013/2169
f 2208/982/2165 2215/986/2170 2210/984/2167
f 2214/1013/2169 2216/1014/2171 2211/1015/2168
f 2210/984/2167 2215/986/2170 2217/987/2172
f 2217/987/2172 2218/988/2173 2210/984/2167
f 2219/989/2174 2218/988/2173 2217/987/2172
f 2220/1011/2175 2216/1014/2171 2214/1013/2169
f 2214/1013/2169 2221/1012/2176 2220/1011/2175
f 2220/1011/2175 2221/1012/2176 2222/1009/2177
f 2217/987/2172 2223/990/2178 2219/989/2174
f 2222/1009/2177 2224/1010/2179 2220/1011/2175
f 2219/989/2174 2223/990/2178 2225/991/2180
f 2225/991/2180 2226/992/2181 2219/989/2174
f 2227/993/2182 2226/992/2181 2225/991/2180
f 2228/1007/2183 2224/1010/2179 2222/1009/2177
f 2222/1009/2177 2229/1008/2184 2228/1007/2183
f 2228/1007/2183 2229/1008/2184 2230/1005/2185
f 2225/991/2180 2231/994/2186 2227/993/2182
f 2230/1005/2185 2232/1006/2187 2228/1007/2183
f 2227/993/2182 2231/994/2186 2233/995/2188
f 2233/995/2188 2234/996/2189 2227/993/2182
f 2235/997/2190 2234/996/2189 2233/995/2188
f 2236/1003/2191 2232/1006/2187 2230/1005/2185
f 2230/1005/2185 2237/1004/2192 2236/1003/2191
f 2236/1003/2191 2237/1004/2192 2238/1001/2193
f 2233/995/2188 2239/998/2194 2235/997/2190
f 2238/1001/2193 2240/1002/2195 2236/1003/2191
f 2235/997/2190 2239/998/2194 2241/999/2196
f 2241/999/2196 2240/1002/2195 2238/1001/2193
f 2241/999/2196 2242/1000/2197 2235/997/2190
f 2238/1001/2193 2242/1000/2197 2241/999/2196
f 2243/985/2198 2236/1003/2191 2240/1002/2195
f 2240/1002/2195 2241/999/2196 2243/985/2198
f 2232/1006/2187 2236/1003/2191 2243/985/2198
f 2243/985/2198 2241/999/2196 2239/998/2194
f 2239/998/2194 2233/995/2188 2243/985/2198
f 2243/985/2198 2228/1007/2183 2232/1006/2187
f 2243/985/2198 2233/995/2188 2231/994/2186
f 2224/1010/2179 2228/1007/2183 2243/985/2198
f 2231/994/2186 2225/991/2180 2243/985/2198
f 2243/985/2198 2220/1011/2175 2224/1010/2179
f 2243/985/2198 2225/991/2180 2223/990/2178
f 2216/1014/2171 2220/1011/2175 2243/985/2198
f 2223/990/2178 2217/987/2172 2243/985/2198
f 2243/985/2198 2211/1015/2168 2216/1014/2171
f 2243/985/2198 2217/987/2172 2215/986/2170
f 2207/981/2164 2211/1015/2168 2243/985/2198
f 2215/986/2170 2208/982/2165 2243/985/2198
f 2243/985/2198 2201/975/2160 2207/981/2164
f 2243/985/2198 2208/982/2165 2206/980/2163
f 2206/980/2163 2201/975/2160 2243/985/2198
f 2244/1018/2199 2245/1019/2200 2246/1020/2201
f 2247/1021/2202 2246/1020/2201 2245/1019/2200
f 2246/1020/2201 2248/1022/2203 2244/1018/2199
f 2249/1023/2204 2244/1018/2199 2248/1022/2203
f 2248/1022/2203 2246/1020/2201 2250/1024/2205
f 2247/1021/2202 2250/1024/2205 2246/1020/2201
f 2248/1022/2203 2251/1025/2206 2249/1023/2204
f 2252/1026/2207 2249/1023/2204 2251/1025/2206
f 2250/1024/2205 2253/1027/2208 2248/1022/2203
f 2251/1025/2206 2248/1022/2203 2253/1027/2208
f 2251/1025/2206 2254/1028/2209 2252/1026/2207
f 2255/1029/2210 2252/1026/2207 2254/1028/2209
f 2253/1027/2208 2256/1030/2211 2251/1025/2206
f 2254/1028/2209 2251/1025/2206 2256/1030/2211
f 2254/1028/2209 2257/1031/2212 2255/1029/2210
f 2258/1032/2213 2255/1029/2210 2257/1031/2212
f 2256/1030/2211 2259/1033/2214 2254/1028/2209
f 2257/1031/2212 2254/1028/2209 2259/1033/2214
f 2256/1030/2211 2253/1027/2208 2260/1034/2215
f 2257/1031/2212 2261/1035/2216 2258/1032/2213
f 2260/1034/2215 2262/1036/2217 2256/1030/2211
f 2259/1033/2214 2256/1030/2211 2262/1036/2217
f 2253/1027/2208 2263/1037/2218 2260/1034/2215
f 2250/1024/2205 2263/1037/2218 2253/1027/2208
f 2264/1038/2219 2262/1036/2217 2260/1034/2215
f 2260/1034/2215 2263/1037/2218 2264/1038/2219
f 2259/1033/2214 2265/1039/2220 2257/1031/2212
f 2257/1031/2212 2265/1039/2220 2266/1040/2221
f 2266/1040/2221 2261/1035/2216 2257/1031/2212
f 2267/1041/2222 2265/1039/2220 2259/1033/2214
f 2266/1040/2221 2265/1039/2220 2267/1041/2222
f 2258/1032/2213 2261/1035/2216 2268/1042/2223
f 2268/1042/2223 2261/1035/2216 2266/1040/2221
f 2268/1042/2223 2269/1043/2224 2258/1032/2213
f 2270/1044/2225 2269/1043/2224 2268/1042/2223
f 2266/1040/2221 2271/1045/2226 2268/1042/2223
f 2268/1042/2223 2272/1046/2227 2270/1044/2225
f 2272/1046/2227 2268/1042/2223 2271/1045/2226
f 2270/1044/2225 2272/1046/2227 2273/1047/2228
f 2273/1047/2228 2274/1048/2229 2270/1044/2225
f 2275/1049/2230 2274/1048/2229 2273/1047/2228
f 2273/1047/2228 2276/1050/2231 2275/1049/2230
f 2277/1051/2232 2275/1049/2230 2276/1050/2231
f 2278/1052/2233 2273/1047/2228 2272/1046/2227
f 2276/1050/2231 2273/1047/2228 2278/1052/2233
f 2276/1050/2231 2279/1053/2234 2277/1051/2232
f 2280/1054/2235 2277/1051/2232 2279/1053/2234
f 2278/1052/2233 2281/1055/2236 2276/1050/2231
f 2279/1053/2234 2276/1050/2231 2281/1055/2236
f 2272/1046/2227 2282/1056/2237 2278/1052/2233
f 2271/1045/2226 2282/1056/2237 2272/1046/2227
f 2279/1053/2234 2283/1057/2238 2280/1054/2235
f 2284/1058/2239 2280/1054/2235 2283/1057/2238
f 2283/1057/2238 2279/1053/2234 2285/1059/2240
f 2281/1055/2236 2285/1059/2240 2279/1053/2234
f 2283/1057/2238 2286/1060/2241 2284/1058/2239
f 2285/1059/2240 2287/1061/2242 2283/1057/2238
f 2286/1060/2241 2283/1057/2238 2287/1061/2242
f 2285/1059/2240 2281/1055/2236 2288/1062/2243
f 2284/1058/2239 2286/1060/2241 2289/1063/2244
f 2289/1063/2244 2290/1064/2245 2284/1058/2239
f 2287/1061/2242 2291/1065/2246 2286/1060/2241
f 2289/1063/2244 2286/1060/2241 2291/1065/2246
f 2287/1061/2242 2285/1059/2240 2292/1066/2247
f 2288/1062/2243 2292/1066/2247 2285/1059/2240
f 2291/1065/2246 2287/1061/2242 2293/1067/2248
f 2292/1066/2247 2293/1067/2248 2287/1061/2242
f 2294/1068/2249 2288/1062/2243 2281/1055/2236
f 2281/1055/2236 2278/1052/2233 2294/1068/2249
f 2292/1066/2247 2288/1062/2243 2295/1069/2250
f 2296/1070/2251 2294/1068/2249 2278/1052/2233
f 2278/1052/2233 2282/1056/2237 2296/1070/2251
f 2288/1062/2243 2294/1068/2249 2297/1071/2252
f 2297/1071/2252 2295/1069/2250 2288/1062/2243
f 2294/1068/2249 2296/1070/2251 2298/1072/2253
f 2298/1072/2253 2297/1071/2252 2294/1068/2249
f 2299/1073/2254 2296/1070/2251 2282/1056/2237
f 2282/1056/2237 2271/1045/2226 2299/1073/2254
f 2300/1074/2255 2298/1072/2253 2296/1070/2251
f 2296/1070/2251 2299/1073/2254 2300/1074/2255
f 2297/1071/2252 2298/1072/2253 2301/1075/2256
f 2302/1076/2257 2299/1073/2254 2271/1045/2226
f 2271/1045/2226 2266/1040/2221 2302/1076/2257
f 2267/1041/2222 2302/1076/2257 2266/1040/2221
f 2303/1077/2258 2299/1073/2254 2302/1076/2257
f 2304/1078/2259 2302/1076/2257 2267/1041/2222
f 2302/1076/2257 2304/1078/2259 2303/1077/2258
f 2299/1073/2254 2303/1077/2258 2305/1079/2260
f 2305/1079/2260 2300/1074/2255 2299/1073/2254
f 2303/1077/2258 2304/1078/2259 2306/1080/983
f 2307/1081/984 2305/1079/2260 2303/1077/2258
f 2303/1077/2258 2306/1080/983 2307/1081/984
f 2308/1082/2261 2305/1079/2260 2307/1081/984
f 2300/1074/2255 2305/1079/2260 2308/1082/2261
f 2307/1081/984 2309/1083/2262 2308/1082/2261
f 2308/1082/2261 2309/1083/2262 2310/1084/2263
f 2306/1080/983 2304/1078/2259 2311/1085/2264
f 2267/1041/2222 2311/1085/2264 2304/1078/2259
f 2311/1085/2264 2312/1086/978 2306/1080/983
f 2313/1087/2265 2312/1086/978 2311/1085/2264
f 2310/1084/2263 2314/1088/2266 2308/1082/2261
f 2314/1088/2266 2310/1084/2263 2315/1089/2267
f 2311/1085/2264 2316/1090/2268 2313/1087/2265
f 2313/1087/2265 2316/1090/2268 2317/1091/973
f 2311/1085/2264 2267/1041/2222 2318/1092/2269
f 2318/1092/2269 2316/1090/2268 2311/1085/2264
f 2318/1092/2269 2267/1041/2222 2319/1093/2270
f 2259/1033/2214 2319/1093/2270 2267/1041/2222
f 2262/1036/2217 2319/1093/2270 2259/1033/2214
f 2320/1094/2271 2318/1092/2269 2319/1093/2270
f 2320/1094/2271 2319/1093/2270 2262/1036/2217
f 2318/1092/2269 2320/1094/2271 2316/1090/2268
f 2317/1091/973 2316/1090/2268 2321/1095/2272
f 2321/1095/2272 2316/1090/2268 2320/1094/2271
f 2322/1096/999 2317/1091/973 2321/1095/2272
f 2320/1094/2271 2262/1036/2217 2323/1097/2273
f 2323/1097/2273 2262/1036/2217 2264/1038/2219
f 2320/1094/2271 2324/1098/2274 2321/1095/2272
f 2323/1097/2273 2324/1098/2274 2320/1094/2271
f 2321/1095/2272 2325/1099/2275 2322/1096/999
f 2326/1100/996 2322/1096/999 2325/1099/2275
f 2321/1095/2272 2324/1098/2274 2327/1101/2276
f 2327/1101/2276 2325/1099/2275 2321/1095/2272
f 2324/1098/2274 2323/1097/2273 2328/1102/2277
f 2324/1098/2274 2328/1102/2277 2327/1101/2276
f 2325/1099/2275 2329/1103/2278 2326/1100/996
f 2315/1089/2267 2326/1100/996 2329/1103/2278
f 2325/1099/2275 2327/1101/2276 2330/1104/2279
f 2330/1104/2279 2329/1103/2278 2325/1099/2275
f 2329/1103/2278 2331/1105/2280 2315/1089/2267
f 2331/1105/2280 2329/1103/2278 2330/1104/2279
f 2315/1089/2267 2331/1105/2280 2314/1088/2266
f 2330/1104/2279 2332/1106/2281 2331/1105/2280
f 2314/1088/2266 2331/1105/2280 2332/1106/2281
f 2333/1107/2282 2330/1104/2279 2327/1101/2276
f 2327/1101/2276 2328/1102/2277 2333/1107/2282
f 2332/1106/2281 2334/1108/2283 2314/1088/2266
f 2328/1102/2277 2323/1097/2273 2335/1109/2284
f 2264/1038/2219 2335/1109/2284 2323/1097/2273
f 2335/1109/2284 2336/1110/2285 2328/1102/2277
f 2333/1107/2282 2328/1102/2277 2336/1110/2285
f 2337/1111/2286 2335/1109/2284 2264/1038/2219
f 2338/1112/2287 2336/1110/2285 2335/1109/2284
f 2335/1109/2284 2337/1111/2286 2338/1112/2287
f 2336/1110/2285 2339/1113/2288 2333/1107/2282
f 2264/1038/2219 2340/1114/2289 2337/1111/2286
f 2340/1114/2289 2264/1038/2219 2263/1037/2218
f 2341/1115/2290 2339/1113/2288 2336/1110/2285
f 2336/1110/2285 2338/1112/2287 2341/1115/2290
f 2333/1107/2282 2339/1113/2288 2342/1116/2291
f 2339/1113/2288 2341/1115/2290 2343/1117/2292
f 2343/1117/2292 2342/1116/2291 2339/1113/2288
f 2344/1118/2293 2341/1115/2290 2338/1112/2287
f 2342/1116/2291 2345/1119/2294 2333/1107/2282
f 2330/1104/2279 2333/1107/2282 2345/1119/2294
f 2338/1112/2287 2346/1120/2295 2344/1118/2293
f 2346/1120/2295 2338/1112/2287 2337/1111/2286
f 2341/1115/2290 2344/1118/2293 2347/1121/2296
f 2347/1121/2296 2343/1117/2292 2341/1115/2290
f 2337/1111/2286 2348/1122/2297 2346/1120/2295
f 2348/1122/2297 2337/1111/2286 2340/1114/2289
f 2349/1123/2298 2344/1118/2293 2346/1120/2295
f 2349/1123/2298 2346/1120/2295 2348/1122/2297
f 2350/1124/2299 2347/1121/2296 2344/1118/2293
f 2344/1118/2293 2349/1123/2298 2350/1124/2299
f 2343/1117/2292 2347/1121/2296 2351/1125/2300
f 2347/1121/2296 2350/1124/2299 2352/1126/2301
f 2352/1126/2301 2351/1125/2300 2347/1121/2296
f 2353/1127/2302 2350/1124/2299 2349/1123/2298
f 2353/1127/2302 2352/1126/2301 2350/1124/2299
f 2351/1125/2300 2354/1128/2303 2343/1117/2292
f 2342/1116/2291 2343/1117/2292 2354/1128/2303
f 2352/1126/2301 2355/1129/2304 2351/1125/2300
f 2354/1128/2303 2351/1125/2300 2355/1129/2304
f 2355/1129/2304 2352/1126/2301 2356/1130/2305
f 2352/1126/2301 2353/1127/2302 2356/1130/2305
f 2354/1128/2303 2357/1131/2306 2342/1116/2291
f 2345/1119/2294 2342/1116/2291 2357/1131/2306
f 2355/1129/2304 2358/1132/2307 2354/1128/2303
f 2357/1131/2306 2354/1128/2303 2358/1132/2307
f 2356/1130/2305 2359/1133/2308 2355/1129/2304
f 2358/1132/2307 2355/1129/2304 2359/1133/2308
f 2359/1133/2308 2356/1130/2305 2360/1134/2309
f 2356/1130/2305 2353/1127/2302 2360/1134/2309
f 2359/1133/2308 2361/1135/2310 2358/1132/2307
f 2360/1134/2309 2362/1136/2311 2359/1133/2308
f 2361/1135/2310 2359/1133/2308 2362/1136/2311
f 2358/1132/2307 2363/1137/2312 2357/1131/2306
f 2363/1137/2312 2358/1132/2307 2361/1135/2310
f 2360/1134/2309 2364/1138/2313 2362/1136/2311
f 2362/1136/2311 2365/1139/2314 2361/1135/2310
f 2365/1139/2314 2362/1136/2311 2364/1138/2313
f 2361/1135/2310 2366/1140/2315 2363/1137/2312
f 2366/1140/2315 2361/1135/2310 2365/1139/2314
f 2364/1138/2313 2360/1134/2309 2367/1141/2316
f 2360/1134/2309 2353/1127/2302 2367/1141/2316
f 2364/1138/2313 2368/1142/2317 2365/1139/2314
f 2365/1139/2314 2369/1143/2318 2366/1140/2315
f 2369/1143/2318 2365/1139/2314 2368/1142/2317
f 2367/1141/2316 2370/1144/2319 2364/1138/2313
f 2368/1142/2317 2364/1138/2313 2370/1144/2319
f 2366/1140/2315 2369/1143/2318 2371/1145/2320
f 2363/1137/2312 2366/1140/2315 2371/1145/2320
f 2368/1142/2317 2372/1146/2321 2369/1143/2318
f 2371/1145/2320 2373/1147/2322 2363/1137/2312
f 2357/1131/2306 2363/1137/2312 2373/1147/2322
f 2372/1146/2321 2368/1142/2317 2374/1148/2323
f 2370/1144/2319 2374/1148/2323 2368/1142/2317
f 2369/1143/2318 2372/1146/2321 2247/1021/2202
f 2371/1145/2320 2369/1143/2318 2247/1021/2202
f 2374/1148/2323 2375/1149/2324 2372/1146/2321
f 2372/1146/2321 2375/1149/2324 2247/1021/2202
f 2374/1148/2323 2370/1144/2319 2376/1150/2325
f 2367/1141/2316 2376/1150/2325 2370/1144/2319
f 2375/1149/2324 2374/1148/2323 2377/1151/2326
f 2376/1150/2325 2377/1151/2326 2374/1148/2323
f 2376/1150/2325 2367/1141/2316 2378/1152/2327
f 2367/1141/2316 2353/1127/2302 2378/1152/2327
f 2377/1151/2326 2376/1150/2325 2379/1153/2328
f 2378/1152/2327 2379/1153/2328 2376/1150/2325
f 2377/1151/2326 2380/1154/2329 2375/1149/2324
f 2247/1021/2202 2375/1149/2324 2380/1154/2329
f 2379/1153/2328 2381/1155/2330 2377/1151/2326
f 2380/1154/2329 2377/1151/2326 2381/1155/2330
f 2379/1153/2328 2378/1152/2327 2382/1156/2331
f 2378/1152/2327 2353/1127/2302 2382/1156/2331
f 2247/1021/2202 2380/1154/2329 2250/1024/2205
f 2250/1024/2205 2380/1154/2329 2383/1157/2332
f 2381/1155/2330 2383/1157/2332 2380/1154/2329
f 2383/1157/2332 2263/1037/2218 2250/1024/2205
f 2381/1155/2330 2379/1153/2328 2384/1158/2333
f 2382/1156/2331 2384/1158/2333 2379/1153/2328
f 2383/1157/2332 2381/1155/2330 2385/1159/2334
f 2385/1159/2334 2263/1037/2218 2383/1157/2332
f 2384/1158/2333 2385/1159/2334 2381/1155/2330
f 2263/1037/2218 2385/1159/2334 2340/1114/2289
f 2385/1159/2334 2384/1158/2333 2386/1160/2335
f 2386/1160/2335 2340/1114/2289 2385/1159/2334
f 2382/1156/2331 2386/1160/2335 2384/1158/2333
f 2340/1114/2289 2386/1160/2335 2348/1122/2297
f 2386/1160/2335 2382/1156/2331 2387/1161/2336
f 2387/1161/2336 2348/1122/2297 2386/1160/2335
f 2353/1127/2302 2387/1161/2336 2382/1156/2331
f 2348/1122/2297 2387/1161/2336 2349/1123/2298
f 2353/1127/2302 2349/1123/2298 2387/1161/2336
f 2247/1021/2202 2388/1162/2337 2371/1145/2320
f 2247/1021/2202 2389/1163/2338 2388/1162/2337
f 2390/1164/2339 2371/1145/2320 2388/1162/2337
f 2390/1164/2339 2373/1147/2322 2371/1145/2320
f 2391/1165/2340 2388/1162/2337 2389/1163/2338
f 2388/1162/2337 2391/1165/2340 2390/1164/2339
f 2389/1163/2338 2392/1166/2341 2391/1165/2340
f 2393/1167/2342 2390/1164/2339 2391/1165/2340
f 2373/1147/2322 2390/1164/2339 2393/1167/2342
f 2394/1168/2343 2391/1165/2340 2392/1166/2341
f 2391/1165/2340 2394/1168/2343 2393/1167/2342
f 2392/1166/2341 2395/1169/2344 2394/1168/2343
f 2393/1167/2342 2396/1170/2345 2373/1147/2322
f 2397/1171/2346 2394/1168/2343 2395/1169/2344
f 2395/1169/2344 2398/1172/2347 2397/1171/2346
f 2399/1173/2348 2393/1167/2342 2394/1168/2343
f 2394/1168/2343 2397/1171/2346 2399/1173/2348
f 2396/1170/2345 2393/1167/2342 2399/1173/2348
f 2400/1174/2349 2397/1171/2346 2398/1172/2347
f 2399/1173/2348 2397/1171/2346 2400/1174/2349
f 2398/1172/2347 2401/1175/2350 2400/1174/2349
f 2400/1174/2349 2402/1176/2351 2399/1173/2348
f 2403/1177/2352 2400/1174/2349 2401/1175/2350
f 2402/1176/2351 2400/1174/2349 2403/1177/2352
f 2401/1175/2350 2404/1178/2353 2403/1177/2352
f 2405/1179/2354 2399/1173/2348 2402/1176/2351
f 2399/1173/2348 2405/1179/2354 2396/1170/2345
f 2406/1180/2355 2403/1177/2352 2404/1178/2353
f 2404/1178/2353 2407/1181/2356 2406/1180/2355
f 2403/1177/2352 2408/1182/2357 2402/1176/2351
f 2409/1183/2358 2406/1180/2355 2407/1181/2356
f 2407/1181/2356 2410/1184/2359 2409/1183/2358
f 2403/1177/2352 2406/1180/2355 2411/1185/2360
f 2411/1185/2360 2408/1182/2357 2403/1177/2352
f 2406/1180/2355 2409/1183/2358 2412/1186/2361
f 2412/1186/2361 2411/1185/2360 2406/1180/2355
f 2413/1187/2362 2409/1183/2358 2410/1184/2359
f 2410/1184/2359 2414/1188/2363 2413/1187/2362
f 2415/1189/2364 2412/1186/2361 2409/1183/2358
f 2409/1183/2358 2413/1187/2362 2415/1189/2364
f 2416/1190/2365 2413/1187/2362 2414/1188/2363
f 2414/1188/2363 2417/1191/2366 2416/1190/2365
f 2413/1187/2362 2416/1190/2365 2418/1192/2367
f 2418/1192/2367 2415/1189/2364 2413/1187/2362
f 2419/1193/2368 2416/1190/2365 2417/1191/2366
f 2418/1192/2367 2416/1190/2365 2419/1193/2368
f 2417/1191/2366 2420/1194/2369 2419/1193/2368
f 2421/1195/2370 2419/1193/2368 2420/1194/2369
f 2420/1194/2369 2422/1196/2371 2421/1195/2370
f 2419/1193/2368 2423/1197/2372 2418/1192/2367
f 2423/1197/2372 2419/1193/2368 2421/1195/2370
f 2424/1198/2373 2421/1195/2370 2422/1196/2371
f 2422/1196/2371 2425/1199/2374 2424/1198/2373
f 2421/1195/2370 2426/1200/2375 2423/1197/2372
f 2426/1200/2375 2421/1195/2370 2424/1198/2373
f 2418/1192/2367 2423/1197/2372 2427/1201/2376
f 2423/1197/2372 2426/1200/2375 2428/1202/2377
f 2428/1202/2377 2427/1201/2376 2423/1197/2372
f 2424/1198/2373 2429/1203/2378 2426/1200/2375
f 2427/1201/2376 2430/1204/2379 2418/1192/2367
f 2415/1189/2364 2418/1192/2367 2430/1204/2379
f 2431/1205/2380 2424/1198/2373 2425/1199/2374
f 2429/1203/2378 2424/1198/2373 2431/1205/2380
f 2425/1199/2374 2432/1206/2381 2431/1205/2380
f 2431/1205/2380 2432/1206/2381 2433/1207/2382
f 2426/1200/2375 2429/1203/2378 2434/1208/2383
f 2434/1208/2383 2428/1202/2377 2426/1200/2375
f 2429/1203/2378 2431/1205/2380 2435/1209/2384
f 2435/1209/2384 2434/1208/2383 2429/1203/2378
f 2433/1207/2382 2436/1210/2385 2431/1205/2380
f 2436/1210/2385 2433/1207/2382 2437/1211/2386
f 2438/1212/2387 2435/1209/2384 2431/1205/2380
f 2431/1205/2380 2436/1210/2385 2438/1212/2387
f 2437/1211/2386 2439/1213/2388 2436/1210/2385
f 2438/1212/2387 2436/1210/2385 2439/1213/2388
f 2439/1213/2388 2437/1211/2386 2440/1214/2389
f 2440/1214/2389 2441/1215/2390 2439/1213/2388
f 2441/1215/2390 2440/1214/2389 2442/1216/2391
f 2439/1213/2388 2443/1217/2392 2438/1212/2387
f 2443/1217/2392 2439/1213/2388 2441/1215/2390
f 2435/1209/2384 2438/1212/2387 2444/1218/2393
f 2444/1218/2393 2438/1212/2387 2443/1217/2392
f 2434/1208/2383 2435/1209/2384 2445/1219/2394
f 2444/1218/2393 2445/1219/2394 2435/1209/2384
f 2445/1219/2394 2446/1220/2395 2434/1208/2383
f 2447/1221/2396 2445/1219/2394 2444/1218/2393
f 2446/1220/2395 2445/1219/2394 2447/1221/2396
f 2434/1208/2383 2446/1220/2395 2448/1222/2397
f 2448/1222/2397 2428/1202/2377 2434/1208/2383
f 2447/1221/2396 2449/1223/2398 2446/1220/2395
f 2448/1222/2397 2446/1220/2395 2449/1223/2398
f 2428/1202/2377 2448/1222/2397 2450/1224/2399
f 2450/1224/2399 2427/1201/2376 2428/1202/2377
f 2449/1223/2398 2451/1225/2400 2448/1222/2397
f 2450/1224/2399 2448/1222/2397 2451/1225/2400
f 2449/1223/2398 2447/1221/2396 2452/1226/2401
f 2452/1226/2401 2447/1221/2396 2444/1218/2393
f 2451/1225/2400 2449/1223/2398 2453/1227/2402
f 2452/1226/2401 2453/1227/2402 2449/1223/2398
f 2451/1225/2400 2454/1228/2403 2450/1224/2399
f 2427/1201/2376 2450/1224/2399 2455/1229/2404
f 2455/1229/2404 2450/1224/2399 2454/1228/2403
f 2455/1229/2404 2430/1204/2379 2427/1201/2376
f 2454/1228/2403 2451/1225/2400 2456/1230/2405
f 2453/1227/2402 2456/1230/2405 2451/1225/2400
f 2454/1228/2403 2457/1231/2406 2455/1229/2404
f 2456/1230/2405 2458/1232/2407 2454/1228/2403
f 2457/1231/2406 2454/1228/2403 2458/1232/2407
f 2456/1230/2405 2453/1227/2402 2459/1233/2408
f 2458/1232/2407 2456/1230/2405 2293/1067/2248
f 2459/1233/2408 2293/1067/2248 2456/1230/2405
f 2293/1067/2248 2292/1066/2247 2458/1232/2407
f 2295/1069/2250 2458/1232/2407 2292/1066/2247
f 2458/1232/2407 2295/1069/2250 2457/1231/2406
f 2293/1067/2248 2459/1233/2408 2291/1065/2246
f 2460/1234/2409 2457/1231/2406 2295/1069/2250
f 2455/1229/2404 2457/1231/2406 2460/1234/2409
f 2295/1069/2250 2297/1071/2252 2460/1234/2409
f 2301/1075/2256 2460/1234/2409 2297/1071/2252
f 2460/1234/2409 2461/1235/2410 2455/1229/2404
f 2461/1235/2410 2460/1234/2409 2301/1075/2256
f 2430/1204/2379 2455/1229/2404 2461/1235/2410
f 2461/1235/2410 2462/1236/2411 2430/1204/2379
f 2430/1204/2379 2462/1236/2411 2415/1189/2364
f 2412/1186/2361 2415/1189/2364 2462/1236/2411
f 2462/1236/2411 2461/1235/2410 2463/1237/2412
f 2301/1075/2256 2463/1237/2412 2461/1235/2410
f 2462/1236/2411 2464/1238/2413 2412/1186/2361
f 2463/1237/2412 2464/1238/2413 2462/1236/2411
f 2411/1185/2360 2412/1186/2361 2464/1238/2413
f 2463/1237/2412 2301/1075/2256 2465/1239/2414
f 2464/1238/2413 2466/1240/2415 2411/1185/2360
f 2464/1238/2413 2463/1237/2412 2467/1241/2416
f 2467/1241/2416 2466/1240/2415 2464/1238/2413
f 2465/1239/2414 2467/1241/2416 2463/1237/2412
f 2411/1185/2360 2466/1240/2415 2468/1242/2417
f 2468/1242/2417 2408/1182/2357 2411/1185/2360
f 2466/1240/2415 2467/1241/2416 2469/1243/2418
f 2469/1243/2418 2468/1242/2417 2466/1240/2415
f 2408/1182/2357 2468/1242/2417 2470/1244/2419
f 2470/1244/2419 2402/1176/2351 2408/1182/2357
f 2402/1176/2351 2470/1244/2419 2405/1179/2354
f 2471/1245/2420 2470/1244/2419 2468/1242/2417
f 2405/1179/2354 2470/1244/2419 2471/1245/2420
f 2468/1242/2417 2469/1243/2418 2471/1245/2420
f 2471/1245/2420 2472/1246/2421 2405/1179/2354
f 2396/1170/2345 2405/1179/2354 2472/1246/2421
f 2473/1247/2422 2469/1243/2418 2467/1241/2416
f 2467/1241/2416 2465/1239/2414 2473/1247/2422
f 2472/1246/2421 2474/1248/2423 2396/1170/2345
f 2373/1147/2322 2396/1170/2345 2474/1248/2423
f 2474/1248/2423 2357/1131/2306 2373/1147/2322
f 2357/1131/2306 2474/1248/2423 2345/1119/2294
f 2474/1248/2423 2472/1246/2421 2475/1249/2424
f 2475/1249/2424 2345/1119/2294 2474/1248/2423
f 2475/1249/2424 2472/1246/2421 2471/1245/2420
f 2345/1119/2294 2475/1249/2424 2330/1104/2279
f 2471/1245/2420 2476/1250/2425 2475/1249/2424
f 2330/1104/2279 2475/1249/2424 2476/1250/2425
f 2476/1250/2425 2471/1245/2420 2469/1243/2418
f 2469/1243/2418 2473/1247/2422 2476/1250/2425
f 2476/1250/2425 2332/1106/2281 2330/1104/2279
f 2334/1108/2283 2332/1106/2281 2476/1250/2425
f 2476/1250/2425 2473/1247/2422 2334/1108/2283
f 2334/1108/2283 2473/1247/2422 2465/1239/2414
f 2465/1239/2414 2477/1251/2426 2334/1108/2283
f 2477/1251/2426 2465/1239/2414 2301/1075/2256
f 2314/1088/2266 2334/1108/2283 2477/1251/2426
f 2477/1251/2426 2301/1075/2256 2298/1072/2253
f 2477/1251/2426 2308/1082/2261 2314/1088/2266
f 2298/1072/2253 2300/1074/2255 2477/1251/2426
f 2308/1082/2261 2477/1251/2426 2300/1074/2255
f 2478/1252/2427 2459/1233/2408 2453/1227/2402
f 2453/1227/2402 2452/1226/2401 2478/1252/2427
f 2459/1233/2408 2478/1252/2427 2479/1253/2428
f 2479/1253/2428 2291/1065/2246 2459/1233/2408
f 2291/1065/2246 2479/1253/2428 2289/1063/2244
f 2480/1254/2429 2478/1252/2427 2452/1226/2401
f 2479/1253/2428 2478/1252/2427 2480/1254/2429
f 2289/1063/2244 2479/1253/2428 2481/1255/2430
f 2480/1254/2429 2481/1255/2430 2479/1253/2428
f 2452/1226/2401 2482/1256/2431 2480/1254/2429
f 2444/1218/2393 2482/1256/2431 2452/1226/2401
f 2481/1255/2430 2480/1254/2429 2483/1257/2432
f 2483/1257/2432 2480/1254/2429 2482/1256/2431
f 2481/1255/2430 2484/1258/2433 2289/1063/2244
f 2290/1064/2245 2289/1063/2244 2484/1258/2433
f 2484/1258/2433 2485/1259/2434 2290/1064/2245
f 2484/1258/2433 2481/1255/2430 2486/1260/2435
f 2483/1257/2432 2486/1260/2435 2481/1255/2430
f 2485/1259/2434 2484/1258/2433 2487/1261/2436
f 2486/1260/2435 2487/1261/2436 2484/1258/2433
f 2487/1261/2436 2488/1262/2437 2485/1259/2434
f 2487/1261/2436 2486/1260/2435 2489/1263/2438
f 2486/1260/2435 2483/1257/2432 2489/1263/2438
f 2488/1262/2437 2487/1261/2436 2490/1264/2439
f 2489/1263/2438 2490/1264/2439 2487/1261/2436
f 2490/1264/2439 2491/1265/2440 2488/1262/2437
f 2491/1265/2440 2490/1264/2439 2492/1266/2441
f 2492/1266/2441 2493/1267/2442 2491/1265/2440
f 2494/1268/2443 2492/1266/2441 2490/1264/2439
f 2490/1264/2439 2489/1263/2438 2494/1268/2443
f 2493/1267/2442 2492/1266/2441 2495/1269/2444
f 2495/1269/2444 2492/1266/2441 2494/1268/2443
f 2495/1269/2444 2496/1270/2445 2493/1267/2442
f 2497/1271/2446 2494/1268/2443 2489/1263/2438
f 2496/1270/2445 2495/1269/2444 2498/1272/2447
f 2498/1272/2447 2499/1273/2448 2496/1270/2445
f 2494/1268/2443 2500/1274/2449 2495/1269/2444
f 2498/1272/2447 2495/1269/2444 2500/1274/2449
f 2500/1274/2449 2494/1268/2443 2497/1271/2446
f 2499/1273/2448 2498/1272/2447 2501/1275/2450
f 2500/1274/2449 2502/1276/2451 2498/1272/2447
f 2498/1272/2447 2502/1276/2451 2501/1275/2450
f 2502/1276/2451 2500/1274/2449 2503/1277/2452
f 2497/1271/2446 2503/1277/2452 2500/1274/2449
f 2502/1276/2451 2504/1278/2453 2501/1275/2450
f 2503/1277/2452 2504/1278/2453 2502/1276/2451
f 2504/1278/2453 2505/1279/2454 2501/1275/2450
f 2505/1279/2454 2504/1278/2453 2503/1277/2452
f 2489/1263/2438 2506/1280/2455 2497/1271/2446
f 2506/1280/2455 2489/1263/2438 2483/1257/2432
f 2503/1277/2452 2497/1271/2446 2507/1281/2456
f 2507/1281/2456 2497/1271/2446 2506/1280/2455
f 2503/1277/2452 2508/1282/2457 2505/1279/2454
f 2507/1281/2456 2508/1282/2457 2503/1277/2452
f 2483/1257/2432 2509/1283/2458 2506/1280/2455
f 2482/1256/2431 2509/1283/2458 2483/1257/2432
f 2506/1280/2455 2510/1284/2459 2507/1281/2456
f 2510/1284/2459 2506/1280/2455 2509/1283/2458
f 2511/1285/2460 2509/1283/2458 2482/1256/2431
f 2509/1283/2458 2511/1285/2460 2510/1284/2459
f 2482/1256/2431 2444/1218/2393 2511/1285/2460
f 2443/1217/2392 2511/1285/2460 2444/1218/2393
f 2511/1285/2460 2443/1217/2392 2512/1286/2461
f 2512/1286/2461 2510/1284/2459 2511/1285/2460
f 2441/1215/2390 2512/1286/2461 2443/1217/2392
f 2513/1287/2462 2507/1281/2456 2510/1284/2459
f 2510/1284/2459 2512/1286/2461 2513/1287/2462
f 2508/1282/2457 2507/1281/2456 2513/1287/2462
f 2512/1286/2461 2441/1215/2390 2514/1288/2463
f 2514/1288/2463 2513/1287/2462 2512/1286/2461
f 2442/1216/2391 2514/1288/2463 2441/1215/2390
f 2513/1287/2462 2515/1289/2464 2508/1282/2457
f 2515/1289/2464 2513/1287/2462 2514/1288/2463
f 2505/1279/2454 2508/1282/2457 2515/1289/2464
f 2516/1290/2465 2514/1288/2463 2442/1216/2391
f 2514/1288/2463 2516/1290/2465 2515/1289/2464
f 2442/1216/2391 2517/1291/2466 2516/1290/2465
f 2515/1289/2464 2518/1292/2467 2505/1279/2454
f 2518/1292/2467 2515/1289/2464 2516/1290/2465
f 2505/1279/2454 2518/1292/2467 2501/1275/2450
f 2519/1293/2468 2516/1290/2465 2517/1291/2466
f 2516/1290/2465 2519/1293/2468 2518/1292/2467
f 2518/1292/2467 2519/1293/2468 2501/1275/2450
f 2517/1291/2466 2520/1294/2469 2519/1293/2468
f 2519/1293/2468 2520/1294/2469 2501/1275/2450
f 2521/1020/2470 2522/1019/2200 2523/1018/2199
f 2524/1021/2202 2522/1019/2200 2521/1020/2470
f 2523/1018/2199 2525/1022/2471 2521/1020/2470
f 2525/1022/2471 2523/1018/2199 2526/1023/2472
f 2527/1024/2473 2521/1020/2470 2525/1022/2471
f 2524/1021/2202 2521/1020/2470 2527/1024/2473
f 2526/1023/2472 2528/1025/2474 2525/1022/2471
f 2528/1025/2474 2526/1023/2472 2529/1026/2207
f 2530/1027/2475 2525/1022/2471 2528/1025/2474
f 2525/1022/2471 2530/1027/2475 2527/1024/2473
f 2529/1026/2207 2531/1028/2476 2528/1025/2474
f 2531/1028/2476 2529/1026/2207 2532/1029/2477
f 2528/1025/2474 2533/1030/2478 2530/1027/2475
f 2533/1030/2478 2528/1025/2474 2531/1028/2476
f 2532/1029/2477 2534/1031/2479 2531/1028/2476
f 2534/1031/2479 2532/1029/2477 2535/1032/2480
f 2531/1028/2476 2536/1033/2481 2533/1030/2478
f 2536/1033/2481 2531/1028/2476 2534/1031/2479
f 2537/1034/2482 2530/1027/2475 2533/1030/2478
f 2535/1032/2480 2538/1035/2483 2534/1031/2479
f 2530/1027/2475 2537/1034/2482 2539/1037/2484
f 2527/1024/2473 2530/1027/2475 2539/1037/2484
f 2540/1042/2485 2538/1035/2483 2535/1032/2480
f 2535/1032/2480 2541/1043/2224 2540/1042/2485
f 2540/1042/2485 2541/1043/2224 2542/1044/2486
f 2534/1031/2479 2538/1035/2483 2543/1040/2487
f 2543/1040/2487 2538/1035/2483 2540/1042/2485
f 2543/1040/2487 2544/1039/2488 2534/1031/2479
f 2534/1031/2479 2544/1039/2488 2536/1033/2481
f 2545/1041/2489 2544/1039/2488 2543/1040/2487
f 2536/1033/2481 2544/1039/2488 2545/1041/2489
f 2540/1042/2485 2546/1045/2490 2543/1040/2487
f 2542/1044/2486 2547/1046/2491 2540/1042/2485
f 2546/1045/2490 2540/1042/2485 2547/1046/2491
f 2548/1047/2492 2547/1046/2491 2542/1044/2486
f 2542/1044/2486 2549/1048/2493 2548/1047/2492
f 2548/1047/2492 2549/1048/2493 2550/1049/2230
f 2551/1076/2494 2543/1040/2487 2546/1045/2490
f 2543/1040/2487 2551/1076/2494 2545/1041/2489
f 2550/1049/2230 2552/1050/2495 2548/1047/2492
f 2552/1050/2495 2550/1049/2230 2553/1051/2232
f 2547/1046/2491 2548/1047/2492 2554/1052/2496
f 2554/1052/2496 2548/1047/2492 2552/1050/2495
f 2547/1046/2491 2555/1056/2497 2546/1045/2490
f 2554/1052/2496 2555/1056/2497 2547/1046/2491
f 2553/1051/2232 2556/1053/2498 2552/1050/2495
f 2556/1053/2498 2553/1051/2232 2557/1054/2235
f 2552/1050/2495 2558/1055/2499 2554/1052/2496
f 2558/1055/2499 2552/1050/2495 2556/1053/2498
f 2557/1054/2235 2559/1057/2500 2556/1053/2498
f 2559/1057/2500 2557/1054/2235 2560/1058/2501
f 2556/1053/2498 2561/1059/2502 2558/1055/2499
f 2561/1059/2502 2556/1053/2498 2559/1057/2500
f 2562/1068/2503 2554/1052/2496 2558/1055/2499
f 2563/1062/2504 2558/1055/2499 2561/1059/2502
f 2558/1055/2499 2563/1062/2504 2562/1068/2503
f 2559/1057/2500 2564/1061/2505 2561/1059/2502
f 2554/1052/2496 2562/1068/2503 2565/1070/2506
f 2565/1070/2506 2555/1056/2497 2554/1052/2496
f 2564/1061/2505 2559/1057/2500 2566/1060/2507
f 2560/1058/2501 2566/1060/2507 2559/1057/2500
f 2555/1056/2497 2565/1070/2506 2567/1073/2508
f 2567/1073/2508 2546/1045/2490 2555/1056/2497
f 2546/1045/2490 2567/1073/2508 2551/1076/2494
f 2568/1063/2509 2566/1060/2507 2560/1058/2501
f 2560/1058/2501 2569/1064/2510 2568/1063/2509
f 2566/1060/2507 2570/1065/2511 2564/1061/2505
f 2570/1065/2511 2566/1060/2507 2568/1063/2509
f 2571/1258/2512 2568/1063/2509 2569/1064/2510
f 2569/1064/2510 2572/1259/2513 2571/1258/2512
f 2568/1063/2509 2573/1253/2514 2570/1065/2511
f 2574/1261/2515 2571/1258/2512 2572/1259/2513
f 2572/1259/2513 2575/1262/2516 2574/1261/2515
f 2568/1063/2509 2571/1258/2512 2576/1255/2517
f 2576/1255/2517 2573/1253/2514 2568/1063/2509
f 2571/1258/2512 2574/1261/2515 2577/1260/2518
f 2577/1260/2518 2576/1255/2517 2571/1258/2512
f 2578/1264/2519 2574/1261/2515 2575/1262/2516
f 2575/1262/2516 2579/1265/2520 2578/1264/2519
f 2580/1263/2521 2577/1260/2518 2574/1261/2515
f 2574/1261/2515 2578/1264/2519 2580/1263/2521
f 2576/1255/2517 2577/1260/2518 2581/1257/2522
f 2577/1260/2518 2580/1263/2521 2581/1257/2522
f 2582/1266/2523 2578/1264/2519 2579/1265/2520
f 2579/1265/2520 2583/1267/2442 2582/1266/2523
f 2578/1264/2519 2582/1266/2523 2584/1268/2524
f 2584/1268/2524 2580/1263/2521 2578/1264/2519
f 2585/1269/2525 2582/1266/2523 2583/1267/2442
f 2584/1268/2524 2582/1266/2523 2585/1269/2525
f 2583/1267/2442 2586/1270/2526 2585/1269/2525
f 2580/1263/2521 2584/1268/2524 2587/1271/2527
f 2588/1272/2528 2585/1269/2525 2586/1270/2526
f 2586/1270/2526 2589/1273/2529 2588/1272/2528
f 2585/1269/2525 2590/1274/2530 2584/1268/2524
f 2590/1274/2530 2585/1269/2525 2588/1272/2528
f 2587/1271/2527 2584/1268/2524 2590/1274/2530
f 2589/1273/2529 2591/1275/2531 2588/1272/2528
f 2588/1272/2528 2592/1276/2532 2590/1274/2530
f 2588/1272/2528 2591/1275/2531 2592/1276/2532
f 2593/1277/2533 2590/1274/2530 2592/1276/2532
f 2590/1274/2530 2593/1277/2533 2587/1271/2527
f 2592/1276/2532 2591/1275/2531 2594/1278/2534
f 2592/1276/2532 2594/1278/2534 2593/1277/2533
f 2594/1278/2534 2591/1275/2531 2595/1279/2535
f 2593/1277/2533 2594/1278/2534 2595/1279/2535
f 2587/1271/2527 2596/1280/2536 2580/1263/2521
f 2581/1257/2522 2580/1263/2521 2596/1280/2536
f 2597/1281/2537 2587/1271/2527 2593/1277/2533
f 2596/1280/2536 2587/1271/2527 2597/1281/2537
f 2595/1279/2535 2598/1282/2538 2593/1277/2533
f 2593/1277/2533 2598/1282/2538 2597/1281/2537
f 2595/1279/2535 2591/1275/2531 2599/1292/2539
f 2600/1289/2540 2598/1282/2538 2595/1279/2535
f 2595/1279/2535 2599/1292/2539 2600/1289/2540
f 2601/1287/2541 2597/1281/2537 2598/1282/2538
f 2598/1282/2538 2600/1289/2540 2601/1287/2541
f 2599/1292/2539 2591/1275/2531 2602/1293/2542
f 2602/1293/2542 2591/1275/2531 2603/1294/2543
f 2602/1293/2542 2603/1294/2543 2604/1291/2544
f 2599/1292/2539 2602/1293/2542 2605/1290/2545
f 2604/1291/2544 2605/1290/2545 2602/1293/2542
f 2605/1290/2545 2600/1289/2540 2599/1292/2539
f 2605/1290/2545 2604/1291/2544 2606/1216/2546
f 2600/1289/2540 2605/1290/2545 2607/1288/2547
f 2606/1216/2546 2607/1288/2547 2605/1290/2545
f 2607/1288/2547 2601/1287/2541 2600/1289/2540
f 2608/1215/2548 2607/1288/2547 2606/1216/2546
f 2606/1216/2546 2609/1214/2549 2608/1215/2548
f 2610/1286/2550 2601/1287/2541 2607/1288/2547
f 2607/1288/2547 2608/1215/2548 2610/1286/2550
f 2611/1284/2551 2597/1281/2537 2601/1287/2541
f 2601/1287/2541 2610/1286/2550 2611/1284/2551
f 2597/1281/2537 2611/1284/2551 2596/1280/2536
f 2612/1213/2552 2608/1215/2548 2609/1214/2549
f 2609/1214/2549 2613/1211/2553 2612/1213/2552
f 2614/1283/2554 2596/1280/2536 2611/1284/2551
f 2596/1280/2536 2614/1283/2554 2581/1257/2522
f 2611/1284/2551 2615/1285/2555 2614/1283/2554
f 2615/1285/2555 2611/1284/2551 2610/1286/2550
f 2581/1257/2522 2614/1283/2554 2616/1256/2556
f 2616/1256/2556 2614/1283/2554 2615/1285/2555
f 2617/1217/2557 2610/1286/2550 2608/1215/2548
f 2610/1286/2550 2617/1217/2557 2615/1285/2555
f 2608/1215/2548 2612/1213/2552 2617/1217/2557
f 2618/1218/2558 2615/1285/2555 2617/1217/2557
f 2615/1285/2555 2618/1218/2558 2616/1256/2556
f 2619/1212/2559 2617/1217/2557 2612/1213/2552
f 2617/1217/2557 2619/1212/2559 2618/1218/2558
f 2620/1210/2560 2612/1213/2552 2613/1211/2553
f 2612/1213/2552 2620/1210/2560 2619/1212/2559
f 2613/1211/2553 2621/1207/2561 2620/1210/2560
f 2622/1205/2562 2620/1210/2560 2621/1207/2561
f 2619/1212/2559 2620/1210/2560 2622/1205/2562
f 2621/1207/2561 2623/1206/2381 2622/1205/2562
f 2622/1205/2562 2623/1206/2381 2624/1199/2563
f 2622/1205/2562 2625/1209/2564 2619/1212/2559
f 2618/1218/2558 2619/1212/2559 2625/1209/2564
f 2624/1199/2563 2626/1198/2565 2622/1205/2562
f 2626/1198/2565 2624/1199/2563 2627/1196/2566
f 2625/1209/2564 2622/1205/2562 2628/1203/2567
f 2628/1203/2567 2622/1205/2562 2626/1198/2565
f 2627/1196/2566 2629/1195/2568 2626/1198/2565
f 2629/1195/2568 2627/1196/2566 2630/1194/2569
f 2631/1200/2570 2628/1203/2567 2626/1198/2565
f 2626/1198/2565 2629/1195/2568 2631/1200/2570
f 2628/1203/2567 2632/1208/2571 2625/1209/2564
f 2632/1208/2571 2628/1203/2567 2631/1200/2570
f 2630/1194/2569 2633/1193/2572 2629/1195/2568
f 2633/1193/2572 2630/1194/2569 2634/1191/2573
f 2635/1197/2574 2631/1200/2570 2629/1195/2568
f 2629/1195/2568 2633/1193/2572 2635/1197/2574
f 2634/1191/2573 2636/1190/2575 2633/1193/2572
f 2636/1190/2575 2634/1191/2573 2637/1188/2363
f 2633/1193/2572 2636/1190/2575 2638/1192/2576
f 2638/1192/2576 2635/1197/2574 2633/1193/2572
f 2637/1188/2363 2639/1187/2577 2636/1190/2575
f 2638/1192/2576 2636/1190/2575 2639/1187/2577
f 2639/1187/2577 2637/1188/2363 2640/1184/2578
f 2641/1202/2579 2631/1200/2570 2635/1197/2574
f 2631/1200/2570 2641/1202/2579 2632/1208/2571
f 2640/1184/2578 2642/1183/2580 2639/1187/2577
f 2642/1183/2580 2640/1184/2578 2643/1181/2581
f 2644/1189/2582 2639/1187/2577 2642/1183/2580
f 2639/1187/2577 2644/1189/2582 2638/1192/2576
f 2643/1181/2581 2645/1180/2583 2642/1183/2580
f 2645/1180/2583 2643/1181/2581 2646/1178/2584
f 2642/1183/2580 2647/1186/2585 2644/1189/2582
f 2647/1186/2585 2642/1183/2580 2645/1180/2583
f 2646/1178/2584 2648/1177/2586 2645/1180/2583
f 2648/1177/2586 2646/1178/2584 2649/1175/2587
f 2645/1180/2583 2650/1185/2588 2647/1186/2585
f 2650/1185/2588 2645/1180/2583 2648/1177/2586
f 2651/1236/2589 2644/1189/2582 2647/1186/2585
f 2649/1175/2587 2652/1174/2590 2648/1177/2586
f 2652/1174/2590 2649/1175/2587 2653/1172/2347
f 2644/1189/2582 2651/1236/2589 2654/1204/2591
f 2654/1204/2591 2638/1192/2576 2644/1189/2582
f 2653/1172/2347 2655/1171/2592 2652/1174/2590
f 2655/1171/2592 2653/1172/2347 2656/1169/2344
f 2638/1192/2576 2654/1204/2591 2657/1201/2593
f 2657/1201/2593 2635/1197/2574 2638/1192/2576
f 2635/1197/2574 2657/1201/2593 2641/1202/2579
f 2656/1169/2344 2658/1168/2594 2655/1171/2592
f 2658/1168/2594 2656/1169/2344 2659/1166/2341
f 2652/1174/2590 2655/1171/2592 2660/1173/2595
f 2660/1173/2595 2655/1171/2592 2658/1168/2594
f 2659/1166/2341 2661/1165/2596 2658/1168/2594
f 2661/1165/2596 2659/1166/2341 2662/1163/2338
f 2658/1168/2594 2663/1167/2597 2660/1173/2595
f 2663/1167/2597 2658/1168/2594 2661/1165/2596
f 2662/1163/2338 2664/1162/2598 2661/1165/2596
f 2524/1021/2202 2664/1162/2598 2662/1163/2338
f 2661/1165/2596 2665/1164/2599 2663/1167/2597
f 2665/1164/2599 2661/1165/2596 2664/1162/2598
f 2664/1162/2598 2666/1145/2600 2665/1164/2599
f 2524/1021/2202 2666/1145/2600 2664/1162/2598
f 2663/1167/2597 2665/1164/2599 2667/1147/2601
f 2665/1164/2599 2666/1145/2600 2667/1147/2601
f 2660/1173/2595 2663/1167/2597 2668/1170/2602
f 2667/1147/2601 2668/1170/2602 2663/1167/2597
f 2660/1173/2595 2669/1176/2603 2652/1174/2590
f 2648/1177/2586 2652/1174/2590 2669/1176/2603
f 2668/1170/2602 2670/1179/2604 2660/1173/2595
f 2669/1176/2603 2660/1173/2595 2670/1179/2604
f 2669/1176/2603 2671/1182/2605 2648/1177/2586
f 2648/1177/2586 2671/1182/2605 2650/1185/2588
f 2671/1182/2605 2669/1176/2603 2672/1244/2606
f 2670/1179/2604 2672/1244/2606 2669/1176/2603
f 2672/1244/2606 2673/1242/2607 2671/1182/2605
f 2650/1185/2588 2671/1182/2605 2673/1242/2607
f 2674/1245/2608 2672/1244/2606 2670/1179/2604
f 2673/1242/2607 2672/1244/2606 2674/1245/2608
f 2675/1246/2609 2670/1179/2604 2668/1170/2602
f 2670/1179/2604 2675/1246/2609 2674/1245/2608
f 2668/1170/2602 2676/1248/2610 2675/1246/2609
f 2676/1248/2610 2668/1170/2602 2667/1147/2601
f 2674/1245/2608 2675/1246/2609 2677/1249/2611
f 2677/1249/2611 2675/1246/2609 2676/1248/2610
f 2674/1245/2608 2678/1243/2612 2673/1242/2607
f 2677/1249/2611 2679/1250/2613 2674/1245/2608
f 2678/1243/2612 2674/1245/2608 2679/1250/2613
f 2673/1242/2607 2680/1240/2614 2650/1185/2588
f 2680/1240/2614 2673/1242/2607 2678/1243/2612
f 2650/1185/2588 2680/1240/2614 2681/1238/2615
f 2681/1238/2615 2647/1186/2585 2650/1185/2588
f 2647/1186/2585 2681/1238/2615 2651/1236/2589
f 2678/1243/2612 2682/1241/2616 2680/1240/2614
f 2681/1238/2615 2680/1240/2614 2682/1241/2616
f 2682/1241/2616 2678/1243/2612 2683/1247/2617
f 2679/1250/2613 2683/1247/2617 2678/1243/2612
f 2682/1241/2616 2684/1237/2618 2681/1238/2615
f 2651/1236/2589 2681/1238/2615 2684/1237/2618
f 2683/1247/2617 2685/1239/2619 2682/1241/2616
f 2684/1237/2618 2682/1241/2616 2685/1239/2619
f 2684/1237/2618 2686/1235/2620 2651/1236/2589
f 2654/1204/2591 2651/1236/2589 2686/1235/2620
f 2685/1239/2619 2687/1075/2621 2684/1237/2618
f 2686/1235/2620 2684/1237/2618 2687/1075/2621
f 2685/1239/2619 2683/1247/2617 2688/1108/2622
f 2688/1108/2622 2683/1247/2617 2679/1250/2613
f 2686/1235/2620 2689/1229/2623 2654/1204/2591
f 2657/1201/2593 2654/1204/2591 2689/1229/2623
f 2688/1108/2622 2690/1251/2624 2685/1239/2619
f 2690/1251/2624 2687/1075/2621 2685/1239/2619
f 2689/1229/2623 2691/1224/2625 2657/1201/2593
f 2641/1202/2579 2657/1201/2593 2691/1224/2625
f 2689/1229/2623 2686/1235/2620 2692/1234/2626
f 2687/1075/2621 2692/1234/2626 2686/1235/2620
f 2691/1224/2625 2693/1222/2627 2641/1202/2579
f 2632/1208/2571 2641/1202/2579 2693/1222/2627
f 2694/1228/2628 2691/1224/2625 2689/1229/2623
f 2693/1222/2627 2695/1220/2629 2632/1208/2571
f 2689/1229/2623 2696/1231/2630 2694/1228/2628
f 2692/1234/2626 2696/1231/2630 2689/1229/2623
f 2697/1225/2631 2693/1222/2627 2691/1224/2625
f 2691/1224/2625 2694/1228/2628 2697/1225/2631
f 2698/1223/2632 2695/1220/2629 2693/1222/2627
f 2693/1222/2627 2697/1225/2631 2698/1223/2632
f 2632/1208/2571 2695/1220/2629 2699/1219/2633
f 2699/1219/2633 2625/1209/2564 2632/1208/2571
f 2625/1209/2564 2699/1219/2633 2618/1218/2558
f 2700/1221/2634 2699/1219/2633 2695/1220/2629
f 2700/1221/2634 2618/1218/2558 2699/1219/2633
f 2695/1220/2629 2698/1223/2632 2700/1221/2634
f 2618/1218/2558 2700/1221/2634 2701/1226/2635
f 2701/1226/2635 2700/1221/2634 2698/1223/2632
f 2701/1226/2635 2616/1256/2556 2618/1218/2558
f 2702/1227/2636 2698/1223/2632 2697/1225/2631
f 2698/1223/2632 2702/1227/2636 2701/1226/2635
f 2703/1254/2637 2616/1256/2556 2701/1226/2635
f 2616/1256/2556 2703/1254/2637 2581/1257/2522
f 2581/1257/2522 2703/1254/2637 2576/1255/2517
f 2573/1253/2514 2576/1255/2517 2703/1254/2637
f 2701/1226/2635 2704/1252/2638 2703/1254/2637
f 2703/1254/2637 2704/1252/2638 2573/1253/2514
f 2704/1252/2638 2701/1226/2635 2702/1227/2636
f 2573/1253/2514 2704/1252/2638 2705/1233/2639
f 2702/1227/2636 2705/1233/2639 2704/1252/2638
f 2705/1233/2639 2570/1065/2511 2573/1253/2514
f 2697/1225/2631 2706/1230/2640 2702/1227/2636
f 2705/1233/2639 2702/1227/2636 2706/1230/2640
f 2706/1230/2640 2697/1225/2631 2694/1228/2628
f 2570/1065/2511 2705/1233/2639 2707/1067/2641
f 2706/1230/2640 2707/1067/2641 2705/1233/2639
f 2707/1067/2641 2564/1061/2505 2570/1065/2511
f 2694/1228/2628 2708/1232/2642 2706/1230/2640
f 2707/1067/2641 2706/1230/2640 2708/1232/2642
f 2708/1232/2642 2694/1228/2628 2696/1231/2630
f 2564/1061/2505 2707/1067/2641 2709/1066/2643
f 2708/1232/2642 2709/1066/2643 2707/1067/2641
f 2709/1066/2643 2561/1059/2502 2564/1061/2505
f 2561/1059/2502 2709/1066/2643 2563/1062/2504
f 2696/1231/2630 2710/1069/2644 2708/1232/2642
f 2709/1066/2643 2708/1232/2642 2710/1069/2644
f 2710/1069/2644 2563/1062/2504 2709/1066/2643
f 2710/1069/2644 2696/1231/2630 2692/1234/2626
f 2563/1062/2504 2710/1069/2644 2711/1071/2645
f 2692/1234/2626 2711/1071/2645 2710/1069/2644
f 2711/1071/2645 2562/1068/2503 2563/1062/2504
f 2711/1071/2645 2692/1234/2626 2687/1075/2621
f 2562/1068/2503 2711/1071/2645 2712/1072/2646
f 2687/1075/2621 2712/1072/2646 2711/1071/2645
f 2712/1072/2646 2565/1070/2506 2562/1068/2503
f 2712/1072/2646 2687/1075/2621 2690/1251/2624
f 2565/1070/2506 2712/1072/2646 2713/1074/2647
f 2690/1251/2624 2713/1074/2647 2712/1072/2646
f 2713/1074/2647 2567/1073/2508 2565/1070/2506
f 2713/1074/2647 2690/1251/2624 2714/1082/2648
f 2567/1073/2508 2713/1074/2647 2715/1079/2649
f 2714/1082/2648 2715/1079/2649 2713/1074/2647
f 2715/1079/2649 2716/1077/2650 2567/1073/2508
f 2551/1076/2494 2567/1073/2508 2716/1077/2650
f 2717/1081/1059 2715/1079/2649 2714/1082/2648
f 2716/1077/2650 2715/1079/2649 2717/1081/1059
f 2714/1082/2648 2718/1083/2651 2717/1081/1059
f 2717/1081/1059 2719/1080/2652 2716/1077/2650
f 2720/1084/2653 2718/1083/2651 2714/1082/2648
f 2716/1077/2650 2721/1078/2654 2551/1076/2494
f 2716/1077/2650 2719/1080/2652 2721/1078/2654
f 2545/1041/2489 2551/1076/2494 2721/1078/2654
f 2714/1082/2648 2722/1088/2655 2720/1084/2653
f 2722/1088/2655 2714/1082/2648 2690/1251/2624
f 2723/1089/2656 2720/1084/2653 2722/1088/2655
f 2690/1251/2624 2688/1108/2622 2722/1088/2655
f 2724/1085/2657 2721/1078/2654 2719/1080/2652
f 2721/1078/2654 2724/1085/2657 2545/1041/2489
f 2719/1080/2652 2725/1086/2658 2724/1085/2657
f 2724/1085/2657 2725/1086/2658 2726/1087/2659
f 2722/1088/2655 2688/1108/2622 2727/1106/2660
f 2679/1250/2613 2727/1106/2660 2688/1108/2622
f 2727/1106/2660 2728/1105/2661 2722/1088/2655
f 2722/1088/2655 2728/1105/2661 2723/1089/2656
f 2729/1104/2662 2727/1106/2660 2679/1250/2613
f 2728/1105/2661 2727/1106/2660 2729/1104/2662
f 2679/1250/2613 2677/1249/2611 2729/1104/2662
f 2723/1089/2656 2728/1105/2661 2730/1103/2663
f 2729/1104/2662 2730/1103/2663 2728/1105/2661
f 2730/1103/2663 2731/1100/1071 2723/1089/2656
f 2731/1100/1071 2730/1103/2663 2732/1099/2664
f 2732/1099/2664 2730/1103/2663 2729/1104/2662
f 2732/1099/2664 2733/1096/2665 2731/1100/1071
f 2729/1104/2662 2677/1249/2611 2734/1119/2666
f 2676/1248/2610 2734/1119/2666 2677/1249/2611
f 2733/1096/2665 2732/1099/2664 2735/1095/2667
f 2735/1095/2667 2736/1091/2668 2733/1096/2665
f 2729/1104/2662 2737/1101/2669 2732/1099/2664
f 2735/1095/2667 2732/1099/2664 2737/1101/2669
f 2734/1119/2666 2738/1107/2670 2729/1104/2662
f 2737/1101/2669 2729/1104/2662 2738/1107/2670
f 2734/1119/2666 2676/1248/2610 2739/1131/2671
f 2667/1147/2601 2739/1131/2671 2676/1248/2610
f 2738/1107/2670 2734/1119/2666 2740/1116/2672
f 2739/1131/2671 2740/1116/2672 2734/1119/2666
f 2739/1131/2671 2667/1147/2601 2741/1137/2673
f 2741/1137/2673 2667/1147/2601 2666/1145/2600
f 2740/1116/2672 2739/1131/2671 2742/1128/2674
f 2739/1131/2671 2741/1137/2673 2743/1132/2675
f 2743/1132/2675 2742/1128/2674 2739/1131/2671
f 2666/1145/2600 2744/1140/2676 2741/1137/2673
f 2745/1135/2677 2743/1132/2675 2741/1137/2673
f 2741/1137/2673 2744/1140/2676 2745/1135/2677
f 2744/1140/2676 2666/1145/2600 2746/1143/2678
f 2666/1145/2600 2524/1021/2202 2746/1143/2678
f 2747/1139/2679 2745/1135/2677 2744/1140/2676
f 2744/1140/2676 2746/1143/2678 2747/1139/2679
f 2743/1132/2675 2745/1135/2677 2748/1133/2680
f 2745/1135/2677 2747/1139/2679 2749/1136/2681
f 2749/1136/2681 2748/1133/2680 2745/1135/2677
f 2750/1142/2682 2747/1139/2679 2746/1143/2678
f 2751/1138/2683 2749/1136/2681 2747/1139/2679
f 2747/1139/2679 2750/1142/2682 2751/1138/2683
f 2748/1133/2680 2749/1136/2681 2752/1134/2684
f 2752/1134/2684 2749/1136/2681 2751/1138/2683
f 2748/1133/2680 2753/1129/2685 2743/1132/2675
f 2742/1128/2674 2743/1132/2675 2753/1129/2685
f 2752/1134/2684 2754/1130/2686 2748/1133/2680
f 2753/1129/2685 2748/1133/2680 2754/1130/2686
f 2755/1141/2687 2752/1134/2684 2751/1138/2683
f 2753/1129/2685 2756/1125/2688 2742/1128/2674
f 2751/1138/2683 2757/1144/2689 2755/1141/2687
f 2757/1144/2689 2751/1138/2683 2750/1142/2682
f 2758/1126/2690 2756/1125/2688 2753/1129/2685
f 2754/1130/2686 2758/1126/2690 2753/1129/2685
f 2759/1117/2691 2742/1128/2674 2756/1125/2688
f 2742/1128/2674 2759/1117/2691 2740/1116/2672
f 2760/1121/2692 2756/1125/2688 2758/1126/2690
f 2756/1125/2688 2760/1121/2692 2759/1117/2691
f 2761/1113/2693 2740/1116/2672 2759/1117/2691
f 2740/1116/2672 2761/1113/2693 2738/1107/2670
f 2759/1117/2691 2762/1115/2694 2761/1113/2693
f 2762/1115/2694 2759/1117/2691 2760/1121/2692
f 2738/1107/2670 2761/1113/2693 2763/1110/2695
f 2763/1110/2695 2761/1113/2693 2762/1115/2694
f 2763/1110/2695 2764/1102/2696 2738/1107/2670
f 2738/1107/2670 2764/1102/2696 2737/1101/2669
f 2762/1115/2694 2765/1112/2697 2763/1110/2695
f 2766/1098/2698 2737/1101/2669 2764/1102/2696
f 2737/1101/2669 2766/1098/2698 2735/1095/2667
f 2764/1102/2696 2763/1110/2695 2767/1109/2699
f 2767/1109/2699 2763/1110/2695 2765/1112/2697
f 2766/1098/2698 2764/1102/2696 2768/1097/2700
f 2767/1109/2699 2768/1097/2700 2764/1102/2696
f 2735/1095/2667 2766/1098/2698 2769/1094/2701
f 2768/1097/2700 2769/1094/2701 2766/1098/2698
f 2769/1094/2701 2770/1090/2702 2735/1095/2667
f 2736/1091/2668 2735/1095/2667 2770/1090/2702
f 2726/1087/2659 2736/1091/2668 2770/1090/2702
f 2726/1087/2659 2770/1090/2702 2724/1085/2657
f 2724/1085/2657 2770/1090/2702 2771/1092/2703
f 2771/1092/2703 2770/1090/2702 2769/1094/2701
f 2771/1092/2703 2545/1041/2489 2724/1085/2657
f 2771/1092/2703 2772/1093/2704 2545/1041/2489
f 2769/1094/2701 2772/1093/2704 2771/1092/2703
f 2545/1041/2489 2772/1093/2704 2536/1033/2481
f 2769/1094/2701 2773/1036/2705 2772/1093/2704
f 2536/1033/2481 2772/1093/2704 2773/1036/2705
f 2769/1094/2701 2768/1097/2700 2773/1036/2705
f 2773/1036/2705 2533/1030/2478 2536/1033/2481
f 2533/1030/2478 2773/1036/2705 2537/1034/2482
f 2774/1038/2706 2773/1036/2705 2768/1097/2700
f 2774/1038/2706 2537/1034/2482 2773/1036/2705
f 2768/1097/2700 2767/1109/2699 2774/1038/2706
f 2537/1034/2482 2774/1038/2706 2539/1037/2484
f 2774/1038/2706 2767/1109/2699 2775/1111/2707
f 2765/1112/2697 2775/1111/2707 2767/1109/2699
f 2539/1037/2484 2774/1038/2706 2776/1114/2708
f 2775/1111/2707 2776/1114/2708 2774/1038/2706
f 2775/1111/2707 2765/1112/2697 2777/1120/2709
f 2776/1114/2708 2775/1111/2707 2778/1122/2710
f 2777/1120/2709 2778/1122/2710 2775/1111/2707
f 2779/1118/2711 2777/1120/2709 2765/1112/2697
f 2765/1112/2697 2762/1115/2694 2779/1118/2711
f 2760/1121/2692 2779/1118/2711 2762/1115/2694
f 2780/1123/2712 2777/1120/2709 2779/1118/2711
f 2778/1122/2710 2777/1120/2709 2780/1123/2712
f 2779/1118/2711 2760/1121/2692 2781/1124/2713
f 2781/1124/2713 2780/1123/2712 2779/1118/2711
f 2758/1126/2690 2781/1124/2713 2760/1121/2692
f 2780/1123/2712 2782/1161/2714 2778/1122/2710
f 2783/1127/2715 2781/1124/2713 2758/1126/2690
f 2783/1127/2715 2780/1123/2712 2781/1124/2713
f 2783/1127/2715 2782/1161/2714 2780/1123/2712
f 2758/1126/2690 2754/1130/2686 2783/1127/2715
f 2754/1130/2686 2752/1134/2684 2783/1127/2715
f 2752/1134/2684 2755/1141/2687 2783/1127/2715
f 2784/1160/2716 2778/1122/2710 2782/1161/2714
f 2778/1122/2710 2784/1160/2716 2776/1114/2708
f 2783/1127/2715 2785/1156/2717 2782/1161/2714
f 2782/1161/2714 2785/1156/2717 2784/1160/2716
f 2755/1141/2687 2786/1152/2718 2783/1127/2715
f 2786/1152/2718 2785/1156/2717 2783/1127/2715
f 2786/1152/2718 2755/1141/2687 2787/1150/2719
f 2755/1141/2687 2757/1144/2689 2787/1150/2719
f 2785/1156/2717 2786/1152/2718 2788/1153/2720
f 2787/1150/2719 2788/1153/2720 2786/1152/2718
f 2785/1156/2717 2789/1158/2721 2784/1160/2716
f 2788/1153/2720 2789/1158/2721 2785/1156/2717
f 2790/1159/2722 2776/1114/2708 2784/1160/2716
f 2784/1160/2716 2789/1158/2721 2790/1159/2722
f 2776/1114/2708 2790/1159/2722 2539/1037/2484
f 2789/1158/2721 2788/1153/2720 2791/1155/2723
f 2791/1155/2723 2790/1159/2722 2789/1158/2721
f 2792/1157/2724 2539/1037/2484 2790/1159/2722
f 2790/1159/2722 2791/1155/2723 2792/1157/2724
f 2792/1157/2724 2527/1024/2473 2539/1037/2484
f 2793/1151/2725 2791/1155/2723 2788/1153/2720
f 2788/1153/2720 2787/1150/2719 2793/1151/2725
f 2794/1154/2726 2792/1157/2724 2791/1155/2723
f 2527/1024/2473 2792/1157/2724 2794/1154/2726
f 2791/1155/2723 2793/1151/2725 2794/1154/2726
f 2524/1021/2202 2527/1024/2473 2794/1154/2726
f 2795/1149/2727 2794/1154/2726 2793/1151/2725
f 2524/1021/2202 2794/1154/2726 2795/1149/2727
f 2796/1148/2728 2793/1151/2725 2787/1150/2719
f 2793/1151/2725 2796/1148/2728 2795/1149/2727
f 2787/1150/2719 2757/1144/2689 2796/1148/2728
f 2750/1142/2682 2796/1148/2728 2757/1144/2689
f 2797/1146/2729 2524/1021/2202 2795/1149/2727
f 2797/1146/2729 2795/1149/2727 2796/1148/2728
f 2796/1148/2728 2750/1142/2682 2797/1146/2729
f 2746/1143/2678 2524/1021/2202 2797/1146/2729
f 2746/1143/2678 2797/1146/2729 2750/1142/2682
f 2798/597/2730 2799/596/2731 2800/594/2732
f 2799/596/2731 2798/597/2730 2801/598/2733
f 2800/594/2732 2799/596/2731 2802/593/2734
f 2803/588/2735 2800/594/2732 2802/593/2734
f 2801/598/2733 2804/600/2736 2799/596/2731
f 2802/593/2734 2799/596/2731 2804/600/2736
f 2804/600/2736 2801/598/2733 2805/601/2737
f 2802/593/2734 2806/591/2738 2803/588/2735
f 2805/601/2737 2807/604/2739 2804/600/2736
f 2807/604/2739 2805/601/2737 2808/605/2740
f 2804/600/2736 2809/599/2741 2802/593/2734
f 2806/591/2738 2802/593/2734 2809/599/2741
f 2803/588/2735 2806/591/2738 2810/587/2742
f 2810/587/2742 2811/582/2743 2803/588/2735
f 2806/591/2738 2809/599/2741 2812/595/2744
f 2810/587/2742 2806/591/2738 2812/595/2744
f 2809/599/2741 2813/602/2745 2812/595/2744
f 2813/602/2745 2810/587/2742 2812/595/2744
f 2814/603/2746 2813/602/2745 2809/599/2741
f 2810/587/2742 2813/602/2745 2814/603/2746
f 2809/599/2741 2804/600/2736 2814/603/2746
f 2811/582/2743 2810/587/2742 2815/581/2747
f 2815/581/2747 2816/578/2748 2811/582/2743
f 2814/603/2746 2817/589/2749 2810/587/2742
f 2815/581/2747 2810/587/2742 2817/589/2749
f 2818/1/2750 2814/603/2746 2804/600/2736
f 2817/589/2749 2814/603/2746 2818/1/2750
f 2804/600/2736 2807/604/2739 2818/1/2750
f 2816/578/2748 2815/581/2747 2819/577/2751
f 2819/577/2751 2820/574/2752 2816/578/2748
f 2817/589/2749 2821/586/2753 2815/581/2747
f 2819/577/2751 2815/581/2747 2821/586/2753
f 2818/1/2750 2822/606/2754 2817/589/2749
f 2822/606/2754 2821/586/2753 2817/589/2749
f 2820/574/2752 2819/577/2751 2823/572/2755
f 2823/572/2755 2824/573/2756 2820/574/2752
f 2825/570/2757 2824/573/2756 2823/572/2755
f 2822/606/2754 2818/1/2750 2826/2/8
f 2827/568/2758 2825/570/2757 2823/572/2755
f 2825/570/2757 2827/568/2758 2828/569/2759
f 2827/568/2758 2829/566/2760 2828/569/2759
f 2826/2/8 2830/608/2761 2822/606/2754
f 2831/3/2762 2830/608/2761 2826/2/8
f 2829/566/2760 2827/568/2758 2832/565/2763
f 2832/565/2763 2833/563/2764 2829/566/2760
f 2834/609/2765 2830/608/2761 2831/3/2762
f 2822/606/2754 2830/608/2761 2834/609/2765
f 2818/1/2750 2835/607/2766 2831/3/2762
f 2835/607/2766 2834/609/2765 2831/3/2762
f 2807/604/2739 2835/607/2766 2818/1/2750
f 2834/609/2765 2835/607/2766 2807/604/2739
f 2834/609/2765 2836/610/2767 2822/606/2754
f 2821/586/2753 2822/606/2754 2836/610/2767
f 2807/604/2739 2837/611/2768 2834/609/2765
f 2837/611/2768 2836/610/2767 2834/609/2765
f 2838/612/2769 2837/611/2768 2807/604/2739
f 2808/605/2740 2838/612/2769 2807/604/2739
f 2836/610/2767 2837/611/2768 2839/613/2770
f 2839/613/2770 2837/611/2768 2838/612/2769
f 2808/605/2740 2840/623/2771 2838/612/2769
f 2840/623/2771 2808/605/2740 2841/624/2772
f 2838/612/2769 2842/620/2773 2839/613/2770
f 2841/624/2772 2843/625/2774 2840/623/2771
f 2843/625/2774 2841/624/2772 2844/626/2775
f 2838/612/2769 2840/623/2771 2845/622/2776
f 2845/622/2776 2842/620/2773 2838/612/2769
f 2840/623/2771 2843/625/2774 2846/628/2777
f 2842/620/2773 2845/622/2776 2847/621/2778
f 2846/628/2777 2848/627/2779 2840/623/2771
f 2845/622/2776 2840/623/2771 2848/627/2779
f 2842/620/2773 2847/621/2778 2849/617/2780
f 2842/620/2773 2849/617/2780 2839/613/2770
f 2850/618/2781 2847/621/2778 2845/622/2776
f 2849/617/2780 2847/621/2778 2850/618/2781
f 2849/617/2780 2851/616/2782 2839/613/2770
f 2851/616/2782 2849/617/2780 2850/618/2781
f 2852/614/2783 2839/613/2770 2851/616/2782
f 2839/613/2770 2852/614/2783 2836/610/2767
f 2851/616/2782 2853/615/2784 2852/614/2783
f 2853/615/2784 2851/616/2782 2850/618/2781
f 2854/590/2785 2836/610/2767 2852/614/2783
f 2854/590/2785 2852/614/2783 2853/615/2784
f 2836/610/2767 2854/590/2785 2821/586/2753
f 2853/615/2784 2855/592/2786 2854/590/2785
f 2821/586/2753 2854/590/2785 2856/558/2787
f 2856/558/2787 2854/590/2785 2855/592/2786
f 2850/618/2781 2857/619/2788 2853/615/2784
f 2855/592/2786 2853/615/2784 2857/619/2788
f 2856/558/2787 2858/579/2789 2821/586/2753
f 2821/586/2753 2858/579/2789 2819/577/2751
f 2857/619/2788 2859/646/2790 2855/592/2786
f 2858/579/2789 2860/576/2791 2819/577/2751
f 2823/572/2755 2819/577/2751 2860/576/2791
f 2860/576/2791 2861/571/2792 2823/572/2755
f 2827/568/2758 2823/572/2755 2861/571/2792
f 2861/571/2792 2832/565/2763 2827/568/2758
f 2860/576/2791 2862/575/2793 2861/571/2792
f 2832/565/2763 2861/571/2792 2862/575/2793
f 2862/575/2793 2860/576/2791 2858/579/2789
f 2862/575/2793 2863/562/2794 2832/565/2763
f 2833/563/2764 2832/565/2763 2863/562/2794
f 2863/562/2794 2864/553/2795 2833/563/2764
f 2858/579/2789 2865/580/2796 2862/575/2793
f 2863/562/2794 2862/575/2793 2865/580/2796
f 2865/580/2796 2858/579/2789 2866/585/2797
f 2866/585/2797 2858/579/2789 2856/558/2787
f 2867/567/2798 2863/562/2794 2865/580/2796
f 2865/580/2796 2866/585/2797 2868/584/2799
f 2865/580/2796 2869/583/2800 2867/567/2798
f 2868/584/2799 2869/583/2800 2865/580/2796
f 2868/584/2799 2867/567/2798 2869/583/2800
f 2870/564/2801 2868/584/2799 2866/585/2797
f 2867/567/2798 2868/584/2799 2870/564/2801
f 2867/567/2798 2871/561/2802 2863/562/2794
f 2871/561/2802 2867/567/2798 2870/564/2801
f 2871/561/2802 2864/553/2795 2863/562/2794
f 2866/585/2797 2872/559/2803 2870/564/2801
f 2871/561/2802 2870/564/2801 2872/559/2803
f 2856/558/2787 2872/559/2803 2866/585/2797
f 2873/560/2804 2864/553/2795 2871/561/2802
f 2872/559/2803 2873/560/2804 2871/561/2802
f 2864/553/2795 2873/560/2804 2874/552/2805
f 2874/552/2805 2873/560/2804 2872/559/2803
f 2874/552/2805 2875/533/2806 2864/553/2795
f 2872/559/2803 2856/558/2787 2876/554/2807
f 2872/559/2803 2877/556/2808 2874/552/2805
f 2878/557/2809 2877/556/2808 2872/559/2803
f 2876/554/2807 2878/557/2809 2872/559/2803
f 2877/556/2808 2878/557/2809 2879/555/2810
f 2879/555/2810 2878/557/2809 2876/554/2807
f 2874/552/2805 2877/556/2808 2879/555/2810
f 2876/554/2807 2880/551/2811 2879/555/2810
f 2874/552/2805 2879/555/2810 2880/551/2811
f 2881/546/2812 2876/554/2807 2856/558/2787
f 2881/546/2812 2880/551/2811 2876/554/2807
f 2880/551/2811 2882/548/2813 2874/552/2805
f 2882/548/2813 2875/533/2806 2874/552/2805
f 2881/546/2812 2883/550/2814 2880/551/2811
f 2882/548/2813 2880/551/2811 2884/549/2815
f 2883/550/2814 2884/549/2815 2880/551/2811
f 2885/545/2816 2875/533/2806 2882/548/2813
f 2884/549/2815 2885/545/2816 2882/548/2813
f 2884/549/2815 2883/550/2814 2886/547/2817
f 2885/545/2816 2884/549/2815 2886/547/2817
f 2886/547/2817 2883/550/2814 2881/546/2812
f 2875/533/2806 2885/545/2816 2887/532/2818
f 2887/532/2818 2888/530/2819 2875/533/2806
f 2885/545/2816 2886/547/2817 2889/542/2820
f 2889/542/2820 2887/532/2818 2885/545/2816
f 2881/546/2812 2889/542/2820 2886/547/2817
f 2890/529/2821 2888/530/2819 2887/532/2818
f 2891/515/2822 2888/530/2819 2890/529/2821
f 2889/542/2820 2881/546/2812 2892/543/2823
f 2892/543/2823 2881/546/2812 2856/558/2787
f 2855/592/2786 2892/543/2823 2856/558/2787
f 2887/532/2818 2889/542/2820 2893/540/2824
f 2892/543/2823 2893/540/2824 2889/542/2820
f 2893/540/2824 2890/529/2821 2887/532/2818
f 2892/543/2823 2855/592/2786 2894/544/2825
f 2859/646/2790 2894/544/2825 2855/592/2786
f 2893/540/2824 2892/543/2823 2895/541/2826
f 2894/544/2825 2895/541/2826 2892/543/2823
f 2896/534/2827 2890/529/2821 2893/540/2824
f 2894/544/2825 2859/646/2790 2897/640/2828
f 2897/640/2828 2859/646/2790 2857/619/2788
f 2898/526/2829 2890/529/2821 2896/534/2827
f 2890/529/2821 2898/526/2829 2891/515/2822
f 2857/619/2788 2899/636/2830 2897/640/2828
f 2899/636/2830 2857/619/2788 2850/618/2781
f 2900/522/2831 2891/515/2822 2898/526/2829
f 2850/618/2781 2901/634/2832 2899/636/2830
f 2891/515/2822 2900/522/2831 2902/513/2833
f 2902/513/2833 2903/511/2834 2891/515/2822
f 2904/632/2835 2901/634/2832 2850/618/2781
f 2845/622/2776 2904/632/2835 2850/618/2781
f 2845/622/2776 2905/630/2836 2904/632/2835
f 2848/627/2779 2905/630/2836 2845/622/2776
f 2904/632/2835 2905/630/2836 2906/631/2837
f 2906/631/2837 2905/630/2836 2848/627/2779
f 2906/631/2837 2901/634/2832 2904/632/2835
f 2846/628/2777 2906/631/2837 2848/627/2779
f 2907/633/2838 2901/634/2832 2906/631/2837
f 2846/628/2777 2907/633/2838 2906/631/2837
f 2901/634/2832 2907/633/2838 2908/635/2839
f 2908/635/2839 2899/636/2830 2901/634/2832
f 2909/629/2840 2907/633/2838 2846/628/2777
f 2907/633/2838 2909/629/2840 2908/635/2839
f 2846/628/2777 2843/625/2774 2909/629/2840
f 2844/626/2775 2909/629/2840 2843/625/2774
f 2899/636/2830 2908/635/2839 2910/637/2841
f 2909/629/2840 2910/637/2841 2908/635/2839
f 2910/637/2841 2897/640/2828 2899/636/2830
f 2909/629/2840 2844/626/2775 2911/638/2842
f 2911/638/2842 2910/637/2841 2909/629/2840
f 2911/638/2842 2844/626/2775 2912/639/2843
f 2897/640/2828 2910/637/2841 2913/641/2844
f 2910/637/2841 2911/638/2842 2913/641/2844
f 2912/639/2843 2914/642/2845 2911/638/2842
f 2915/643/2846 2914/642/2845 2912/639/2843
f 2916/644/2847 2913/641/2844 2911/638/2842
f 2911/638/2842 2914/642/2845 2916/644/2847
f 2913/641/2844 2917/645/2848 2897/640/2828
f 2917/645/2848 2913/641/2844 2916/644/2847
f 2917/645/2848 2918/647/2849 2897/640/2828
f 2916/644/2847 2919/649/2850 2917/645/2848
f 2918/647/2849 2917/645/2848 2919/649/2850
f 2920/648/2851 2897/640/2828 2918/647/2849
f 2897/640/2828 2920/648/2851 2894/544/2825
f 2919/649/2850 2921/650/2852 2918/647/2849
f 2918/647/2849 2922/651/2853 2920/648/2851
f 2921/650/2852 2922/651/2853 2918/647/2849
f 2921/650/2852 2919/649/2850 2923/652/2854
f 2922/651/2853 2921/650/2852 2923/652/2854
f 2920/648/2851 2922/651/2853 2923/652/2854
f 2919/649/2850 2916/644/2847 2923/652/2854
f 2923/652/2854 2924/653/2855 2920/648/2851
f 2894/544/2825 2920/648/2851 2924/653/2855
f 2925/654/2856 2923/652/2854 2916/644/2847
f 2924/653/2855 2923/652/2854 2925/654/2856
f 2916/644/2847 2926/656/2857 2925/654/2856
f 2926/656/2857 2916/644/2847 2914/642/2845
f 2924/653/2855 2927/655/2858 2894/544/2825
f 2926/656/2857 2928/659/2859 2925/654/2856
f 2925/654/2856 2929/658/2860 2924/653/2855
f 2928/659/2859 2929/658/2860 2925/654/2856
f 2924/653/2855 2930/657/2861 2927/655/2858
f 2930/657/2861 2924/653/2855 2929/658/2860
f 2894/544/2825 2927/655/2858 2931/528/2862
f 2931/528/2862 2927/655/2858 2930/657/2861
f 2894/544/2825 2931/528/2862 2895/541/2826
f 2926/656/2857 2932/660/2863 2928/659/2859
f 2914/642/2845 2932/660/2863 2926/656/2857
f 2932/660/2863 2933/661/2864 2928/659/2859
f 2933/661/2864 2932/660/2863 2914/642/2845
f 2929/658/2860 2928/659/2859 2934/662/2865
f 2933/661/2864 2934/662/2865 2928/659/2859
f 2934/662/2865 2935/663/2866 2929/658/2860
f 2929/658/2860 2935/663/2866 2930/657/2861
f 2936/664/2867 2934/662/2865 2933/661/2864
f 2935/663/2866 2934/662/2865 2936/664/2867
f 2914/642/2845 2937/665/2868 2933/661/2864
f 2933/661/2864 2937/665/2868 2936/664/2867
f 2938/666/2869 2937/665/2868 2914/642/2845
f 2936/664/2867 2937/665/2868 2938/666/2869
f 2914/642/2845 2915/643/2846 2938/666/2869
f 2936/664/2867 2939/667/2870 2935/663/2866
f 2939/667/2870 2930/657/2861 2935/663/2866
f 2938/666/2869 2940/668/2871 2936/664/2867
f 2939/667/2870 2936/664/2867 2940/668/2871
f 2941/669/2872 2938/666/2869 2915/643/2846
f 2940/668/2871 2938/666/2869 2941/669/2872
f 2915/643/2846 2942/670/2873 2941/669/2872
f 2941/669/2872 2943/4/2874 2940/668/2871
f 2941/669/2872 2942/670/2873 2944/674/2875
f 2944/674/2875 2943/4/2874 2941/669/2872
f 2940/668/2871 2943/4/2874 2945/5/11
f 2943/4/2874 2944/674/2875 2946/6/2876
f 2945/5/11 2947/672/2877 2940/668/2871
f 2947/672/2877 2945/5/11 2946/6/2876
f 2940/668/2871 2947/672/2877 2939/667/2870
f 2948/676/2878 2944/674/2875 2942/670/2873
f 2942/670/2873 2949/677/2879 2948/676/2878
f 2939/667/2870 2947/672/2877 2950/671/2880
f 2950/671/2880 2930/657/2861 2939/667/2870
f 2946/6/2876 2951/673/2881 2947/672/2877
f 2950/671/2880 2947/672/2877 2951/673/2881
f 2944/674/2875 2952/675/2882 2946/6/2876
f 2951/673/2881 2946/6/2876 2952/675/2882
f 2948/676/2878 2952/675/2882 2944/674/2875
f 2951/673/2881 2953/501/2883 2950/671/2880
f 2952/675/2882 2953/501/2883 2951/673/2881
f 2930/657/2861 2950/671/2880 2954/506/2884
f 2954/506/2884 2950/671/2880 2953/501/2883
f 2954/506/2884 2955/519/2885 2930/657/2861
f 2930/657/2861 2955/519/2885 2931/528/2862
f 2953/501/2883 2956/504/2886 2954/506/2884
f 2955/519/2885 2954/506/2884 2957/517/2887
f 2958/505/2888 2954/506/2884 2956/504/2886
f 2957/517/2887 2954/506/2884 2958/505/2888
f 2957/517/2887 2959/516/2889 2955/519/2885
f 2956/504/2886 2960/502/2890 2958/505/2888
f 2958/505/2888 2961/508/2891 2957/517/2887
f 2957/517/2887 2961/508/2891 2959/516/2889
f 2962/503/2892 2958/505/2888 2960/502/2890
f 2961/508/2891 2958/505/2888 2962/503/2892
f 2963/498/2893 2960/502/2890 2956/504/2886
f 2953/501/2883 2963/498/2893 2956/504/2886
f 2960/502/2890 2964/499/2894 2962/503/2892
f 2963/498/2893 2964/499/2894 2960/502/2890
f 2962/503/2892 2965/509/2895 2961/508/2891
f 2966/487/2896 2963/498/2893 2953/501/2883
f 2967/507/2897 2965/509/2895 2962/503/2892
f 2968/512/2898 2961/508/2891 2965/509/2895
f 2965/509/2895 2967/507/2897 2968/512/2898
f 2969/514/2899 2961/508/2891 2968/512/2898
f 2959/516/2889 2961/508/2891 2969/514/2899
f 2967/507/2897 2970/510/2900 2968/512/2898
f 2968/512/2898 2970/510/2900 2969/514/2899
f 2962/503/2892 2971/496/2901 2967/507/2897
f 2971/496/2901 2962/503/2892 2964/499/2894
f 2967/507/2897 2972/497/2902 2970/510/2900
f 2972/497/2902 2967/507/2897 2971/496/2901
f 2970/510/2900 2972/497/2902 2903/511/2834
f 2903/511/2834 2902/513/2833 2970/510/2900
f 2969/514/2899 2970/510/2900 2902/513/2833
f 2971/496/2901 2973/466/2903 2972/497/2902
f 2969/514/2899 2902/513/2833 2974/518/2904
f 2959/516/2889 2969/514/2899 2974/518/2904
f 2974/518/2904 2902/513/2833 2975/521/2905
f 2902/513/2833 2900/522/2831 2975/521/2905
f 2959/516/2889 2974/518/2904 2976/520/2906
f 2975/521/2905 2976/520/2906 2974/518/2904
f 2976/520/2906 2955/519/2885 2959/516/2889
f 2931/528/2862 2955/519/2885 2976/520/2906
f 2977/523/2907 2975/521/2905 2900/522/2831
f 2975/521/2905 2977/523/2907 2976/520/2906
f 2900/522/2831 2978/525/2908 2977/523/2907
f 2977/523/2907 2979/524/2909 2976/520/2906
f 2978/525/2908 2979/524/2909 2977/523/2907
f 2976/520/2906 2979/524/2909 2931/528/2862
f 2978/525/2908 2900/522/2831 2898/526/2829
f 2979/524/2909 2978/525/2908 2980/527/2910
f 2980/527/2910 2931/528/2862 2979/524/2909
f 2978/525/2908 2898/526/2829 2980/527/2910
f 2931/528/2862 2980/527/2910 2981/537/2911
f 2981/537/2911 2895/541/2826 2931/528/2862
f 2895/541/2826 2981/537/2911 2893/540/2824
f 2982/531/2912 2980/527/2910 2898/526/2829
f 2981/537/2911 2980/527/2910 2982/531/2912
f 2898/526/2829 2983/535/2913 2982/531/2912
f 2896/534/2827 2983/535/2913 2898/526/2829
f 2982/531/2912 2984/538/2914 2981/537/2911
f 2893/540/2824 2981/537/2911 2984/538/2914
f 2982/531/2912 2983/535/2913 2985/536/2915
f 2984/538/2914 2982/531/2912 2985/536/2915
f 2983/535/2913 2896/534/2827 2985/536/2915
f 2984/538/2914 2986/539/2916 2893/540/2824
f 2893/540/2824 2986/539/2916 2896/534/2827
f 2984/538/2914 2985/536/2915 2986/539/2916
f 2896/534/2827 2986/539/2916 2985/536/2915
f 2987/468/2917 2973/466/2903 2971/496/2901
f 2973/466/2903 2987/468/2917 2988/465/2918
f 2988/465/2918 2989/463/2919 2973/466/2903
f 2990/494/2920 2987/468/2917 2971/496/2901
f 2989/463/2919 2988/465/2918 2991/462/2921
f 2991/462/2921 2992/458/2922 2989/463/2919
f 2971/496/2901 2993/500/2923 2990/494/2920
f 2964/499/2894 2993/500/2923 2971/496/2901
f 2990/494/2920 2993/500/2923 2964/499/2894
f 2992/458/2922 2991/462/2921 2994/457/2924
f 2994/457/2924 1702/442/1664 2992/458/2922
f 2964/499/2894 2995/493/2925 2990/494/2920
f 1702/442/1664 2994/457/2924 2996/455/2926
f 1702/442/1664 2996/455/2926 1701/441/1663
f 2997/495/2927 2995/493/2925 2964/499/2894
f 2964/499/2894 2963/498/2893 2997/495/2927
f 2998/488/2928 2997/495/2927 2963/498/2893
f 2995/493/2925 2997/495/2927 2998/488/2928
f 2963/498/2893 2966/487/2896 2998/488/2928
f 2990/494/2920 2995/493/2925 2999/492/2929
f 2995/493/2925 3000/491/2930 2999/492/2929
f 2998/488/2928 3000/491/2930 2995/493/2925
f 2990/494/2920 2999/492/2929 3001/490/2931
f 3000/491/2930 3001/490/2931 2999/492/2929
f 3001/490/2931 3000/491/2930 2998/488/2928
f 3001/490/2931 2987/468/2917 2990/494/2920
f 2987/468/2917 3001/490/2931 3002/473/2932
f 2998/488/2928 3002/473/2932 3001/490/2931
f 3002/473/2932 2988/465/2918 2987/468/2917
f 3003/486/2933 3002/473/2932 2998/488/2928
f 2998/488/2928 2966/487/2896 3003/486/2933
f 3004/470/2934 2988/465/2918 3002/473/2932
f 3004/470/2934 2991/462/2921 2988/465/2918
f 3005/474/2935 3004/470/2934 3002/473/2932
f 3003/486/2933 3005/474/2935 3002/473/2932
f 2991/462/2921 3004/470/2934 3006/472/2936
f 3006/472/2936 3004/470/2934 3005/474/2935
f 3005/474/2935 3003/486/2933 3007/476/2937
f 3005/474/2935 3007/476/2937 3006/472/2936
f 3008/483/2938 3003/486/2933 2966/487/2896
f 3007/476/2937 3003/486/2933 3008/483/2938
f 2991/462/2921 3006/472/2936 3009/467/2939
f 3006/472/2936 3007/476/2937 3010/475/2940
f 3010/475/2940 3009/467/2939 3006/472/2936
f 3009/467/2939 3011/464/2941 2991/462/2921
f 3011/464/2941 2994/457/2924 2991/462/2921
f 3009/467/2939 3010/475/2940 3012/477/2942
f 3011/464/2941 3009/467/2939 3013/469/2943
f 3012/477/2942 3013/469/2943 3009/467/2939
f 3014/478/2944 3010/475/2940 3007/476/2937
f 3010/475/2940 3014/478/2944 3012/477/2942
f 3007/476/2937 3015/481/2945 3014/478/2944
f 3008/483/2938 3015/481/2945 3007/476/2937
f 3014/478/2944 3016/479/2946 3012/477/2942
f 3016/479/2946 3014/478/2944 3015/481/2945
f 3017/471/2947 3013/469/2943 3012/477/2942
f 3012/477/2942 3016/479/2946 3017/471/2947
f 3015/481/2945 3018/480/2948 3016/479/2946
f 3018/480/2948 3017/471/2947 3016/479/2946
f 3018/480/2948 3015/481/2945 3008/483/2938
f 3013/469/2943 3017/471/2947 3019/461/2949
f 3019/461/2949 3017/471/2947 3018/480/2948
f 3019/461/2949 3011/464/2941 3013/469/2943
f 2994/457/2924 3011/464/2941 3019/461/2949
f 3020/484/2950 3018/480/2948 3008/483/2938
f 3019/461/2949 3021/459/2951 2994/457/2924
f 3022/482/2952 3018/480/2948 3020/484/2950
f 3018/480/2948 3022/482/2952 3019/461/2949
f 2994/457/2924 3021/459/2951 3023/456/2953
f 3023/456/2953 2996/455/2926 2994/457/2924
f 3024/460/2954 3021/459/2951 3019/461/2949
f 3025/453/2955 2996/455/2926 3023/456/2953
f 3025/453/2955 1701/441/1663 2996/455/2926
f 3026/454/2956 3023/456/2953 3021/459/2951
f 3026/454/2956 3025/453/2955 3023/456/2953
f 3024/460/2954 3026/454/2956 3021/459/2951
f 1701/441/1663 3025/453/2955 3027/451/2957
f 3025/453/2955 3026/454/2956 3027/451/2957
f 1713/444/1675 1701/441/1663 3027/451/2957
f 3028/450/2958 3027/451/2957 3026/454/2956
f 3027/451/2957 3028/450/2958 1713/444/1675
f 3026/454/2956 3024/460/2954 3028/450/2958
f 3019/461/2949 3029/452/2959 3024/460/2954
f 3028/450/2958 3024/460/2954 3029/452/2959
f 3019/461/2949 3022/482/2952 3029/452/2959
f 1713/444/1675 3028/450/2958 3030/446/2960
f 3029/452/2959 3030/446/2960 3028/450/2958
f 3029/452/2959 3022/482/2952 3030/446/2960
f 1712/443/1674 1713/444/1675 3030/446/2960
f 1718/448/1680 1712/443/1674 3030/446/2960
f 3031/485/2961 3030/446/2960 3022/482/2952
f 3030/446/2960 3031/485/2961 1718/448/1680
f 3022/482/2952 3032/700/2962 3031/485/2961
f 3020/484/2950 3032/700/2962 3022/482/2952
f 1718/448/1680 3031/485/2961 3033/715/2963
f 3032/700/2962 3020/484/2950 3034/698/2964
f 3033/715/2963 3035/724/2965 1718/448/1680
f 3034/698/2964 3036/701/2966 3032/700/2962
f 1718/448/1680 3035/724/2965 3037/728/2967
f 3037/728/2967 1717/447/1679 1718/448/1680
f 3038/699/2968 3036/701/2966 3034/698/2964
f 3039/736/2969 1717/447/1679 3037/728/2967
f 3036/701/2966 3038/699/2968 3040/702/2970
f 3040/702/2970 3032/700/2962 3036/701/2966
f 1717/447/1679 3039/736/2969 3041/738/2971
f 3041/738/2971 1720/449/1682 1717/447/1679
f 3042/703/2972 3032/700/2962 3040/702/2970
f 1720/449/1682 3041/738/2971 3043/740/2973
f 3044/741/2974 1720/449/1682 3043/740/2973
f 1720/449/1682 3044/741/2974 1721/742/1683
f 3041/738/2971 3045/739/2975 3043/740/2973
f 3044/741/2974 3043/740/2973 3045/739/2975
f 3045/739/2975 1721/742/1683 3044/741/2974
f 3045/739/2975 3041/738/2971 3039/736/2969
f 1721/742/1683 3045/739/2975 1730/743/1692
f 1730/743/1692 3045/739/2975 1737/737/1699
f 3045/739/2975 3039/736/2969 3046/734/2976
f 3046/734/2976 1737/737/1699 3045/739/2975
f 3037/728/2967 3046/734/2976 3039/736/2969
f 1737/737/1699 3046/734/2976 3047/735/2977
f 1735/726/1697 1737/737/1699 3047/735/2977
f 3046/734/2976 3037/728/2967 3048/732/2978
f 3049/725/2979 1735/726/1697 3047/735/2977
f 3047/735/2977 3046/734/2976 3050/733/2980
f 3048/732/2978 3050/733/2980 3046/734/2976
f 3047/735/2977 3050/733/2980 3049/725/2979
f 1735/726/1697 3049/725/2979 3051/705/2981
f 3052/729/2982 3048/732/2978 3037/728/2967
f 3037/728/2967 3035/724/2965 3052/729/2982
f 3050/733/2980 3048/732/2978 3053/731/2983
f 3053/731/2983 3048/732/2978 3052/729/2982
f 3054/730/2984 3050/733/2980 3053/731/2983
f 3049/725/2979 3050/733/2980 3054/730/2984
f 3052/729/2982 3055/727/2985 3053/731/2983
f 3055/727/2985 3054/730/2984 3053/731/2983
f 3049/725/2979 3054/730/2984 3055/727/2985
f 3055/727/2985 3052/729/2982 3035/724/2965
f 3055/727/2985 3056/720/2986 3049/725/2979
f 3035/724/2965 3056/720/2986 3055/727/2985
f 3051/705/2981 3049/725/2979 3056/720/2986
f 3057/722/2987 3056/720/2986 3035/724/2965
f 3056/720/2986 3058/717/2988 3051/705/2981
f 3035/724/2965 3059/723/2989 3057/722/2987
f 3060/718/2990 3058/717/2988 3056/720/2986
f 3056/720/2986 3057/722/2987 3060/718/2990
f 3061/719/2991 3059/723/2989 3035/724/2965
f 3035/724/2965 3033/715/2963 3061/719/2991
f 3057/722/2987 3059/723/2989 3062/721/2992
f 3059/723/2989 3061/719/2991 3062/721/2992
f 3060/718/2990 3057/722/2987 3062/721/2992
f 3062/721/2992 3061/719/2991 3063/716/2993
f 3063/716/2993 3060/718/2990 3062/721/2992
f 3063/716/2993 3061/719/2991 3033/715/2963
f 3058/717/2988 3060/718/2990 3064/714/2994
f 3064/714/2994 3060/718/2990 3063/716/2993
f 3051/705/2981 3058/717/2988 3064/714/2994
f 3033/715/2963 3065/713/2995 3063/716/2993
f 3063/716/2993 3065/713/2995 3064/714/2994
f 3065/713/2995 3033/715/2963 3031/485/2961
f 3051/705/2981 3064/714/2994 3066/704/2996
f 3066/704/2996 3064/714/2994 3065/713/2995
f 3066/704/2996 3067/697/2997 3051/705/2981
f 3031/485/2961 3068/712/2998 3065/713/2995
f 3065/713/2995 3068/712/2998 3066/704/2996
f 3068/712/2998 3031/485/2961 3069/706/2999
f 3069/706/2999 3031/485/2961 3032/700/2962
f 3069/706/2999 3032/700/2962 3042/703/2972
f 3068/712/2998 3069/706/2999 3070/709/3000
f 3069/706/2999 3042/703/2972 3071/707/3001
f 3071/707/3001 3070/709/3000 3069/706/2999
f 3070/709/3000 3072/711/3002 3068/712/2998
f 3070/709/3000 3071/707/3001 3073/710/3003
f 3072/711/3002 3070/709/3000 3073/710/3003
f 3071/707/3001 3074/708/3004 3073/710/3003
f 3074/708/3004 3072/711/3002 3073/710/3003
f 3068/712/2998 3072/711/3002 3074/708/3004
f 3074/708/3004 3071/707/3001 3042/703/2972
f 3074/708/3004 3066/704/2996 3068/712/2998
f 3042/703/2972 3066/704/2996 3074/708/3004
f 3075/695/3005 3066/704/2996 3042/703/2972
f 3067/697/2997 3066/704/2996 3075/695/3005
f 3042/703/2972 3040/702/2970 3075/695/3005
f 3075/695/3005 3076/696/3006 3067/697/2997
f 3038/699/2968 3075/695/3005 3040/702/2970
f 3077/679/3007 3076/696/3006 3075/695/3005
f 3075/695/3005 3038/699/2968 3078/694/3008
f 3038/699/2968 3034/698/2964 3078/694/3008
f 3075/695/3005 3079/693/3009 3077/679/3007
f 3078/694/3008 3079/693/3009 3075/695/3005
f 3080/691/3010 3078/694/3008 3034/698/2964
f 3034/698/2964 3020/484/2950 3080/691/3010
f 3079/693/3009 3078/694/3008 3081/692/3011
f 3078/694/3008 3080/691/3010 3081/692/3011
f 3077/679/3007 3079/693/3009 3082/689/3012
f 3081/692/3011 3082/689/3012 3079/693/3009
f 3083/678/3013 3077/679/3007 3082/689/3012
f 3077/679/3007 3083/678/3013 2949/677/2879
f 2949/677/2879 3083/678/3013 2948/676/2878
f 3081/692/3011 3084/690/3014 3082/689/3012
f 3082/689/3012 3084/690/3014 3085/687/3015
f 3085/687/3015 3083/678/3013 3082/689/3012
f 3086/688/3016 3084/690/3014 3081/692/3011
f 3086/688/3016 3085/687/3015 3084/690/3014
f 3081/692/3011 3080/691/3010 3086/688/3016
f 3087/686/3017 3085/687/3015 3086/688/3016
f 3083/678/3013 3085/687/3015 3087/686/3017
f 3080/691/3010 3088/684/3018 3086/688/3016
f 3086/688/3016 3088/684/3018 3087/686/3017
f 3088/684/3018 3080/691/3010 3020/484/2950
f 3083/678/3013 3087/686/3017 3089/685/3019
f 3087/686/3017 3088/684/3018 3089/685/3019
f 3089/685/3019 3090/683/3020 3083/678/3013
f 3090/683/3020 3089/685/3019 3088/684/3018
f 2948/676/2878 3083/678/3013 3090/683/3020
f 3020/484/2950 3091/489/3021 3088/684/3018
f 3020/484/2950 3008/483/2938 3091/489/3021
f 3091/489/3021 3008/483/2938 2966/487/2896
f 2953/501/2883 3091/489/3021 2966/487/2896
f 3091/489/3021 2953/501/2883 2952/675/2882
f 3092/682/3022 3088/684/3018 3091/489/3021
f 3088/684/3018 3092/682/3022 3090/683/3020
f 2952/675/2882 3093/681/3023 3091/489/3021
f 3091/489/3021 3093/681/3023 3092/682/3022
f 3093/681/3023 2952/675/2882 3094/680/3024
f 3094/680/3024 3092/682/3022 3093/681/3023
f 2952/675/2882 2948/676/2878 3094/680/3024
f 3090/683/3020 3092/682/3022 3094/680/3024
f 2948/676/2878 3090/683/3020 3094/680/3024
f 3095/1295/3025 3096/1296/3026 3097/1297/3027
f 3098/1298/3028 3096/1296/3026 3095/1295/3025
f 3097/1297/3027 3099/1299/3029 3095/1295/3025
f 3099/1299/3029 3097/1297/3027 3100/1300/3030
f 3095/1295/3025 3101/1301/3031 3098/1298/3028
f 3101/1301/3031 3095/1295/3025 3099/1299/3029
f 3100/1300/3030 3102/1302/3032 3099/1299/3029
f 3099/1299/3029 3102/1302/3032 3101/1301/3031
f 3102/1302/3032 3100/1300/3030 3103/1303/3033
f 3098/1298/3028 3101/1301/3031 3104/1304/3034
f 3104/1304/3034 3101/1301/3031 3102/1302/3032
f 3104/1304/3034 3105/1305/3035 3098/1298/3028
f 3103/1303/3033 3106/1306/3036 3102/1302/3032
f 3102/1302/3032 3106/1306/3036 3104/1304/3034
f 3106/1306/3036 3103/1303/3033 3105/1305/3035
f 3105/1305/3035 3104/1304/3034 3106/1306/3036
f 3107/1307/3037 3108/1308/3038 3109/1309/3039
f 3109/1309/3039 3108/1308/3038 3110/1310/3040
f 3109/1309/3039 3111/1311/3041 3107/1307/3037
f 3112/1312/3042 3107/1307/3037 3111/1311/3041
f 3110/1310/3040 3113/1313/3043 3109/1309/3039
f 3111/1311/3041 3109/1309/3039 3113/1313/3043
f 3111/1311/3041 3114/1314/3044 3112/1312/3042
f 3113/1313/3043 3114/1314/3044 3111/1311/3041
f 3112/1312/3042 3114/1314/3044 3115/1315/3045
f 3115/1315/3045 3114/1314/3044 3113/1313/3043
f 3115/1315/3045 3116/1316/3046 3112/1312/3042
f 3117/1317/3047 3116/1316/3046 3115/1315/3045
f 3118/1318/3048 3113/1313/3043 3110/1310/3040
f 3110/1310/3040 3117/1317/3047 3118/1318/3048
f 3113/1313/3043 3118/1318/3048 3115/1315/3045
f 3115/1315/3045 3118/1318/3048 3117/1317/3047
f 3119/1295/3049 3120/1296/3050 3121/1297/3051
f 3122/1298/3052 3120/1296/3050 3119/1295/3049
f 3121/1297/3051 3123/1299/3053 3119/1295/3049
f 3123/1299/3053 3121/1297/3051 3124/1300/3054
f 3119/1295/3049 3125/1301/3055 3122/1298/3052
f 3125/1301/3055 3119/1295/3049 3123/1299/3053
f 3124/1300/3054 3126/1302/3056 3123/1299/3053
f 3123/1299/3053 3126/1302/3056 3125/1301/3055
f 3126/1302/3056 3124/1300/3054 3127/1303/3057
f 3122/1298/3052 3125/1301/3055 3128/1304/3058
f 3128/1304/3058 3125/1301/3055 3126/1302/3056
f 3128/1304/3058 3129/1305/3059 3122/1298/3052
f 3127/1303/3057 3130/1306/3060 3126/1302/3056
f 3126/1302/3056 3130/1306/3060 3128/1304/3058
f 3130/1306/3060 3127/1303/3057 3129/1305/3059
f 3129/1305/3059 3128/1304/3058 3130/1306/3060
f 3131/1307/3061 3132/1308/3062 3133/1309/3063
f 3133/1309/3063 3132/1308/3062 3134/1310/3064
f 3133/1309/3063 3135/1311/3065 3131/1307/3061
f 3136/1312/3066 3131/1307/3061 3135/1311/3065
f 3134/1310/3064 3137/1313/3067 3133/1309/3063
f 3135/1311/3065 3133/1309/3063 3137/1313/3067
f 3135/1311/3065 3138/1314/3068 3136/1312/3066
f 3137/1313/3067 3138/1314/3068 3135/1311/3065
f 3136/1312/3066 3138/1314/3068 3139/1315/3069
f 3139/1315/3069 3138/1314/3068 3137/1313/3067
f 3139/1315/3069 3140/1316/3070 3136/1312/3066
f 3141/1317/3071 3140/1316/3070 3139/1315/3069
f 3142/1318/3072 3137/1313/3067 3134/1310/3064
f 3134/1310/3064 3141/1317/3071 3142/1318/3072
f 3137/1313/3067 3142/1318/3072 3139/1315/3069
f 3139/1315/3069 3142/1318/3072 3141/1317/3071
f 3143/1297/3073 3144/1296/3074 3145/1295/3075
f 3145/1295/3075 3144/1296/3074 3146/1298/3076
f 3145/1295/3075 3147/1299/3077 3143/1297/3073
f 3148/1300/3078 3143/1297/3073 3147/1299/3077
f 3146/1298/3076 3149/1301/3079 3145/1295/3075
f 3147/1299/3077 3145/1295/3075 3149/1301/3079
f 3147/1299/3077 3150/1302/3080 3148/1300/3078
f 3149/1301/3079 3150/1302/3080 3147/1299/3077
f 3151/1303/3081 3148/1300/3078 3150/1302/3080
f 3152/1304/3082 3149/1301/3079 3146/1298/3076
f 3150/1302/3080 3149/1301/3079 3152/1304/3082
f 3146/1298/3076 3153/1305/3083 3152/1304/3082
f 3150/1302/3080 3154/1306/3084 3151/1303/3081
f 3153/1305/3083 3151/1303/3081 3154/1306/3084
f 3152/1304/3082 3154/1306/3084 3150/1302/3080
f 3154/1306/3084 3152/1304/3082 3153/1305/3083
f 3155/1309/3085 3156/1308/3086 3157/1307/3087
f 3158/1310/3088 3156/1308/3086 3155/1309/3085
f 3157/1307/3087 3159/1311/3089 3155/1309/3085
f 3159/1311/3089 3157/1307/3087 3160/1312/3090
f 3155/1309/3085 3161/1313/3091 3158/1310/3088
f 3161/1313/3091 3155/1309/3085 3159/1311/3089
f 3160/1312/3090 3162/1314/3092 3159/1311/3089
f 3159/1311/3089 3162/1314/3092 3161/1313/3091
f 3163/1315/3093 3162/1314/3092 3160/1312/3090
f 3161/1313/3091 3162/1314/3092 3163/1315/3093
f 3160/1312/3090 3164/1316/3094 3163/1315/3093
f 3163/1315/3093 3164/1316/3094 3165/1317/3095
f 3158/1310/3088 3161/1313/3091 3166/1318/3096
f 3163/1315/3093 3166/1318/3096 3161/1313/3091
f 3166/1318/3096 3165/1317/3095 3158/1310/3088
f 3165/1317/3095 3166/1318/3096 3163/1315/3093
f 3167/1295/3097 3168/1296/3098 3169/1297/3099
f 3170/1298/3100 3168/1296/3098 3167/1295/3097
f 3169/1297/3099 3171/1299/3101 3167/1295/3097
f 3171/1299/3101 3169/1297/3099 3172/1300/3102
f 3167/1295/3097 3173/1301/3103 3170/1298/3100
f 3173/1301/3103 3167/1295/3097 3171/1299/3101
f 3172/1300/3102 3174/1302/3104 3171/1299/3101
f 3171/1299/3101 3174/1302/3104 3173/1301/3103
f 3174/1302/3104 3172/1300/3102 3175/1303/3105
f 3170/1298/3100 3173/1301/3103 3176/1304/3106
f 3176/1304/3106 3173/1301/3103 3174/1302/3104
f 3176/1304/3106 3177/1305/3107 3170/1298/3100
f 3175/1303/3105 3178/1306/3108 3174/1302/3104
f 3174/1302/3104 3178/1306/3108 3176/1304/3106
f 3178/1306/3108 3175/1303/3105 3177/1305/3107
f 3177/1305/3107 3176/1304/3106 3178/1306/3108
f 3179/1307/3109 3180/1308/3110 3181/1309/3111
f 3181/1309/3111 3180/1308/3110 3182/1310/3112
f 3181/1309/3111 3183/1311/3113 3179/1307/3109
f 3184/1312/3114 3179/1307/3109 3183/1311/3113
f 3182/1310/3112 3185/1313/3115 3181/1309/3111
f 3183/1311/3113 3181/1309/3111 3185/1313/3115
f 3183/1311/3113 3186/1314/3116 3184/1312/3114
f 3185/1313/3115 3186/1314/3116 3183/1311/3113
f 3184/1312/3114 3186/1314/3116 3187/1315/3117
f 3187/1315/3117 3186/1314/3116 3185/1313/3115
f 3187/1315/3117 3188/1316/3118 3184/1312/3114
f 3189/1317/3119 3188/1316/3118 3187/1315/3117
f 3190/1318/3120 3185/1313/3115 3182/1310/3112
f 3182/1310/3112 3189/1317/3119 3190/1318/3120
f 3185/1313/3115 3190/1318/3120 3187/1315/3117
f 3187/1315/3117 3190/1318/3120 3189/1317/3119
f 3191/1295/3121 3192/1296/3122 3193/1297/3123
f 3194/1298/3124 3192/1296/3122 3191/1295/3121
f 3193/1297/3123 3195/1299/3125 3191/1295/3121
f 3195/1299/3125 3193/1297/3123 3196/1300/3126
f 3191/1295/3121 3197/1301/3127 3194/1298/3124
f 3197/1301/3127 3191/1295/3121 3195/1299/3125
f 3196/1300/3126 3198/1302/3128 3195/1299/3125
f 3195/1299/3125 3198/1302/3128 3197/1301/3127
f 3198/1302/3128 3196/1300/3126 3199/1303/3129
f 3194/1298/3124 3197/1301/3127 3200/1304/3130
f 3200/1304/3130 3197/1301/3127 3198/1302/3128
f 3200/1304/3130 3201/1305/3131 3194/1298/3124
f 3199/1303/3129 3202/1306/3132 3198/1302/3128
f 3198/1302/3128 3202/1306/3132 3200/1304/3130
f 3202/1306/3132 3199/1303/3129 3201/1305/3131
f 3201/1305/3131 3200/1304/3130 3202/1306/3132
f 3203/1307/3133 3204/1308/3134 3205/1309/3135
f 3205/1309/3135 3204/1308/3134 3206/1310/3136
f 3205/1309/3135 3207/1311/3137 3203/1307/3133
f 3208/1312/3138 3203/1307/3133 3207/1311/3137
f 3206/1310/3136 3209/1313/3139 3205/1309/3135
f 3207/1311/3137 3205/1309/3135 3209/1313/3139
f 3207/1311/3137 3210/1314/3140 3208/1312/3138
f 3209/1313/3139 3210/1314/3140 3207/1311/3137
f 3208/1312/3138 3210/1314/3140 3211/1315/3141
f 3211/1315/3141 3210/1314/3140 3209/1313/3139
f 3211/1315/3141 3212/1316/3142 3208/1312/3138
f 3213/1317/3143 3212/1316/3142 3211/1315/3141
f 3214/1318/3144 3209/1313/3139 3206/1310/3136
f 3206/1310/3136 3213/1317/3143 3214/1318/3144
f 3209/1313/3139 3214/1318/3144 3211/1315/3141
f 3211/1315/3141 3214/1318/3144 3213/1317/3143
f 3215/1297/3145 3216/1296/3146 3217/1295/3147
f 3217/1295/3147 3216/1296/3146 3218/1298/3148
f 3217/1295/3147 3219/1299/3149 3215/1297/3145
f 3220/1300/3150 3215/1297/3145 3219/1299/3149
f 3218/1298/3148 3221/1301/3151 3217/1295/3147
f 3219/1299/3149 3217/1295/3147 3221/1301/3151
f 3219/1299/3149 3222/1302/3152 3220/1300/3150
f 3221/1301/3151 3222/1302/3152 3219/1299/3149
f 3223/1303/3153 3220/1300/3150 3222/1302/3152
f 3224/1304/3154 3221/1301/3151 3218/1298/3148
f 3222/1302/3152 3221/1301/3151 3224/1304/3154
f 3218/1298/3148 3225/1305/3155 3224/1304/3154
f 3222/1302/3152 3226/1306/3156 3223/1303/3153
f 3225/1305/3155 3223/1303/3153 3226/1306/3156
f 3224/1304/3154 3226/1306/3156 3222/1302/3152
f 3226/1306/3156 3224/1304/3154 3225/1305/3155
f 3227/1309/3157 3228/1308/3158 3229/1307/3159
f 3230/1310/3160 3228/1308/3158 3227/1309/3157
f 3229/1307/3159 3231/1311/3161 3227/1309/3157
f 3231/1311/3161 3229/1307/3159 3232/1312/3162
f 3227/1309/3157 3233/1313/3163 3230/1310/3160
f 3233/1313/3163 3227/1309/3157 3231/1311/3161
f 3232/1312/3162 3234/1314/3164 3231/1311/3161
f 3231/1311/3161 3234/1314/3164 3233/1313/3163
f 3235/1315/3165 3234/1314/3164 3232/1312/3162
f 3233/1313/3163 3234/1314/3164 3235/1315/3165
f 3232/1312/3162 3236/1316/3166 3235/1315/3165
f 3235/1315/3165 3236/1316/3166 3237/1317/3167
f 3230/1310/3160 3233/1313/3163 3238/1318/3168
f 3235/1315/3165 3238/1318/3168 3233/1313/3163
f 3238/1318/3168 3237/1317/3167 3230/1310/3160
f 3237/1317/3167 3238/1318/3168 3235/1315/3165
f 3239/1297/3169 3240/1296/3170 3241/1295/3171
f 3241/1295/3171 3240/1296/3170 3242/1298/3172
f 3241/1295/3171 3243/1299/3173 3239/1297/3169
f 3244/1300/3174 3239/1297/3169 3243/1299/3173
f 3242/1298/3172 3245/1301/3175 3241/1295/3171
f 3243/1299/3173 3241/1295/3171 3245/1301/3175
f 3243/1299/3173 3246/1302/3176 3244/1300/3174
f 3245/1301/3175 3246/1302/3176 3243/1299/3173
f 3247/1303/3177 3244/1300/3174 3246/1302/3176
f 3248/1304/3178 3245/1301/3175 3242/1298/3172
f 3246/1302/3176 3245/1301/3175 3248/1304/3178
f 3242/1298/3172 3249/1305/3179 3248/1304/3178
f 3246/1302/3176 3250/1306/3180 3247/1303/3177
f 3249/1305/3179 3247/1303/3177 3250/1306/3180
f 3248/1304/3178 3250/1306/3180 3246/1302/3176
f 3250/1306/3180 3248/1304/3178 3249/1305/3179
f 3251/1309/3181 3252/1308/3182 3253/1307/3183
f 3254/1310/3184 3252/1308/3182 3251/1309/3181
f 3253/1307/3183 3255/1311/3185 3251/1309/3181
f 3255/1311/3185 3253/1307/3183 3256/1312/3186
f 3251/1309/3181 3257/1313/3187 3254/1310/3184
f 3257/1313/3187 3251/1309/3181 3255/1311/3185
f 3256/1312/3186 3258/1314/3188 3255/1311/3185
f 3255/1311/3185 3258/1314/3188 3257/1313/3187
f 3259/1315/3189 3258/1314/3188 3256/1312/3186
f 3257/1313/3187 3258/1314/3188 3259/1315/3189
f 3256/1312/3186 3260/1316/3190 3259/1315/3189
f 3259/1315/3189 3260/1316/3190 3261/1317/3191
f 3254/1310/3184 3257/1313/3187 3262/1318/3192
f 3259/1315/3189 3262/1318/3192 3257/1313/3187
f 3262/1318/3192 3261/1317/3191 3254/1310/3184
f 3261/1317/3191 3262/1318/3192 3259/1315/3189
f 3263/1319/3193 3264/1320/3194 3265/1321/3195
f 3265/1321/3195 3264/1320/3194 3266/1322/3196
f 3265/1321/3195 3267/1323/3197 3263/1319/3193
f 3268/1324/3198 3263/1319/3193 3267/1323/3197
f 3267/1323/3197 3269/1325/3199 3268/1324/3198
f 3269/1325/3199 3267/1323/3197 3265/1321/3195
f 3270/1326/3200 3268/1324/3198 3269/1325/3199
f 3265/1321/3195 3271/1327/3201 3269/1325/3199
f 3269/1325/3199 3271/1327/3201 3270/1326/3200
f 3266/1322/3196 3272/1328/3202 3265/1321/3195
f 3271/1327/3201 3265/1321/3195 3272/1328/3202
f 3270/1326/3200 3271/1327/3201 3273/1329/3203
f 3272/1328/3202 3273/1329/3203 3271/1327/3201
f 3273/1329/3203 3274/1330/3204 3270/1326/3200
f 3275/1331/3205 3274/1330/3204 3273/1329/3203
f 3276/1332/3206 3272/1328/3202 3266/1322/3196
f 3273/1329/3203 3272/1328/3202 3276/1332/3206
f 3266/1322/3196 3277/1333/3207 3276/1332/3206
f 3273/1329/3203 3278/1334/3208 3275/1331/3205
f 3277/1333/3207 3275/1331/3205 3278/1334/3208
f 3276/1332/3206 3278/1334/3208 3273/1329/3203
f 3278/1334/3208 3276/1332/3206 3277/1333/3207
f 3279/1319/3209 3280/1320/3210 3281/1321/3211
f 3281/1321/3211 3280/1320/3210 3282/1322/3212
f 3281/1321/3211 3283/1323/3213 3279/1319/3209
f 3284/1324/3214 3279/1319/3209 3283/1323/3213
f 3283/1323/3213 3285/1325/3215 3284/1324/3214
f 3285/1325/3215 3283/1323/3213 3281/1321/3211
f 3286/1326/3216 3284/1324/3214 3285/1325/3215
f 3281/1321/3211 3287/1327/3217 3285/1325/3215
f 3285/1325/3215 3287/1327/3217 3286/1326/3216
f 3282/1322/3212 3288/1328/3218 3281/1321/3211
f 3287/1327/3217 3281/1321/3211 3288/1328/3218
f 3286/1326/3216 3287/1327/3217 3289/1329/3219
f 3288/1328/3218 3289/1329/3219 3287/1327/3217
f 3289/1329/3219 3290/1330/3220 3286/1326/3216
f 3291/1331/3221 3290/1330/3220 3289/1329/3219
f 3292/1332/3222 3288/1328/3218 3282/1322/3212
f 3289/1329/3219 3288/1328/3218 3292/1332/3222
f 3282/1322/3212 3293/1333/3223 3292/1332/3222
f 3289/1329/3219 3294/1334/3224 3291/1331/3221
f 3293/1333/3223 3291/1331/3221 3294/1334/3224
f 3292/1332/3222 3294/1334/3224 3289/1329/3219
f 3294/1334/3224 3292/1332/3222 3293/1333/3223
f 3295/1321/3225 3296/1320/3226 3297/1319/3227
f 3298/1322/3228 3296/1320/3226 3295/1321/3225
f 3297/1319/3227 3299/1323/3229 3295/1321/3225
f 3299/1323/3229 3297/1319/3227 3300/1324/3230
f 3300/1324/3230 3301/1325/3231 3299/1323/3229
f 3295/1321/3225 3299/1323/3229 3301/1325/3231
f 3301/1325/3231 3300/1324/3230 3302/1326/3232
f 3301/1325/3231 3303/1327/3233 3295/1321/3225
f 3302/1326/3232 3303/1327/3233 3301/1325/3231
f 3295/1321/3225 3304/1328/3234 3298/1322/3228
f 3304/1328/3234 3295/1321/3225 3303/1327/3233
f 3305/1329/3235 3303/1327/3233 3302/1326/3232
f 3303/1327/3233 3305/1329/3235 3304/1328/3234
f 3302/1326/3232 3306/1330/3236 3305/1329/3235
f 3305/1329/3235 3306/1330/3236 3307/1331/3237
f 3298/1322/3228 3304/1328/3234 3308/1332/3238
f 3308/1332/3238 3304/1328/3234 3305/1329/3235
f 3308/1332/3238 3309/1333/3239 3298/1322/3228
f 3307/1331/3237 3310/1334/3240 3305/1329/3235
f 3305/1329/3235 3310/1334/3240 3308/1332/3238
f 3310/1334/3240 3307/1331/3237 3309/1333/3239
f 3309/1333/3239 3308/1332/3238 3310/1334/3240
f 3311/1321/3241 3312/1320/3242 3313/1319/3243
f 3314/1322/3244 3312/1320/3242 3311/1321/3241
f 3313/1319/3243 3315/1323/3245 3311/1321/3241
f 3315/1323/3245 3313/1319/3243 3316/1324/3246
f 3316/1324/3246 3317/1325/3247 3315/1323/3245
f 3311/1321/3241 3315/1323/3245 3317/1325/3247
f 3317/1325/3247 3316/1324/3246 3318/1326/3248
f 3317/1325/3247 3319/1327/3249 3311/1321/3241
f 3318/1326/3248 3319/1327/3249 3317/1325/3247
f 3311/1321/3241 3320/1328/3250 3314/1322/3244
f 3320/1328/3250 3311/1321/3241 3319/1327/3249
f 3321/1329/3251 3319/1327/3249 3318/1326/3248
f 3319/1327/3249 3321/1329/3251 3320/1328/3250
f 3318/1326/3248 3322/1330/3252 3321/1329/3251
f 3321/1329/3251 3322/1330/3252 3323/1331/3253
f 3314/1322/3244 3320/1328/3250 3324/1332/3254
f 3324/1332/3254 3320/1328/3250 3321/1329/3251
f 3324/1332/3254 3325/1333/3255 3314/1322/3244
f 3323/1331/3253 3326/1334/3256 3321/1329/3251
f 3321/1329/3251 3326/1334/3256 3324/1332/3254
f 3326/1334/3256 3323/1331/3253 3325/1333/3255
f 3325/1333/3255 3324/1332/3254 3326/1334/3256
f 3327/1321/3257 3328/1320/3258 3329/1319/3259
f 3330/1322/3260 3328/1320/3258 3327/1321/3257
f 3329/1319/3259 3331/1323/3261 3327/1321/3257
f 3331/1323/3261 3329/1319/3259 3332/1324/3262
f 3332/1324/3262 3333/1325/3263 3331/1323/3261
f 3327/1321/3257 3331/1323/3261 3333/1325/3263
f 3333/1325/3263 3332/1324/3262 3334/1326/3264
f 3333/1325/3263 3335/1327/3265 3327/1321/3257
f 3334/1326/3264 3335/1327/3265 3333/1325/3263
f 3327/1321/3257 3336/1328/3266 3330/1322/3260
f 3336/1328/3266 3327/1321/3257 3335/1327/3265
f 3337/1329/3267 3335/1327/3265 3334/1326/3264
f 3335/1327/3265 3337/1329/3267 3336/1328/3266
f 3334/1326/3264 3338/1330/3268 3337/1329/3267
f 3337/1329/3267 3338/1330/3268 3339/1331/3269
f 3330/1322/3260 3336/1328/3266 3340/1332/3270
f 3340/1332/3270 3336/1328/3266 3337/1329/3267
f 3340/1332/3270 3341/1333/3271 3330/1322/3260
f 3339/1331/3269 3342/1334/3272 3337/1329/3267
f 3337/1329/3267 3342/1334/3272 3340/1332/3270
f 3342/1334/3272 3339/1331/3269 3341/1333/3271
f 3341/1333/3271 3340/1332/3270 3342/1334/3272
f 3343/1319/3273 3344/1320/3274 3345/1321/3275
f 3345/1321/3275 3344/1320/3274 3346/1322/3276
f 3345/1321/3275 3347/1323/3277 3343/1319/3273
f 3348/1324/3278 3343/1319/3273 3347/1323/3277
f 3347/1323/3277 3349/1325/3279 3348/1324/3278
f 3349/1325/3279 3347/1323/3277 3345/1321/3275
f 3350/1326/3280 3348/1324/3278 3349/1325/3279
f 3345/1321/3275 3351/1327/3281 3349/1325/3279
f 3349/1325/3279 3351/1327/3281 3350/1326/3280
f 3346/1322/3276 3352/1328/3282 3345/1321/3275
f 3351/1327/3281 3345/1321/3275 3352/1328/3282
f 3350/1326/3280 3351/1327/3281 3353/1329/3283
f 3352/1328/3282 3353/1329/3283 3351/1327/3281
f 3353/1329/3283 3354/1330/3284 3350/1326/3280
f 3355/1331/3285 3354/1330/3284 3353/1329/3283
f 3356/1332/3286 3352/1328/3282 3346/1322/3276
f 3353/1329/3283 3352/1328/3282 3356/1332/3286
f 3346/1322/3276 3357/1333/3287 3356/1332/3286
f 3353/1329/3283 3358/1334/3288 3355/1331/3285
f 3357/1333/3287 3355/1331/3285 3358/1334/3288
f 3356/1332/3286 3358/1334/3288 3353/1329/3283
f 3358/1334/3288 3356/1332/3286 3357/1333/3287
